Date,sma_20,sma_50,price_vs_sma20,ret_5d,ret_20d,vol_chg,bb_width,rsi,range_pct,vol_5d,vol_10d
2022-03-15,159.67925643920898,164.30318878173827,-4.7484769031164875,-1.4926674088447722,-8.16557685068332,-14.501513352542627,14.144720769744135,44.03726740473197,3.346445653463628,3.1969143058355343,2.4393109268273854
2022-03-16,159.03199462890626,163.86798522949218,-1.585758135558452,-2.0619786175860466,-7.639319046444593,10.04245715828549,13.055154584846825,46.38678114517053,3.471391323553437,3.0277801193797034,2.54893572200763
2022-03-17,158.4470069885254,163.49823455810548,-0.5848916519562379,1.3247577264774213,-6.913929599478019,-26.08479748817696,11.634121754161203,45.024729490883225,2.098116809634306,2.7378833915048415,2.5701365030792895
2022-03-18,158.20673446655275,163.28802185058595,1.6488768285287554,5.978135666183215,-2.9014772815425194,63.3419911816905,10.952085587729583,48.74998208654553,2.878400624272263,2.3448418254456618,2.6109604260290853
2022-03-21,158.11258697509766,163.16246948242187,2.5777821441311923,9.799489387724947,-1.1476409519985853,-22.427268024000966,10.667061360153781,52.41790579089386,2.019598196920118,1.1009305560292253,2.469828763144503
2022-03-22,158.333243560791,163.1010598754883,4.5655307354292285,8.852955268873131,2.7385434708587786,-14.90365447117984,11.34399746916297,52.502234291569366,2.671481051516892,0.9445856825344301,2.453877476806508
2022-03-23,158.8304588317871,163.06652221679687,5.096448204071037,6.654546220316027,6.334724547230164,20.2751067065692,12.25818290773779,54.3054889307433,2.931675751327921,0.7228948409038213,2.2558783399326234
2022-03-24,159.38602828979492,163.05108306884765,7.105199689503333,8.373818007665811,6.962052304211053,-8.087988603209983,13.919816597525573,61.59088931193008,2.257708111921504,0.7203524799801687,2.013316083192763
2022-03-25,159.87000579833983,163.0395767211914,7.179669929698196,6.5496077689417564,5.987279229584441,-10.634695566694852,15.377780829728257,67.60278045581686,1.448030426751794,0.8408305721320538,1.6613647699999268
2022-03-28,160.38389358520507,163.1107583618164,7.374332929989278,6.179697056536271,6.346903726240449,12.198837437396183,16.78393860007425,71.20503238990557,2.1241432789815726,0.897817520473908,1.013065178447597
2022-03-29,161.15668487548828,163.2306042480469,8.904140101591956,6.006393757354078,9.656844631000583,11.306058631056782,18.688142071882343,69.68281233860385,1.4919524300277125,0.8597199868674197,0.8975030057442289
2022-03-30,161.70636749267578,163.3911654663086,7.812234830593772,4.441557686527697,6.7303022498703235,-7.909580929998583,19.983783907952333,75.71461291705066,1.6369486370992763,1.2020019029387319,0.9609613420347253
2022-03-31,162.11728134155274,163.55967987060546,5.627397323425906,0.31019786197303834,5.041207681642379,11.244456631099876,20.61108837759016,77.01091545291075,2.078921522320469,1.3813068925486116,1.3225930813910913
2022-04-01,162.66353302001954,163.75600402832032,5.091806226067954,-0.23466820167502567,6.827249419932246,-23.579005388682894,21.058924593294687,85.9048241598976,1.686651645106008,1.3728226879785357,1.2787503461674858
2022-04-04,163.6020637512207,164.07446960449218,6.964618061262215,1.61730932996893,12.015061325940524,-2.898872780512829,21.62581008148965,85.75805937410202,2.2696721566610005,1.7571057382528523,1.394125980162223
2022-04-05,164.46606063842773,164.34211517333983,4.387229598993046,-2.1792593814926264,11.191551621649264,-4.010283986587925,21.262562174816203,74.53220355208987,2.216385774547845,1.7261125772747274,1.5386772551998082
2022-04-06,164.90149307250977,164.5824530029297,2.1906643382033244,-3.3413688699931443,5.449537424762485,21.33053957804849,21.13965083540597,66.61730930413961,2.036896911309603,1.8433411717232415,1.6772772353670609
2022-04-07,165.56934967041016,164.83063262939453,1.9620583194738461,-1.4145902098320895,8.591962253091246,-12.872506703436382,20.442101008892426,63.298639796291475,2.039034808458939,1.7533784300527686,1.498945985140082
2022-04-08,166.32252883911133,165.04781127929687,0.29158183287682815,-2.4209684445047452,9.926977103054702,-1.3134917719895833,18.786426965683624,57.51679818832842,1.516845132931513,1.7974568217123965,1.5252902226183984
2022-04-11,167.0644287109375,164.96222991943358,-2.7014665731593634,-7.111625793615395,10.045136968153102,-5.652983003702228,15.693504411290752,45.237333178852545,2.1297126873585954,1.0358194481024048,1.6562023052879333
2022-04-12,167.6808006286621,164.8269400024414,-1.9420460982032546,-4.2271295562308575,8.104988611355889,9.714630564440995,13.311434937370697,46.10682344557278,1.9265153626314864,1.5060548627955292,1.5433819600675678
2022-04-13,168.21086807250975,164.7487222290039,-0.6535768896604364,-0.832246064712383,6.7735863184027245,-10.908065582374105,11.720302634292247,44.198401485964794,2.5058621869821347,1.7204483217078643,1.7022366143775987
2022-04-14,168.43986129760742,164.54618255615233,-3.7637962148270594,-3.9793102656618506,2.9074764066503,6.670310639219812,10.669684678110682,36.935372475035976,3.769139838697543,2.1090534579862816,1.848792990024415
2022-04-18,168.493310546875,164.39692016601563,-3.9223853384618876,-2.951391048725671,0.6647281253712389,-8.370569790812088,10.452596569363342,35.139663136186826,1.835584082422419,2.1119561776854625,1.8496702178292717
2022-04-19,168.59236068725585,164.29904541015625,-2.623471699336241,0.9954699905885267,1.2214208850392705,-1.8835504803408676,10.14061447015043,33.197598106129476,2.3357250923958928,1.9218657563979196,1.701878358873135
2022-04-20,168.51439514160157,164.21215576171875,-2.677343731338446,-0.25645630011558174,-0.9418290105380756,0.3041766705353277,10.31575254115561,34.2120657436527,1.6623804642237834,1.8491234528020035,1.6466801072441404
2022-04-21,168.32855148315429,164.04720153808594,-3.0418213122772073,-2.3356761407101523,-2.2266702792275606,28.408739610597998,10.679960014849728,36.80300492045195,3.376995060102232,1.5956249999253989,1.5726193761526817
2022-04-22,167.72639846801758,163.76299438476562,-5.400899903974368,-2.1174965364176512,-7.054659501892169,-2.688821682995557,11.787736703850445,32.29630796498495,3.9371996919005134,1.5101225315517661,1.7404392877455999
2022-04-25,167.14582366943358,163.58176147460938,-4.4327611346823055,-1.326690955527221,-6.776551916243257,13.152314260671227,12.37633048834173,25.928202807571594,2.89169407777636,1.5892028804779434,1.7702557113529975
2022-04-26,166.223966217041,163.34953186035156,-7.489882285914562,-6.332119001710657,-10.706130561954074,-0.4406203668226971,14.01331500305627,23.92915678302522,3.584180489672832,1.8782490007787467,1.9579042270395617
2022-04-27,165.12607192993164,163.10808380126954,-7.0114038667068295,-6.3744501343495745,-12.511166554700448,-7.906031172351479,14.647821860005026,26.17108576348835,2.8166240001434537,1.871230269364493,1.8747630478209376
2022-04-28,164.43320693969727,162.92861541748047,-2.4029562888761618,-1.670471976536314,-7.94846823731169,47.867440656255965,13.916214182070147,39.04072160729503,3.41604229866142,3.244453313937017,2.4119963191259126
2022-04-29,163.60157165527343,162.63636627197266,-5.497509810066646,-2.5588732314180906,-9.713081032028615,1.1755779592187876,14.390250935741703,35.44004822146911,5.677131173324942,3.4312241053490222,2.4993753070248945
2022-05-02,162.7998489379883,162.42218170166015,-4.845372040130768,-3.020633040012133,-9.379833474960542,-6.597691343144008,14.556589209626928,39.93280925517523,3.1400299090027,3.3979350360240037,2.506099597817569
2022-05-03,161.87014541625976,162.26880004882813,-3.3779503965558857,1.7091742467451931,-10.62540638278968,-27.702016898093785,13.195666679474952,39.32117776052604,2.752695953885305,2.9188126489213686,2.473613062187417
2022-05-04,161.4268684387207,162.30214324951172,0.8605484049763825,6.035626335778899,-5.163943831316553,21.682318625550057,11.958006849475002,44.798114580549985,4.3488742530413,3.3201003372460702,2.866311468364489
2022-05-05,160.6884002685547,162.2374172973633,-4.321302835709283,-4.198217325760445,-8.764476201833638,20.570404548456665,11.984211935521676,40.787206837376765,5.823821288506744,3.84275921257333,3.3631681035424124
2022-05-06,159.9710693359375,162.13485656738283,-3.4379785926257727,-0.08813345675307005,-8.498279636622662,-11.032880215559738,11.5107452329236,41.91747748874853,3.3443602533378,3.5015111292719787,3.2789952892294107
2022-05-09,159.09792251586913,161.88837585449218,-6.130415561570877,-3.5936832354801718,-10.468915913579856,13.307516236869699,12.284223073869075,34.779516358463724,2.854134162548762,3.80042929869574,3.39909576277423
2022-05-10,158.55790023803712,161.68472412109375,-4.293136305908828,-2.9740356515887134,-6.6443329636707515,-12.320610072056171,12.808777559642984,37.97414322472808,2.465868198069378,3.8803872701545683,3.2727630081419252
2022-05-11,157.5308753967285,161.36139190673828,-8.663070020981172,-11.627945989578004,-12.492368255841956,23.683697288732365,14.847325243039256,33.34454703653125,6.580204361534764,3.2785931347072554,3.6495044065411655
2022-05-12,156.17601013183594,160.89476348876954,-10.348474585279689,-8.930652084935353,-16.215106934757316,27.97130558736505,16.907237976998594,33.734707318533495,5.190792664992082,2.7995258792054623,3.2154949415257117
2022-05-13,155.2951515197754,160.5239828491211,-6.962352321592849,-6.466147692417723,-10.868080389374624,-37.57412295593695,17.865501019265746,37.44369756934274,3.392023297165921,3.526346989349443,3.384172477218963
2022-05-16,154.34798355102538,160.1823825073242,-7.39043622462296,-4.2877788840703595,-11.701785224652482,-23.990599249589216,18.85114829906206,40.38272357850231,2.2949098191266257,3.339360130099515,3.3737499301922407
2022-05-17,153.4682601928711,159.98936676025392,-4.491703711184988,-3.4107714924073496,-10.717264282338379,-9.58810670815453,18.467044577719186,44.16237118998649,2.07049817940486,3.5298762693568797,3.497536204103729
2022-05-18,152.18338928222656,159.66743957519532,-9.119340825367598,-3.8771532920949814,-15.668900864154345,40.09201353650862,19.44369623585177,31.841728276169164,5.29754745480984,3.679921468298869,3.400919096385852
2022-05-19,150.76783828735353,159.16927947998047,-10.526489359802346,-3.6545568102943626,-17.346556695533167,24.013125222679555,20.880908706175344,33.18193950235853,3.684016988525086,3.6512369016884048,3.1249803834427334
2022-05-20,149.59110260009766,158.76272277832032,-9.66511545118236,-6.471355768687492,-14.832709586165006,0.9776216130426008,22.382650116952224,33.10390045452945,5.87978527016119,3.0495484463100984,3.1080526272285014
2022-05-23,148.63199005126953,158.5389324951172,-5.434625793192573,-1.6696376655261247,-12.008672492843054,-14.334831593125319,22.188926352252302,37.313796723198536,3.920061900933115,3.8766321291987103,3.4234584294326647
2022-05-24,147.83596649169922,158.34173797607423,-6.7523831335453295,-5.950134573067023,-10.3531627949622,-11.546782664536304,22.964264213588297,28.754621615198502,3.305784674744615,3.567156840821689,3.3571216810242483
2022-05-25,147.05907669067383,158.06001190185546,-6.152939877705737,-0.21304121128326026,-10.11915095664303,-11.187648068282108,23.51866621558669,34.213559247301816,2.4551642779292915,2.544701930184285,3.0064869134179544
2022-05-26,146.09559860229493,157.75405700683595,-3.3424768193237564,4.681420822140692,-12.007307927998934,-2.034110163306213,22.260355036507537,37.326303605370654,5.007648497267151,2.2802276391397305,2.9953124419485477
2022-05-27,145.71360778808594,157.54300659179688,0.8606849771092415,8.757888513339939,-4.9414248071106055,0.41610790108330686,21.645626563590344,47.755069098854094,2.953754468707291,2.5982032734866394,3.106813700741222
2022-05-31,145.27713012695312,157.2503399658203,0.6228834681492744,4.003887368365167,-5.635184036383533,14.003198557901042,20.884528624799444,44.57414613056637,2.5665193618701365,2.382151613216335,3.0869032140183355
2022-06-01,144.75973510742188,156.9276593017578,0.8943209921308944,5.948949611085141,-6.616209322595623,-28.376642910033322,19.688602960460237,52.490368195278336,2.730154417378709,1.9600288903241316,2.9818211013052145
2022-06-02,144.0444190979004,156.58661346435548,3.0999364778641634,7.607446777459059,-8.786801059500515,-2.6094881176416784,16.147229903427927,60.07455813214544,2.916476070564812,1.8707022662000703,2.250558178667557
2022-06-03,143.49638137817382,156.10378631591797,-0.4965755197222736,1.112810585558699,-7.129197828778722,22.422427126628076,14.914460958525872,48.04338207878201,2.4143585011331195,2.9269786347439957,2.4996887052373706
2022-06-06,142.9493293762207,155.56017700195312,0.406387917330706,-2.3389382410832216,-7.082895117277932,-19.162066742463335,13.116552570991352,50.691220649344324,2.511299742070713,2.075116560423261,2.495562275565688
2022-06-07,142.78481903076172,155.05430114746093,2.289832209105163,-0.08734694712607682,-2.2030979484431334,-5.293693713826009,12.621649157697783,49.373035913155654,3.2949994454054914,2.294832408714302,2.245755769182805
2022-06-08,142.4631675720215,154.5164337158203,2.003743675544731,-0.5043242568966488,-4.239206285683261,-20.43705628522804,11.334683465372477,60.317964224309996,1.6288106879995434,2.3065247843230816,2.1238655156959108
2022-06-09,142.27361373901368,153.80816345214845,-1.5328387221014292,-5.667586449519002,-2.6348170802643955,28.772460528413248,11.40247654869196,57.256509787858334,3.7997743915712903,2.4987290372946522,2.499097705172143
2022-06-10,142.00696334838867,153.0150018310547,-5.158758115175715,-5.67476500083356,-3.808905631655901,31.616455313575067,12.322802972045084,49.448708763013286,2.6981672985457057,2.50072201872251,2.6693393550516915
2022-06-13,141.25906219482422,152.18069519042967,-8.306815259266278,-9.757751079876586,-10.352794192738601,33.65037910975646,14.557010882215,36.45351807435744,2.8510724655925217,2.5359018660393837,2.3325686025124903
2022-06-14,140.63147201538087,151.36955810546874,-7.283064875003613,-10.725569583542017,-8.781108354262335,-30.62244337685781,16.110647003773256,40.39910723327887,1.815308648559229,2.148141828595091,2.4023356115694265
2022-06-15,139.95330200195312,150.52986206054686,-4.960069906827962,-8.468506212760063,-9.25356139236434,7.959846339475596,16.367531563598856,43.953428883703985,3.824848966936102,2.836185465295105,2.586250459006783
2022-06-16,139.42490921020507,149.65097900390626,-8.382646814968254,-8.819424120431485,-7.640964106913806,18.125594048048256,18.192858251266077,34.479641190034314,2.575739017684057,2.9013025776785613,2.576312342762803
2022-06-17,139.14057693481445,148.86491302490234,-7.136627452139822,-4.061841292068791,-4.2155376292272395,24.413103855854246,19.185808431792786,27.309242272628367,2.4855612140039494,2.8749104511544306,2.5466874191696647
2022-06-21,139.05611190795898,148.15742767333984,-4.03611357958985,3.025453357972019,-1.2501026132011317,-39.78566803672011,19.380916680187525,35.04034944551543,2.7526241030252945,2.752266475590029,2.8554412537214486
2022-06-22,138.67503967285157,147.4799368286133,-4.140677951517704,1.9508996059301786,-5.422416397642349,-9.37191745729965,19.795210575998798,34.72793791180493,2.844470388706226,2.78839078277936,2.7289915730345773
2022-06-23,138.57240524291993,146.94492858886719,-2.0000938943753725,2.097041393509236,-1.4890360897408694,-1.3287162916909567,19.89134276164304,35.34876520949837,2.140732887550556,2.809954210057827,2.8968524712912815
2022-06-24,138.62838821411134,146.43904693603517,0.3620408008561097,8.918975191601785,0.8112849742124117,23.032065140859647,19.88257098757859,45.54174306938583,1.5106588552353786,1.4044492799175197,2.841273193189494
2022-06-27,138.52428283691407,145.87942291259765,0.43746604688435914,7.677113747037656,-1.474451064050497,-21.21810926783727,19.82413288620586,44.5312627422183,1.7789102127031702,1.603658769042033,2.505338034895839
2022-06-28,137.92517623901367,145.33713256835938,-2.13127534599308,1.1555152141769387,-8.152899214446329,-4.4503538775550915,19.163101511362253,36.77539607214856,4.438293609116542,2.2008421610016344,2.3578213809405937
2022-06-29,137.45325927734376,144.83431945800783,-0.5162199579384801,2.8666671105043395,-6.45656566584406,-1.253663350396672,18.384786702834578,40.00004982979565,2.872944137574814,2.2088412780433706,2.3731589181313533
2022-06-30,136.8644660949707,144.23650146484374,-1.889444360230509,-1.121008539139401,-8.062658525266563,49.39751579049067,17.580422125004848,42.75219690341234,3.364533940649192,2.2147483816530142,2.4099525600924556
2022-07-01,136.26143112182618,143.6854278564453,0.1376574453847066,-1.9271681354396053,-8.12115241640271,-28.204962385501876,15.718988601613153,52.39741405319144,2.432872527324788,1.983650488599769,1.9633783914059446
2022-07-05,136.07384338378907,143.20190307617187,2.1739779361473275,-0.07059629688040969,-2.627577082718857,3.2401803759521286,15.218138073647527,63.860200965005745,3.306024311446609,2.2370207546122853,1.9968725084900907
2022-07-06,135.91571807861328,142.8359048461914,3.275584354421015,3.987196172190388,-2.2033724063799554,0.9685933107759892,14.661621769547676,64.35023837517791,2.1270594214108685,1.492811799368921,1.7959808495704312
2022-07-07,135.7998260498047,142.51590209960938,5.844400108254389,5.113810147367093,-1.5869712524830715,-10.545701505313632,14.007113131785982,65.0995136777332,2.234372487930077,1.6578374272027434,1.8548841969618957
2022-07-08,135.7546485900879,142.32870666503905,6.37883607503589,7.548287940727771,-0.6217747697942255,-2.574799596098032,13.741359386905819,76.96944930978034,1.7342241350593874,0.7618419476828244,1.7933991857918627
2022-07-11,135.86415634155273,142.10339721679688,4.724415590449653,4.275544987085,1.5633602911888422,-2.1785405544418213,14.116249287230703,70.69975572216597,1.974184238798436,1.5045934965693752,1.7804723678270582
2022-07-12,136.29286193847656,141.7588638305664,5.108424244317314,3.037587779540485,6.366229288848935,22.88063653756003,14.84861095487263,67.32565489717209,2.3309981367455723,1.38762881265785,1.7834072073310772
2022-07-13,136.96120834350586,141.52454986572266,4.330169607976747,1.7982113764752672,10.319965280272969,-8.25273750850638,14.605150573491702,67.6776699723351,2.976150709718776,1.4164278555805603,1.3903997256056015
2022-07-14,137.73268203735353,141.34269134521483,5.870779827865967,1.44859041205887,11.833399530449086,9.77037490728463,14.876056104512564,67.74514928781983,3.8391573391105824,1.2935156324330306,1.4521210566097607
2022-07-15,138.4565216064453,141.1644125366211,6.523195914747275,2.1286662658635214,10.883862796133958,-2.4069403012770607,15.697196822255224,65.73000150479064,1.7713282909658057,1.3503468588595149,1.1696914923788861
2022-07-18,139.2918342590332,140.79696533203125,3.6985874435162303,1.5186084632621721,13.07859056771754,6.767645905646358,14.250880040261189,58.971730975348336,3.311355227745736,1.566317794496504,1.4754520518553504
2022-07-19,140.24647598266603,140.68814331054688,5.744879333156855,3.5239100939480794,14.776519647971377,1.9178122570494782,13.556755038191385,72.7058316696766,2.8609218976355577,1.9010500552394107,1.569989316193706
2022-07-20,141.0896453857422,140.60485809326173,6.533003851964391,5.189362320347968,12.637085504626855,-21.882953493752886,14.100373935797467,72.93240298669957,2.188974288081857,1.8319924681262882,1.5831267658529482
2022-07-21,142.07178802490233,140.66948303222657,7.393457761873895,4.633934300590226,14.776511284457783,0.40602621892711355,14.673709858584125,81.14331869404758,2.336662208042456,1.7720156001643903,1.499578524484168
2022-07-22,142.84866027832032,140.66123260498046,5.9430811600650895,2.610349444649862,11.441347897934829,2.4410554553471853,15.073425029275288,76.17386098267151,1.862544737099045,1.920373303817183,1.5659960070519034
2022-07-25,143.40308074951173,140.78792907714845,4.752762757752139,3.998115412000103,7.969803166074474,-19.57468571617118,15.476373450164443,70.73169352270844,1.8045077227232027,1.5230280981622975,1.478700348255702
2022-07-26,143.89120559692384,140.9655010986328,3.4759392497861583,0.39736744198297647,7.016802510889941,2.8248598106441314,15.517394056797349,65.8047853170315,1.5105496002217564,1.2299731514235976,1.544923473839347
2022-07-27,144.84142837524413,141.15564331054688,6.316313126500371,2.450337149645465,14.078875097115585,42.5871484093749,15.475611739260453,67.86440241794456,3.29740314454274,1.9192023911603544,1.7907745392822347
2022-07-28,145.73124771118165,141.38762512207032,6.044576757582823,1.2874119630274627,13.014410874801307,3.507981994563769,15.543384367042432,67.72078446787364,2.0527458546230744,1.8350055699406962,1.735125156347865
2022-07-29,146.99771957397462,141.64828521728515,8.578504399667592,5.4643502967552715,18.863361959983305,25.078060966813176,15.775840325558507,77.49371141979046,2.54138515932248,2.122180394826745,1.9304275519627598
2022-08-01,148.10655822753907,142.0546954345703,7.102467369839377,5.596566772970557,16.252792060048836,-33.36136575531822,15.649709708029889,74.38447017836386,1.6717212804610102,2.0959613494441593,1.7352676605941417
2022-08-02,149.0125846862793,142.4998016357422,5.462628019964286,5.54748967419727,13.033345936308693,-11.679891020707833,15.346733936558316,71.85434474450093,1.7373907097897712,2.1069954988906634,1.7126602124047272
2022-08-03,150.15236129760743,143.0604083251953,8.665147115710198,5.957019163798116,16.239864135140447,37.72597526165558,16.405323982478702,74.28494150191447,3.51531702055275,2.221978536911416,1.9902610634153808
2022-08-04,151.10798416137695,143.50629974365233,7.769929835040054,5.376523298570413,13.296870163173423,-32.764778959488524,17.414836761161723,72.35557470319918,1.6645617310558536,2.285780529291811,1.9995662878349147
2022-08-05,152.01841430664064,144.00168579101563,6.975736284903607,1.8889366366270144,12.608594586198919,2.2044521677683893,18.044457388642346,78.82210976694857,1.7236201985571271,1.9472060134830456,1.9549904651481664
2022-08-08,153.01180114746094,144.48448699951172,5.972663105719472,2.2221497563559733,13.96354074225803,6.314090692629248,17.808007723283325,74.59614491243686,2.189604365418722,1.9103364073882239,1.9221135608797406
2022-08-09,153.95903091430665,144.9042367553711,5.352621353020776,3.211711022422037,13.224361013159026,4.742446940701983,17.40786612014077,72.70077899412885,1.558335770526751,1.7804174647135946,1.8546728348072286
2022-08-10,155.13686904907226,145.29385437011717,7.291467642405633,2.0135285763142496,16.485727414237573,11.142701016068624,17.33394961265516,74.61923105876593,1.4417409372542296,1.243042325528278,1.7461693457744232
2022-08-11,156.13148727416993,145.68443420410156,6.135560447036917,1.757493813522082,13.641850693966283,-18.556658424836648,17.27558096340599,75.967209517356,1.6618214496238504,1.2777447403274866,1.7863192601187605
2022-08-12,157.22014541625975,146.14857666015624,7.658897122397604,4.0822417777128805,14.762636157981435,19.0557348134357,17.875499896153435,81.6265637306729,1.609531768868642,1.4524755004853807,1.6347025778188402
2022-08-15,158.51463623046874,146.5850521850586,7.455995790387747,5.046417483798127,17.923815741380444,-20.499445909281977,17.493621139839274,85.91194081271091,1.1778932140283285,1.3309127318484402,1.5781978046975738
2022-08-16,159.6082679748535,147.13289794921874,6.621106690652005,4.91752956815994,14.748566139491093,4.225047465692522,17.447812620367355,82.48659826144905,1.1847674196499447,1.35411673732261,1.5010605432547246
2022-08-17,160.6764694213867,147.69571411132813,6.842692587399825,3.1375703278315292,14.213591929442938,41.08920111179894,17.668963036158665,83.12663169970588,2.050980526883224,1.0028522500007522,1.0709534559942975
2022-08-18,161.61156158447267,148.20018005371094,5.981061779578326,3.3592331813203646,12.257410786934319,-21.68904478137337,17.83337447375969,77.5458162279599,1.022106713569525,0.9490667115847129,1.0736930126670028
2022-08-19,162.47919998168945,148.66764556884766,3.8231601694697503,-0.33701382528360524,11.46621254765905,12.933355380710587,17.092703229987606,72.08568067022063,1.4167489937268327,0.9346249779239995,1.2405298567082215
2022-08-22,163.2085754394531,149.1619137573242,0.9788840300592891,-3.244977257406745,9.71084840095191,-1.8757205425160905,15.504222630063605,65.18663759250434,1.6232029013643263,1.2546288515137265,1.4970115199127743
2022-08-23,163.98752517700194,149.75772583007813,0.29529445164182844,-3.3520161690559713,10.46323073443427,-21.55640997409701,13.062380971076044,53.35127390849994,1.231844088986949,1.2432429938488594,1.5012862874985045
2022-08-24,164.52636337280273,150.46256378173828,0.14615716691453587,-4.021781881644904,6.998350061777314,-0.5643884898729579,11.696091503073767,54.916844463117314,1.110249283056414,1.04927064408595,1.2287597148570397
2022-08-25,165.16063995361327,151.1992922973633,1.2502836644643789,-2.3657683860776046,8.20857037152376,-4.872263959956536,10.233702553122024,60.58815063901184,1.052751455027798,1.4819937641862662,1.317032026445845
2022-08-26,165.226309967041,151.7574884033203,-2.605507733184868,-4.6058844344486705,0.82289163595064,54.16590196453603,10.032531434546993,47.77030366733253,4.577683484099603,2.096222323684018,1.5953442050051376
2022-08-29,165.23093643188477,152.37710632324217,-3.941531215283263,-3.6939694589416483,0.05833181587886482,-7.1516318182393785,10.013580441334199,44.14303272250099,1.9085304740833189,1.9807057178602643,1.563695490368402
2022-08-30,165.1877586364746,152.91867431640625,-5.387037591348384,-4.975163334175104,-0.5495015511956747,6.263742259322913,10.239563011699726,31.794226489984368,3.045746791487034,1.9806957986779958,1.5684840395117565
2022-08-31,164.76093826293945,153.3423388671875,-6.150767007475987,-6.154123124136257,-5.23181885387628,12.944926077770447,11.729855109030677,30.774487411238184,2.188018327628188,1.870681651631058,1.4481674145813548
2022-09-01,164.38622512817383,153.79077392578125,-5.494085231645766,-7.09873935356079,-4.601971240022229,-15.639308975566845,12.797464147510858,23.26038814647559,2.374018638016934,1.5193388062476745,1.5069248976187415
2022-09-02,163.91709060668944,154.13955993652343,-6.513636255801843,-4.773263013766171,-5.76960265814721,3.674934224618376,14.187911256176214,18.400217091069933,3.4593411681567328,0.823220820799755,1.501613286132569
2022-09-06,163.40862121582032,154.3965802001953,-6.993100122984584,-4.244636221763565,-6.271566535145833,-4.2139978013924555,15.648163494851563,17.68020282829903,2.200216089654099,0.792848628798842,1.4239085865813266
2022-09-07,162.96801147460937,154.68172821044922,-5.878657617658334,-1.8564014965792741,-5.432923318128779,18.632350627011117,16.62338409117241,17.420338592251497,1.9620398992465973,1.006465103209976,1.517869502906228
2022-09-08,162.2412010192871,155.02026428222655,-6.36631534013236,-1.7554918885409942,-8.73315067860233,-2.888292227751754,17.62570371526369,16.773623317108317,2.3824988829551392,0.989832483237813,1.4882889153582304
2022-09-09,161.6943702697754,155.38087860107422,-4.279651911028159,-0.37352698459905964,-6.599811160881752,-19.89430524776329,18.025636318448296,26.345743665501985,1.950821261659588,1.39962261847055,1.5587753671984481
2022-09-12,161.268017578125,155.90999725341797,-0.33087577423671566,4.8905553212792,-5.037799565841383,54.28171597911473,17.527813472195668,43.535201617943905,3.0349334133043406,2.0048220912592645,1.7718790267531614
2022-09-13,160.31647567749025,156.2070700073242,-5.622524333280511,-0.44653515585859616,-11.172693659172396,16.86478143221921,17.622716163980883,33.777571767232146,4.660685348169993,3.6941157964236,2.5562856679865242
2022-09-14,159.4450897216797,156.481396484375,-4.200008394745674,-0.4167854192251297,-10.240990916876246,-28.283190631405077,17.196077342673703,35.603181757863084,2.247122238120808,3.6960978560390445,2.5601446572620676
2022-09-15,158.35437927246093,156.67117858886718,-5.366142705807714,-1.3531199915787218,-12.706980539320668,2.8598744506362683,16.506946572273012,29.4075718866833,2.5333075632002577,3.777485811869536,2.6043253487353493
2022-09-16,157.2012176513672,156.76073669433595,-5.716750341839848,-4.238425064200035,-13.46540693810484,79.35104679319768,15.670172166718555,33.06234771041895,1.9774459500165824,3.5943419497633466,2.601143079355874
2022-09-19,156.36326904296874,156.91109375,-2.8339143834715372,-5.476333483989915,-9.934713879342972,-49.79368839306182,14.403095005637075,41.30537036479506,3.534432681308515,3.18608993026378,2.733112495226684
2022-09-20,155.83856811523438,157.15167846679688,-0.9794677712105321,1.9890840549952271,-6.367490224511485,32.176566324063316,13.552878846769268,47.46403293830801,3.1867432724686866,1.8445810002696186,2.7625415758626626
2022-09-21,155.17421035766603,157.3102651977539,-2.571042094948056,-1.0237532163670293,-8.078684294072215,-5.56505815778282,12.793690378985973,45.74417028752017,3.34374144472501,2.0893230334864348,2.8317618960176056
2022-09-22,154.4469078063965,157.45684356689452,-2.7362984778877886,0.2428464907765715,-8.828264151324316,-14.793287497738373,11.733113749223351,43.689510494756846,2.330756468876169,1.9000890586643415,2.8227415153068294
2022-09-23,153.48307037353516,157.49944763183595,-3.605741377348578,-0.17916523393504136,-11.527389801792054,10.821845878653246,9.459326864330029,43.521179179467936,1.934457092197852,1.9713660684781351,2.764489530511056
2022-09-26,152.85116653442384,157.51534637451172,-2.9884741717217476,-2.4016121289301418,-7.853574862461521,-2.8017315440295176,8.783233496751294,45.367090524055655,2.739274899368625,1.4291576098883856,2.349469265000601
2022-09-27,152.3780975341797,157.61161163330078,-2.0483062162166763,-3.2759903265133006,-5.961114476459429,-9.531559020092262,8.258469555390006,44.7682708448402,3.143123645965918,1.1306716212313184,1.54812627491296
2022-09-28,151.93207778930665,157.5929150390625,-3.003605802504792,-2.524052448341174,-5.707626942410283,73.71708862933089,8.409920638300452,44.30474648767103,3.870797646496702,0.9346034909360988,1.535082056152033
2022-09-29,151.20723419189454,157.38937438964842,-7.325859353411701,-6.71729608591034,-9.375389482956098,-12.647776215919947,10.777937837131397,33.45920434811683,4.239197589865186,2.1926357198894686,2.074803889113242
2022-09-30,150.23552780151368,157.05626983642577,-9.52833860809305,-8.130031661585003,-12.509519879827046,-2.5073709479296546,13.834517032091927,20.81889411109421,3.690308405307433,2.316297546592996,2.204146882789385
2022-10-03,149.57854614257812,156.83151428222655,-6.336504801148438,-5.5183269703272035,-8.574538136734533,-8.49595718401317,15.003111578366745,34.969654484511125,3.776767285412646,3.110510059738075,2.30483724135564
2022-10-04,149.16399612426758,156.70094635009767,-3.669587774592093,-3.7295656727223903,-5.455276907819339,-23.166132600599944,15.36172935475893,38.50763478334267,1.3415514250413378,3.4735668764050565,2.435445663998662
2022-10-05,148.6938804626465,156.6027981567383,-3.1665819916107827,-2.295787170591357,-6.12977080631868,-9.517352251676813,15.466527965105497,42.025186544738,2.9849798894571613,3.4769255541821655,2.4007195359876237
2022-10-06,148.24982681274415,156.38362365722656,-3.5200616231419226,2.070460692803233,-5.846179869044288,-13.928099558329453,15.730677433331255,42.82605445033078,1.5952638260814656,2.478919757232279,2.4009379024560764
2022-10-07,147.40007781982422,156.04841064453126,-6.526891815812021,1.3676046912718398,-10.980484055675788,25.618181871343324,16.453250448990097,31.209271022463213,2.60547451687399,2.717133927082656,2.5950719822769286
2022-10-10,146.2685546875,155.61833129882814,-5.581921948337216,-1.4250743822499468,-14.079412820960457,-12.832729710354073,15.128261507555715,27.237540693857056,2.364329944966442,2.2488972408365098,2.595442880482269
2022-10-11,145.5378074645996,155.17956970214843,-6.080969099726532,-4.873393935809145,-9.659411220712055,2.8501048078078517,15.916696731668372,28.612855473174847,2.252126190123551,1.59933172502292,2.553501943732133
2022-10-12,144.70330276489258,154.75768371582032,-5.974303298881757,-5.50547491184239,-10.926527478398217,-8.567678821087398,16.306441002080593,28.898007327186576,1.5902826416655094,1.5002126234431827,2.551512949887932
2022-10-13,144.2420394897461,154.30704986572266,-2.5030481443849557,-1.677778960756382,-6.1560516276366055,60.75259428370225,16.1815190358346,39.79704948573019,6.448003962867121,2.5304434240862648,2.394195922662255
2022-10-14,143.63620071411134,153.7720233154297,-5.248370317107522,-1.2206416890922056,-8.175166625829522,-21.749805694905678,16.78368929861852,34.79011935606992,4.574361618512208,2.3855655436338075,2.4262969090487503
2022-10-17,143.04265594482422,153.32079040527344,-2.0843317259312513,1.4172036645235364,-7.813291526982969,-3.777850515812997,16.064582035245817,39.31919678065729,1.8467730892441296,2.781563942647792,2.4040833968480264
2022-10-18,142.3959991455078,152.90535766601562,-0.7141742552521152,3.432163443371339,-8.381150485172405,16.288039187856086,14.330074467272901,42.94970856529927,4.236519191576094,2.682295537684839,2.2644341068388782
2022-10-19,141.91113052368163,152.4911050415039,-0.29869881930589526,3.9901685777588902,-6.414258730414257,-37.70383491061828,13.146785107905867,51.91986752508294,2.3981627510113626,2.6342328451269155,2.262623738957408
2022-10-20,141.45134201049805,151.98263275146485,-0.3013989469205418,0.2797503415638447,-6.121503495881964,4.47502602889005,11.977182860390352,58.07663001016931,2.259575637740029,2.227365953627799,2.2566837023581767
2022-10-21,141.29594879150392,151.56523223876954,2.5089570202015556,6.424330622543595,-2.1006341083523616,34.138123430767806,11.428202454164033,57.5881935705744,3.530937771557892,1.4866588650192067,2.030682188405706
2022-10-24,141.23103790283204,151.11970336914064,4.074170458944324,4.943453292383548,-0.8754986035550361,-12.208978539225356,11.123870205254997,55.529882633027675,2.830375251867014,1.1993875586567997,2.0493992037012863
2022-10-25,141.25956039428712,150.7095812988281,6.065300572318162,5.975661969666346,0.38219320114230015,-1.6446022013137385,11.299791632717488,59.03284895407677,2.0546179322928078,1.2722306148923703,1.994452385781105
2022-10-26,141.2354637145996,150.24379333496094,4.001289497679584,3.81621671288932,-0.32702588778924513,18.013629983287018,11.195364301764338,55.61609319160532,2.64480217315389,1.8892386010451434,2.161255132162177
2022-10-27,141.34955062866212,149.6586068725586,0.7514650953442785,0.9833248847814113,1.6283010074524373,23.795075191934178,11.184468236506099,56.90414840656704,3.397788719097393,2.556336044438263,2.2617000053144007
2022-10-28,142.21208648681642,149.29647979736328,7.706242802516765,5.751335292816284,12.691762657685368,50.908681244401464,12.778995404254301,67.12885851323105,6.21548242863401,4.154562403442914,2.9419258034592457
2022-10-31,142.7476058959961,148.93887664794923,5.64862480302337,2.6028850768482936,7.6447897137173815,-40.55488388127388,13.726735926528951,65.71811102193695,1.5129825092120923,4.318630891071275,2.9950342392415057
2022-11-01,142.97135314941406,148.60605743408203,3.6328146603717317,-1.1093699444765126,3.1142988123357584,-17.93274060884268,14.11194839511718,62.895453409252326,4.195149234305538,4.346126897985123,3.098579866014056
2022-11-02,142.9039794921875,148.1693798828125,-0.18619902425056187,-2.8925761920358894,-0.93584033869476,16.453614301194452,14.103876387551015,52.09440321176338,4.943803509132227,4.595241748832664,3.3792035254405794
2022-11-03,142.58188171386718,147.60583099365235,-4.202845169041022,-4.088396819233409,-4.503876910104465,4.608641028325522,14.678888279972158,50.49760377540865,2.916188730822137,4.787429405298552,3.653647369580212
2022-11-04,142.50907974243165,146.9877865600586,-4.340554986546066,-10.999384951576141,-1.0567901059558849,43.808166996022216,14.910533533393464,45.91175864857837,5.990745045249294,1.6671441766257302,3.5040986706071675
2022-11-07,142.44665145874023,146.50646789550783,-3.925160012838251,-9.253635994059618,-0.9040766758139474,-40.79130886810193,15.089690516195759,44.96565337383516,2.505035828827845,2.0617227997721055,3.4504658256721807
2022-11-08,142.48360290527344,146.0806362915039,-3.5490930235063627,-7.247658302538262,0.5406696721856008,7.8367992170277345,14.975483495209804,45.52718114420526,2.824363571768602,2.3148867780738636,3.355883133206716
2022-11-09,142.32396545410157,145.6121664428711,-6.645701497384565,-6.851162670785371,-2.346603839350725,-16.673284505914342,15.679644791587844,41.756441977877984,2.9361658317154564,2.2198567258297404,3.434109182543531
2022-11-10,142.52674713134766,145.41337341308594,1.515840537957547,5.928600745214063,2.8838708949406877,58.645875879964436,15.682448263047716,49.86626985517123,5.018040009674525,4.5518827288725685,4.5260046510803775
2022-11-11,143.09562225341796,145.25578216552734,3.060555669161725,8.18036308118677,8.359808706854066,-20.92845003113063,15.310043692815196,50.42149642252944,3.767534739228105,4.483270422173611,3.8096053125762013
2022-11-14,143.3963752746582,145.11250427246094,1.8688461478646956,6.73765226829659,4.294595224407227,-21.925586057414527,15.249319577408379,46.69188620955168,1.922043516980071,4.61626868458954,3.7929871589614748
2022-11-15,143.7179298400879,145.02908111572265,2.847386580199658,7.555595477792565,4.548829264781062,22.479594298260565,15.392940176326489,50.83207985590739,3.352438685933864,4.588280238492068,3.7778651410170823
2022-11-16,143.972501373291,144.89290100097656,1.8101879999695019,10.321062039102946,3.598508623556862,-28.54176611775231,15.390974812284824,53.98781069070417,1.733988808033057,4.029633713774463,3.561595373997877
2022-11-17,144.34525146484376,144.8242529296875,2.864492928949185,2.6213687045082867,5.286297711100629,25.181451393138722,15.467306767993716,44.59375435210442,3.536359997270585,1.3243478095549999,3.1826448495815853
2022-11-18,144.5552780151367,144.70959533691405,3.103488485713854,1.0621389847480511,2.9000979741474753,-6.916085951630436,15.71548235847513,47.87280412098798,1.8044787155062207,1.0717865736306305,3.166221274020766
2022-11-21,144.49654159545898,144.4111129760742,0.9091990191669114,-0.18204890041545463,-0.7992163450523448,-21.52290002886559,15.665361834915787,47.208094829947285,1.7904155089756275,1.468422126159409,3.3153579907294892
2022-11-22,144.40257415771484,144.34402069091797,2.4552570668622447,0.09329108376945339,-1.2543426899058963,-11.783918357199175,15.459179236320875,56.84565435056722,2.323881784105887,1.5301546325529645,3.3225832255280285
2022-11-23,144.49947814941407,144.2655487060547,2.993301589164789,1.5323572949913489,1.3194385794765617,12.542057481936752,15.620124956991708,68.20041591404625,1.648246092833077,1.4608224825560148,2.9998809349590987
2022-11-25,144.6743309020996,144.18658752441405,0.8532732157643068,-1.7316895058631432,2.4555945851194583,-39.63112378090406,15.56272369469553,63.21652292061238,1.1883125773898593,1.6287575023542384,1.4716959978862505
2022-11-28,144.1195960998535,144.06383117675782,-1.4175705691988383,-4.673150561459094,-7.243325867876759,96.74450717271046,14.664086405654386,56.598571974586655,2.260431617835796,1.8391118189243671,1.5441672772188506
2022-11-29,143.53264923095702,143.80662872314454,-3.107797469375526,-4.621317847628836,-7.783879503926827,20.965543136065623,14.355993542149431,51.958757118186696,3.159305456489868,1.8303579348767567,1.6348168249526285
2022-11-30,143.41588592529297,143.63698455810547,1.6832761396050082,-1.4316224903624386,-1.5761228165517838,32.97020908793535,14.131272894716165,64.66786568714818,5.519150331904179,3.116990117353267,2.31950432365638
2022-12-01,143.58928146362305,143.5354083251953,1.7525841442237868,-1.8269664642445504,2.431268912635831,-36.02996564042847,14.201174391588003,52.172571864437195,1.6991465942579682,3.0948762886467556,2.3066247621310363
2022-12-02,144.04047317504882,143.4432571411133,1.0918785568578442,-0.20257723080450152,6.606541323363779,-8.144515679911969,13.436311513239858,46.93279615435081,1.589883054144596,2.963670488812592,2.261281115074247
2022-12-05,144.44684219360352,143.37329528808593,0.002722768335487736,1.6710535303333662,5.961838306979228,5.162924730394169,12.418511094171487,47.30130822938094,3.5122374173009554,2.6564047566803706,2.2600788074259763
2022-12-06,144.64337692260742,143.22335205078124,-2.6667587334734844,1.2325576113543013,2.872151772419418,-5.955854148989337,11.648491978192926,39.04083237945411,3.7646104156100777,2.759429469970914,2.2968634702719863
2022-12-07,144.71430740356445,143.0151202392578,-4.055556492514015,-4.789574006292485,1.0322661734469163,7.715303612700697,11.317680292840922,38.19544599101869,2.391084900533132,1.0483187814785278,2.225206953168678
2022-12-08,145.09752655029297,142.87834594726561,-3.1479544645154283,-3.816331581932053,5.768525804722291,-10.8902469983979,8.779932550765384,37.78374893023364,1.696458655793171,1.3796783440555842,2.270701512124368
2022-12-09,144.86552658081055,142.87669036865233,-3.3260505396874493,-3.822451185739195,-3.206917112887675,22.483634672122044,9.33109891767699,36.14561871359544,3.2850403119250178,1.3791866555453984,2.216021354282621
2022-12-12,144.6088981628418,143.0051303100586,-1.5672086008480186,-1.459459162544685,-3.4802938582800036,-7.404102658449085,9.309628045852326,44.4999092438195,2.3807891969171533,1.7476477366794017,2.1465790819155544
2022-12-13,144.47048721313476,143.0692807006836,-0.8046441315063599,1.791318256636787,-1.8950509189562759,33.24241052358199,9.30025949390483,42.35632542173835,3.9389535158150335,1.2229533460318747,2.012708605839288
2022-12-14,144.13406219482422,143.01710754394531,-2.1177698226626824,1.6106393323140678,-4.552123825151222,-12.350057835975893,9.279854880743548,37.787453485926285,3.840513750543259,1.2861018560761286,1.3008957301448385
2022-12-15,143.5286949157715,142.82682678222656,-6.310491561102236,-4.311248197430362,-8.259963898240507,20.221724801679898,10.934885608943558,33.84352685769072,4.22710935711424,2.4491197829340328,1.8745394793199859
2022-12-16,142.73023986816406,142.61641815185547,-7.159891164916197,-5.381267545094948,-10.75505103082115,61.88600441313672,12.477493330345645,35.73313901118733,2.91428022379861,2.4418499256000796,1.876609492755683
2022-12-19,141.79829864501954,142.46888366699218,-8.036477724327263,-8.388119370582581,-12.505792116905855,-50.303358768807335,14.050990274902638,36.71491552357983,2.9311700288184293,1.9143228267979089,1.8874960767062028
2022-12-20,141.02447204589845,142.3134799194336,-7.580741937091514,-9.053396812592728,-10.614155304660278,-2.7135688493653887,15.600305911288123,20.12908895925851,2.539682942438831,1.7012161659847516,1.8254236431483495
2022-12-21,140.2989158630371,142.24846405029297,-4.890993571546478,-5.41865682247511,-9.80825753342488,10.971061359010648,15.668795250315561,27.97932105985403,2.9974142857641746,2.570799395475573,2.0550213115711355
2022-12-22,139.37091598510742,142.13259399414062,-6.533737798981601,-3.128208078488426,-12.471039529779471,-9.398449865003256,15.920442998427745,25.595142490157983,3.221655179974212,1.8748213753930305,2.05990329382996
2022-12-23,138.57049026489258,141.91796783447265,-6.25689238368283,-1.9701217205660648,-10.97158951333672,-18.03059904614005,16.47323121993703,26.261541487118592,2.10829574277935,1.81624797838743,2.0613502837461426
2022-12-27,137.87153396606445,141.75796447753908,-7.089252248356774,-1.7677829065797734,-9.839147377569123,8.13744125588225,17.69019102097694,27.960158919053583,2.0687552616008595,1.7844965181140822,1.889950778857279
2022-12-28,137.12627639770508,141.4400769042969,-9.450765320044649,-4.731679972988512,-10.717583152215227,23.80977222864662,19.870765350366955,26.152271770587348,4.093935254866503,2.1366367371333332,1.8844680365118733
2022-12-29,136.21896362304688,141.1661703491211,-6.2658293498353235,-4.311542665737056,-12.443433492938716,-11.393822918032171,19.968413510040957,30.30199940009105,2.1217439685636634,2.314553506900452,2.309191477434261
2022-12-30,135.31362228393556,140.8964050292969,-5.405697149584884,-1.7393865058270341,-12.392955126739015,1.7575098707196535,19.561966582892495,31.430213667052627,1.9395034134687017,2.1768477474182792,1.9212897441572911
2023-01-03,134.1935214996338,140.5401289367676,-8.183939767058849,-5.149395434942083,-15.38460289043968,45.54249930550327,19.90571547297457,22.616961104657307,5.3809832445514765,2.654185446643295,2.170413297564457
2023-01-04,133.19508476257323,140.13294967651368,-6.541565984083589,-2.8224075389672643,-13.823902793848685,-20.517671193167885,19.686629609188728,23.2876110256623,2.83317649079008,2.7882886733143684,2.209379902398219
2023-01-05,132.31387786865236,139.65648803710937,-6.916832049940074,-0.809270042808552,-12.518380366587445,-9.146639794599254,20.14883424290071,23.902352086006005,2.407610452453861,2.458042375508434,2.2126599775545226
2023-01-06,131.75628929138185,139.2138117980957,-3.0835142250740706,0.007714020755544837,-8.031794076247934,8.389048290138534,19.901356771532416,39.492916034398526,4.166019209923837,2.728260138197824,2.430629392076151
2023-01-09,131.14057884216308,138.840391998291,-2.2303282225914214,0.16932622729031177,-8.76269535099089,-19.331044377110285,19.092544258805084,43.03067996240641,2.704575057652792,2.7324186300835738,2.338314222513089
2023-01-10,130.57757225036622,138.56789901733399,-1.3711988232728516,4.5254728323824045,-8.04023911175854,-9.739401165123152,18.1135481141611,47.240924818256616,2.4018966513183955,1.7344566467868725,2.3445262370342577
2023-01-11,130.03574714660644,138.1345945739746,1.1307089655760143,5.642607214587292,-7.6129731878318285,8.705838531868881,16.106308146597385,51.83583837128725,2.2848061034239247,1.8198785241414168,2.3852959786649524
2023-01-12,129.44170875549315,137.74692184448242,1.533923924016946,6.710917610966871,-8.290372253172274,2.765232389225858,13.064917686309057,46.52355630120432,2.1137785683388097,1.5565643827635278,2.0857352024422378
2023-01-13,129.0254856109619,137.43876052856444,2.892208467363773,3.965435726998745,-5.900458212622506,-19.010893868836476,10.347332856553532,54.604997183565565,2.419111486881622,0.8337977063421592,1.942763215630425
2023-01-17,128.99790229797364,137.264395904541,3.8153800100124666,4.448712890846984,-0.41024824024111783,10.096748469547489,10.208756428645664,57.2135965508025,2.324546378232069,0.8070676100805184,1.9471593217879446
2023-01-18,129.03238410949706,137.19661911010743,3.2303225147062853,3.4269366652958544,0.5204373211918023,9.468219826353641,10.33645408782745,59.52917577266862,2.6477343785883662,1.0277861861070778,1.3490905191122426
2023-01-19,129.17523002624512,137.1353437805176,3.161905164653839,1.3334405460328824,2.1908427637866934,-16.351287733520113,10.699100370908692,69.84949362652942,1.8333670800688784,0.6573025813783376,1.3655283764111368
2023-01-20,129.44958992004393,137.1146553039551,4.921899491393608,3.3430834661524855,4.210112117771536,37.651079951407326,11.608177948493799,68.53683953669287,2.7562219383034607,0.9453666806506643,1.2620338283659047
2023-01-23,129.7283847808838,137.1463768005371,7.156812565593391,4.712084790837734,4.17867697146721,1.9155211184738619,13.084340568719307,72.18253675566706,3.8409846249669553,1.2186073940614726,0.9874358133012473
2023-01-24,130.23573112487793,137.29730026245116,7.813509728638983,4.8477199321510955,7.789462685689519,-18.744060381383143,14.961133461326398,90.1195308454356,2.006595548197656,1.218524087447725,0.9752915049779431
2023-01-25,130.72830085754396,137.19858932495117,6.9023903394000286,4.918247248875662,7.583813032668885,-0.9570242236408122,16.258092383061452,86.66043149443377,2.551808192311069,1.1982126265045083,1.0634704340929086
2023-01-26,131.41445045471193,137.08549575805665,7.918470607435079,6.4241788015370505,10.712929464171284,-17.772529494994625,17.708779292284163,93.24211783752014,1.63240205190215,1.087717551043423,0.9952439252528056
2023-01-27,132.39416999816893,137.03919479370117,8.585736588228235,5.846089999700044,15.780701317805,30.40508196085028,18.648193983471824,92.31979551606273,2.843825193429963,1.0298218545806797,0.966189118806942
2023-01-30,133.05372047424316,136.9004866027832,5.878080552484602,1.3393897463575222,10.331003790685344,-9.269967883575836,19.074424723549285,79.64933472951385,1.888109754015516,1.4957958659522914,1.3318375680959311
2023-01-31,133.76104927062988,136.81182418823244,6.268270444913669,1.2348264327122882,11.052100716918488,2.904305689421127,19.549072674073564,80.29495589295823,1.4276787403466693,1.483742453740839,1.3324647209672138
2023-02-01,134.76391983032227,136.70759628295897,6.310810714798164,2.516561728949074,16.27888573166083,17.896302818237707,18.907118163897277,78.7572819300696,3.637484392869518,1.4361383431765344,1.270645939443782
2023-02-02,135.96874389648437,136.69833602905274,9.274026861372878,4.765219629224049,19.35739584986862,52.373827636112665,19.409348121987026,83.39098392992096,1.9957527918463347,2.033997074393931,1.5461446029084411
2023-02-03,137.42083625793458,136.82620590209962,10.75743717716651,5.872664246890613,23.58021079368793,30.43654247543075,19.859396977103987,84.75361537907759,6.181231748710545,2.1424277549073567,1.584754868920859
2023-02-06,138.50990676879883,136.8567448425293,7.916450940539292,6.10489228871558,17.057562888468226,-54.74247087763261,20.001304821180845,76.32551684814692,1.5290367030555985,2.0635237113527887,1.768913054396194
2023-02-07,139.71670150756836,136.92728134155274,9.043232936696837,7.180002771679628,18.824443678821634,19.27372982165325,20.43386008353166,80.20511146985804,2.967989989681449,2.076113125072668,1.807548867253795
2023-02-08,140.7604553222656,137.0023487854004,6.324016974448189,4.462634510182495,16.208981526602884,-23.045968320719712,19.833845028991377,73.88809258728392,2.2446048599324038,2.5323633327506023,1.952014563995087
2023-02-09,141.61653900146484,137.13337173461915,4.950839520583033,0.03313053121201115,13.019682812852817,-12.652818694917823,19.300594667077174,69.51947447273545,2.591637693811997,2.02871995464007,1.9767536439973445
2023-02-10,142.49481735229492,137.3317890930176,4.560162873847843,-2.1096604372526473,13.365240114726017,2.57753034883077,18.467374625971296,66.64535680946646,1.4038773553438826,1.5578600199329946,1.9528953225442376
2023-02-13,143.44670333862305,137.4510874938965,5.819714099035046,1.5520429171440808,14.340257096993758,8.264999382078898,18.047362545955746,68.13674864583638,2.170943259919909,1.6114059863408823,1.8074030312091642
2023-02-14,144.3083984375,137.5520426940918,4.743428719146692,-0.786367690368539,12.868836180557786,-0.7900448560266282,17.410897454257366,68.17739080682341,1.899480235037147,1.3468891867796253,1.8443175345936011
2023-02-15,145.31112670898438,137.70488052368165,5.46688004233911,2.4007010417749886,15.055918306702921,6.265354672682144,16.542837821464943,68.21059701847983,1.686728311531953,1.121572101171421,1.8597547363901938
2023-02-16,146.23098373413086,137.8490003967285,3.7104209560417987,2.03799242500462,13.805486881652907,3.9560007197996683,14.907384771119494,62.71299290502741,1.938712899210508,1.2201472660830595,1.591389970477112
2023-02-17,146.96554870605468,138.043524017334,2.4132998458334995,1.0198176169271322,10.816665193076446,-13.23760890389758,13.44254018610668,66.44000703821354,1.4093699465577345,1.3308676407222548,1.405241183010322
2023-02-21,147.33973922729493,138.1965495300293,-0.5722330464873064,-3.490419711239312,5.383540444086465,-0.4681785672619898,12.419768841373557,56.78663688157093,1.9463897311470717,1.4525931695407437,1.5427088714861206
2023-02-22,147.6651985168457,138.32436904907226,-0.5040456971727036,-2.8002422774076274,4.635785482799326,-13.345122580995872,11.588118808462431,55.82365627396556,1.873610380443996,1.519900079501448,1.3707308410509391
2023-02-23,148.0478317260742,138.47151138305665,-0.43464944214626317,-3.8176664897403123,5.475901447858811,-5.13043188470006,10.41307185569597,47.78714287768336,2.0749604895395604,1.2255415614631635,1.2886520672063817
2023-02-24,148.19432220458984,138.51966537475585,-2.3240077589693544,-4.554029599421594,2.0658581034104007,14.620347066384,9.866748611955494,35.41934813703975,1.0019774749040142,1.3116271936514425,1.385094778514424
2023-02-27,148.30346755981446,138.57238693237304,-1.5909107195945165,-3.0350856632601952,1.5184259291985747,-18.877186783391263,9.56725387195566,42.651532761969364,1.1627915373137394,1.5331507539123823,1.420033313277948
2023-02-28,148.53177642822266,138.65957229614258,-2.0809511557652245,-0.7206377133910258,3.241303475187185,12.330411013700449,8.539098288471898,34.040813795164254,1.5263550261876515,1.0166889542334008,1.2182138891477943
2023-03-01,148.59294738769532,138.83752517700196,-3.515627559190331,-2.4175768709246426,0.8606805901165693,9.757255623479132,8.212116202780372,35.04018606230272,1.527769085405114,1.1192860089855674,1.258978593444095
2023-03-02,148.6275650024414,139.0665263366699,-3.1397923963745358,-2.336006234180732,0.48325468312064856,-5.841669821013351,8.04801209514321,38.66805289195446,1.9258534348954577,1.135019453259255,1.1249843428273354
2023-03-03,148.649267578125,139.4387236022949,0.24440461092184876,2.9445875623026474,0.2921361099991193,35.403661312337164,8.05006657398017,50.0390859619523,2.502813222438452,1.8397898386432994,1.7051938567962428
2023-03-06,148.62783584594726,139.86755142211913,2.1175884579783597,3.9954135001263102,-0.2816188910726103,23.787859294834178,7.982930281549426,49.96091334006845,1.8461914477578107,1.9273450645428998,1.8013940567423627
2023-03-07,148.6328338623047,140.19031204223631,0.6338451782827604,2.842414428195017,0.06687428899492254,-35.83453253843166,7.986930976160468,47.054489258225665,1.9129246568131384,2.1428837252177146,1.6262075651555363
2023-03-08,148.5566520690918,140.60157577514647,1.5289253704783385,5.202659605661197,-1.0000786217457702,-15.978783240183692,7.770068303092245,45.32319400578511,1.072806595166852,1.8296715720285504,1.6380101125804145
2023-03-09,148.50246353149413,140.97513809204102,0.05113459056717355,3.2074191388190787,-0.7241447514645838,14.04263973155273,7.741388294864084,44.21357325274831,2.862074283422566,2.159463868840467,1.7299005825549276
2023-03-10,148.3968948364258,141.34351608276367,-1.267224733937039,-1.6751610332011446,-1.4205785594696319,27.378440230636624,7.837827965154445,42.73934045069738,2.242425475457706,1.5696192056827514,1.6840295143163455
2023-03-13,148.37025680541993,141.82938125610352,0.06052135161578236,-2.1842238313931506,-0.35757471048123435,23.164859331159484,7.830316661840921,53.858133334612624,3.615340198892594,1.3943310140033451,1.7141105176525313
2023-03-14,148.30809783935547,142.2867411804199,1.5128062657829948,0.6530346258108777,-0.8189862716537877,-12.741616749805518,7.659465129845098,56.69574593934155,2.162650155427845,1.4578212623438591,1.743437463269115
2023-03-15,148.29773864746093,142.74568923950196,1.7860299097816297,0.07850546634775579,-0.13706844336766055,4.7112525934278615,7.631496526543607,56.55348892097282,2.176613969206939,1.4107977354961105,1.6295193965791597
2023-03-16,148.32339248657226,143.35682891845704,3.670894994181823,3.4929631967353325,0.33478608090402595,-1.3046875708682015,7.762894059976372,66.58204464316779,3.092721934843756,1.3051228230669383,1.6823048222697907
2023-03-17,148.38703002929688,143.92577850341797,3.061244384449626,4.377085547042481,0.8392311563623522,29.914877805073715,8.00278262585797,63.01471428563306,1.587101105720765,0.983670502045757,1.3854873879173875
2023-03-20,148.62629013061525,144.56848892211914,4.488559834397702,4.605560544974763,3.179277070129549,-25.5730984813724,8.937842623536325,67.17087299359483,2.331647757335984,1.0142540483812197,1.3495406862026313
2023-03-21,149.15907669067383,145.15766448974608,5.35888746207689,4.384295352472001,7.273704842574613,0.40316995603015826,10.147138432702087,74.19463013545996,1.7955805074524531,0.9921011512252411,1.2364543732228679
2023-03-22,149.5991180419922,145.70778472900392,4.092676148101611,3.163603412794158,5.990180512074028,2.385096763111938,10.734201016112168,70.0538218285684,2.7434592794908816,1.2700746830277287,1.305406768726519
2023-03-23,150.06925201416016,146.26818328857422,4.4897738811483165,1.9762433623436104,6.378834757669316,-10.67306193511911,11.42256140028031,65.36961983421342,2.435040932690056,1.0780531294104785,1.1394807774506226
2023-03-24,150.73720779418946,146.80024963378906,4.890751641535835,3.387096629356523,9.229077894415493,-12.459831918854935,11.810452675313416,63.25349056688109,1.5538160588923549,0.9447915744456924,0.9149037655327706
2023-03-27,151.2482894897461,147.29501922607423,3.251234268401489,0.5590919251393434,7.0038011030684855,-11.497639218534882,11.79039839745062,63.93997407801382,1.832201906519579,1.1038886020028014,1.0831145749222992
2023-03-28,151.7534507751465,147.7507583618164,2.4979185800782333,-1.023347977927469,6.946619224549044,-12.212375191590807,11.429737885174681,60.24874625468041,1.59214073124107,0.9313734882288005,1.0675786998958061
2023-03-29,152.51612548828126,148.244814453125,4.003735036662436,1.8627725633707515,10.63932730150794,11.553045951270002,10.805347260349267,71.068034996889,1.0574092822447,1.2304122349989393,1.1865518427361026
2023-03-30,153.3276382446289,148.78462799072267,4.476417284241826,2.158194833749416,11.274066401784232,-3.5161785142781454,10.280498415509228,79.28992613093017,0.7390964176712862,1.256128676699293,1.1037178803157417
2023-03-31,154.01187438964843,149.37338134765625,5.639449417358348,2.901728908244916,9.1836028347414,38.88371510473378,11.22428676165852,79.77712758963597,1.8738607957926103,1.353140700664942,1.1012704541605605
2023-04-03,154.62063217163086,149.9359683227539,6.033919975715513,4.9848272657215364,8.021836708862406,-17.12528618265071,12.46646668196547,79.0419145832851,1.2457074611778711,0.9059258409068434,1.0554287201796004
2023-04-04,155.31276245117186,150.42406311035157,5.218359988466765,5.061851685446173,9.254629130420543,-18.776085453224333,12.992831789245015,76.87077200660698,1.0444941595957065,0.8782857224712692,1.0614891914970932
2023-04-05,155.84998931884766,150.84727905273436,3.6718131786777652,1.859788704362142,7.123703369928069,11.308539855612665,13.124882997035069,67.55434163324873,1.9846116933426723,1.0839633598232645,1.0931896573248872
2023-04-06,156.54409561157226,151.30145599365235,3.779401502183319,1.4166209131923457,9.343300161010815,-11.883902103793897,12.816932981176574,71.39070543466052,1.7976476667286263,1.0384904869549823,1.0893527726180725
2023-04-10,157.21155853271483,151.66235931396486,1.6882171995314805,-1.7404499682533103,9.111103543319764,5.126227966010211,11.372943442188182,60.14906682378371,1.203478962496506,1.0279967815502715,1.2338235496655805
2023-04-11,157.7211585998535,151.96017669677735,0.5902158222892785,-3.2316275042235,6.865147338839761,-0.1523569217614762,10.07604054579681,53.42962883868234,1.1505012863215929,0.8190449564163116,1.184785809032911
2023-04-12,158.0916435241699,152.30191040039062,-0.08237816927310411,-3.3387670205006104,4.921696595884462,5.223930719793812,9.100929293582602,55.301267132143785,1.4241091145385152,0.8094544526941342,1.1868092046475478
2023-04-13,158.71174697875978,152.7259683227539,2.92146159092559,1.0991597171959633,8.216208325928665,36.527763094642054,8.47231654271363,62.86376143623166,2.64556955025465,1.9349780977670135,1.4804522693916504
2023-04-14,159.173494720459,153.12065887451172,2.405958728752878,0.33399978003221253,6.005764212662212,-27.845617541522028,8.242888616619322,60.00001247207036,1.5132255301761564,1.9338417788669187,1.4673280422027843
2023-04-17,159.67816314697265,153.40954620361327,2.0946665284109716,1.974944244290855,6.60001323037851,-15.93613639354885,7.606018032147069,65.20784813776271,0.8230954702644717,1.7049738096528233,1.3848257043303578
2023-04-18,160.12560424804687,153.65039611816405,2.5734097214257385,3.526105175504579,5.762374632464029,20.24944479504387,7.534220381075636,68.79791316317025,1.0572534106560152,1.5764824361816807,1.3836666447955188
2023-04-19,160.53752899169922,153.96871337890624,3.0231620368335195,4.703318409232327,5.242362077750995,-4.4123950884361935,7.844391322993576,65.95348596321115,1.5629722004769773,1.4477586693334616,1.3925252747946466
2023-04-20,160.97263717651367,154.21015899658204,2.143999156737506,0.6583713864770857,5.588278495095578,9.924937447873216,7.572531182845123,60.267966869119995,1.386137199638081,0.5803881314187949,1.347815298637737
2023-04-21,161.27307052612304,154.4732293701172,0.9565258203111805,-0.11500037350549164,3.831886424421538,11.211024774860645,7.212964890181454,50.30028925917297,1.1877296111579467,0.7657082335632204,1.3876551919984361
2023-04-24,161.52367782592773,154.7631051635742,0.9892409895947715,0.06051179217114733,3.170049538417685,-28.091289792294127,7.023702816372508,47.791798492007544,1.0342990957047198,0.7715994398650539,1.264348801285825
2023-04-25,161.7945114135742,155.01489685058593,-0.13110083326282548,-1.6218902838105898,3.4685406982691847,16.125302744245484,6.281844743647329,45.35931470906004,1.575381183212509,0.7388714136325495,1.2812702484422762
2023-04-26,162.09593048095704,155.21044921875,-0.32290799268000636,-2.3086701108786745,3.875672716785017,-6.600347743261192,5.121277958398973,50.0,1.514408775481207,0.5346410250092017,1.2650648501656547
2023-04-27,162.47282867431642,155.51058654785157,2.269673190265346,1.056137132454893,4.752141362949791,42.64617967946407,5.159542933162112,58.5499104730647,2.001065877267541,1.5575161613175803,1.1090466685304925
2023-04-28,162.8339385986328,155.79375274658204,2.8123639774595572,2.823887900318356,4.508485761302894,-14.832140001201811,5.636816217594923,68.59501708937752,1.1610097275683755,1.4100925586281532,1.1135615513157395
2023-05-01,163.06530532836913,156.10710998535157,2.6120365704761235,2.5766643564798297,2.8441373670226477,-5.070926027436917,6.142086428658466,72.61969575405618,1.0672784938254951,1.430229093362822,1.1154454976830295
2023-05-02,163.18222045898438,156.42263702392577,1.903638476909684,2.912583677511904,1.4262263407791576,-7.712933723884142,6.373595693879411,71.33455721954736,1.6672676689930888,1.3525952181260847,1.133339192114703
2023-05-03,163.2720054626465,156.79696960449218,1.1889583330597757,2.253311418387094,1.0988416890357344,34.507090243403816,6.466275202358348,56.13252282929737,2.245443162353778,1.4492371371402217,1.1382179223229825
2023-05-04,163.37215042114258,157.13005981445312,0.12441442062207958,-1.5557386066748724,1.2396286799204015,24.716592974699083,6.388736283260023,51.734491140701714,1.646658928821734,0.6840090838187896,1.1681049325488355
2023-05-05,163.81169738769532,157.60700225830078,4.541658242174786,2.292554070935471,5.411123288757147,39.659803484687714,7.655501235231639,67.03430691242842,2.039527796014509,2.380814773601228,1.8453169988379856
2023-05-08,164.37753601074218,158.13564483642577,4.139779509327994,2.3055618351879303,7.078927711241256,-50.673229137653244,8.26358684818787,65.0794135228899,1.0028850104691969,2.380114767011067,1.8513010157982248
2023-05-09,164.918709564209,158.60627349853516,2.763067544110643,1.9164900805119123,6.822143683515369,-19.005303523054597,7.99519051154981,58.668341871263976,1.1294097539521526,2.4292067391808754,1.8560082017811548
2023-05-10,165.5827194213867,159.12228759765625,3.4175596731370077,3.6488395429564724,8.407241426643463,18.526746810392947,7.623342908765952,63.99363091636381,1.227244130430122,2.3632011228149254,1.854270629942908
2023-05-11,165.98675003051758,159.68348937988281,3.278762827834303,4.8012430506569,4.946855753519497,-7.835903544937595,8.109009923370468,68.7742458186772,1.3928047015512697,2.2075952012791737,1.6804126752850195
2023-05-12,166.36161041259766,160.2142770385742,2.4877978334582034,-0.43860290029453797,4.599425194714302,-8.041248356548659,8.25197614927913,65.65816502306737,1.773191996709332,0.7665998695016765,1.6935650460204905
2023-05-15,166.710782623291,160.6341522216797,1.9768066122134018,-0.6870280721051891,4.283720090888421,-18.154705038752027,8.229143947495421,68.70566024182766,1.0112195147905652,0.7710256987267646,1.6990698133656401
2023-05-16,166.99878463745117,160.99877563476562,1.8009399089574563,0.31320598972803815,3.5069530088363665,12.997126120638525,8.272240237465606,68.73584351786505,0.7787506717343061,0.6030926954022345,1.6781964665606919
2023-05-17,167.26018676757812,161.41965454101563,2.0080657106254476,-0.36365369895628996,3.161023092974724,37.61858737648509,8.424451151883037,62.02917906201807,1.4534683371074542,0.3510984949498129,1.6494635404772038
2023-05-18,167.6865219116211,161.86210693359374,3.1392327000311595,0.8875567156440667,5.185805374396657,13.019657783391647,8.764159355234115,64.11784661639159,1.5195679038765288,0.7440686601062513,1.6068715646556375
2023-05-19,168.19869995117188,162.35172393798828,2.88976664395672,1.5008173950911141,6.291507193479018,-14.790363483961787,8.73567742452867,64.6064743202088,0.8278128099604799,0.6394072597702591,0.6958325980465679
2023-05-22,168.64816284179688,162.86361236572264,2.05316866026825,1.2378725193611162,5.510773144297754,-21.929241437389692,8.462196018147477,64.89592117180425,0.7233121628580629,0.7059418456502652,0.7256796564937588
2023-05-23,169.0441650390625,163.28446014404298,0.27109860141081854,-0.29639542486740167,4.9015512022138275,16.470626037102743,7.473421681628846,60.1756411880758,1.224065127885312,1.0704614251681215,0.8214960432041511
2023-05-24,169.4544937133789,163.66900756835938,0.191549678890931,-0.492206939583939,5.0791892124671945,-11.042557929190322,6.195242043425302,65.73368172889232,1.1056761737520058,1.0548705990988299,0.741266244591236
2023-05-25,169.69223861694337,164.06838653564452,0.7207697726881741,-1.176788721856914,2.8616308018098113,24.178010123273562,5.949267343777233,48.724324637345454,1.277525512978519,0.837052961912355,0.7776799128758345
2023-05-26,169.98787002563478,164.45954376220703,1.9637752849949313,0.15416681104651886,3.5317527807688265,-2.182192467484745,6.090662574773022,56.90764371297527,1.516276448249878,1.1241293451734167,0.8733359601713371
2023-05-30,170.38031921386718,164.90442565917968,2.8132916467125737,1.7795632465510414,4.69087170852398,2.0596334457919196,6.463386565026941,68.19642766648346,1.364917161472854,1.1460526216372222,0.8992340064374124
2023-05-31,170.8220977783203,165.30096008300782,2.518464274711284,3.3166188234751814,5.313395041297442,78.01548841763693,6.488146029705323,63.92554769293075,1.4612195185780894,0.6017598809113195,0.9003356682472061
2023-06-01,171.45794219970702,165.71651580810547,3.774796152421601,4.800972296942785,7.6972573786079135,-30.839053935094796,6.702933357977749,69.6300255250136,1.7713379456241838,0.6493190361914614,0.9906073224384
2023-06-02,172.2181625366211,166.17767761230468,3.81008195683875,4.601393415847199,9.295044308446254,-10.0213637379575,6.231480043513987,75.11978822830085,1.392652287903457,0.6747567335100295,0.9350330256119748
2023-06-05,172.5269027709961,166.59006256103515,2.8397697295691304,2.365610784520178,3.605694522457892,96.6977381127121,6.750006942849374,71.396061638863,3.84786924582513,0.9207592563879988,0.995632504740919
2023-06-06,172.82081832885743,166.96908905029298,2.4533481751916266,1.0772742373855282,3.4339459166509823,-46.82225402123063,7.085659824132465,69.92195243028205,1.5010336145465286,0.8908949034582783,0.9705790668181399
2023-06-07,173.13141174316405,167.35952239990235,1.4763244980086245,0.3216014304859405,3.665348308973959,-4.477828288747299,6.974891912058159,63.724036834311704,2.187605010360744,0.9986553510718578,0.8367829627227565
2023-06-08,173.48955154418945,167.81672790527344,2.8329384095976087,0.26655051712018984,4.182859597112576,-18.93579101326024,7.383138174003719,64.46548440336824,1.8718444298197097,0.9773278812736526,0.9112602705635189
2023-06-09,173.85758514404296,168.2200732421875,2.8368901699568942,0.005547725202226239,4.293713047212777,-2.6185454914776307,7.756869552960691,64.97947045172984,0.8841682058823285,0.9559616866672483,0.9132046314104114
2023-06-12,174.41185607910157,168.6479641723633,4.113202929831293,2.3443541551425584,6.501698465291161,10.991615541922295,8.455753913249438,72.58595328820158,1.5887688533723976,1.052201962660089,0.9321260664494864
2023-06-13,174.96711502075195,169.01624847412108,3.5117434547560817,2.287800834395415,6.532214816001569,1.2053453806455616,8.738337775538971,80.80754335583123,0.9328413495459056,1.0612952008711936,0.9324062141067068
2023-06-14,175.5539909362793,169.372119140625,3.5259009144231026,3.4472920393519235,6.904165359620551,4.612855480974565,8.932565188892614,81.16315725467037,1.2883909521642103,0.8280391452620187,0.923541146280575
2023-06-15,176.21200408935547,169.77935119628907,4.294338650116393,3.0126726075831334,7.7132512925831564,13.87034068938393,9.412222348984029,82.00587237939183,1.4730420805766744,0.7333646174937007,0.8629583404700959
2023-06-16,176.6995849609375,170.20194519042968,3.3970790101435346,2.188311096439377,5.638383376755374,54.74743708087026,9.762753512773394,74.98678434160004,1.4709070125655592,0.9052385730478765,0.9068071683787413
2023-06-20,177.18617935180663,170.60855743408203,3.163315764248811,0.6638009378672427,5.623442736662376,-50.81871529842124,9.995848871297651,72.39973509173085,0.9134654838032588,0.6519319458454266,0.8438580213654242
2023-06-21,177.66832580566407,171.04631927490234,2.2994517004318724,0.354594751984183,5.602745097656769,-0.5690865899182884,9.840156928746637,68.42397190392315,1.5329458693731348,0.7101669044976152,0.8751798436744395
2023-06-22,178.43106689453126,171.56842346191405,3.5454567408946867,1.6580547093322462,8.999765225081436,3.4930335227008724,9.41167755859594,68.76700331446663,1.8074892421457225,1.0120146239305285,0.8909679724386068
2023-06-23,179.16416854858397,172.098017578125,2.9453142484753525,0.36019976503116613,8.635947844821468,3.652432515762416,8.652999898674555,66.0325422334306,1.3659755473563673,0.921906583915273,0.8321821577708943
2023-06-26,179.77080307006835,172.49200897216798,1.8229969956990122,0.18927518037223923,7.098655516816321,-9.46646083174878,7.658487909236775,65.88495205113865,1.5221067950490272,0.9547926353023833,0.9015897480504235
2023-06-27,180.39472885131835,172.94803741455078,2.998888389265492,1.6485633671135425,7.199446153109368,5.494222135345717,7.409829242984135,71.76581946247607,1.4463475784400317,1.15827594263321,0.8922674485635786
2023-06-28,180.9850631713867,173.4271856689453,3.312559405113069,2.875637246029261,6.739991313723537,0.9579979026548058,7.543057044383622,78.39038836292232,1.215317195756278,1.0437193513117002,0.8819218601734317
2023-06-29,181.59466400146485,173.888583984375,3.1507224706950554,1.3850306386091304,6.961925997864071,-9.507622498867562,7.48882919388465,75.45137932597291,0.5960255839651856,0.8533379309564553,0.8829894624116623
2023-06-30,182.28034133911132,174.4136407470703,5.136777422026981,3.905073103006207,7.7072650666603515,83.8579593633286,8.6872601789527,79.9630652958904,1.6600511421554016,1.184032419991611,1.066150292930103
2023-07-03,182.84894027709962,174.92819885253905,3.9939275258729685,3.8808259424727654,6.360885157479412,-63.08294958996963,9.267731155462974,71.26040045294283,1.1015329429601457,1.1915354534847615,1.087944067603148
2023-07-05,183.42939376831055,175.45259185791016,3.0561871638953715,1.7388022292723626,6.543038894347064,49.15125468081454,9.2671795738478,69.05894408305707,1.233471273593283,1.2352341043471564,1.128936719288622
2023-07-06,184.05183639526368,175.98035247802736,2.96532268972186,1.3526913504806393,7.030838296699948,-3.8917057222566775,9.081939851834472,68.82180209766427,1.4702087274451416,1.225253465017684,1.084450175116674
2023-07-07,184.6871238708496,176.5165673828125,2.006647107644224,0.5749287937272474,7.232021194650029,3.8157815954566354,8.203803892974001,61.704293596106524,1.2743826143905137,1.2868986591429015,1.032735308573372
2023-07-10,185.0843017578125,177.01207641601562,0.682748161765912,-2.763313364480924,4.452556985765632,27.997863932500277,7.563926506541979,58.815126149632256,1.5640804822039518,0.49574249438885193,1.1070464562372861
2023-07-11,185.43603134155273,177.40535430908204,0.209395238434276,-2.2757970204596467,3.934561298280026,-22.168912356355406,6.842604757529119,57.18299782106738,1.4355576998917128,0.4902960286626661,1.0756458783814777
2023-07-12,185.7314468383789,177.80696746826172,0.9490222476965041,-0.8153289066901825,3.2537295999589766,30.258736955407706,6.607677803048804,63.198647717497,1.702058099182854,0.7656476172741613,1.005824725622205
2023-07-13,186.0886131286621,178.2255715942383,1.1640819236870643,-0.6620933405873997,3.9441589091341767,-31.947055318336403,6.263513290920872,58.966657617221045,0.7400040473350821,0.7892586817677198,0.9948416967195054
2023-07-14,186.42157211303712,178.66785980224608,1.062891091417916,0.005248436949867319,3.664046767776874,0.662517566753662,5.939542617798227,60.245305234714586,0.8128311778930422,0.7476074146085747,0.9941442131497512
2023-07-17,186.8157875061035,179.19686401367187,2.5948902429756457,2.8524544524053175,4.290099342834508,21.395514246855797,6.270940020275948,70.31693381877221,1.293886125341366,0.7821958151972942,0.855770813050118
2023-07-18,187.25100555419922,179.75348724365233,2.2192483656213384,3.0040441993686606,4.764234098228992,-4.418034766291501,6.263375677130685,64.97627915135247,0.9859101348433424,0.7442243947375076,0.81349412691298
2023-07-19,187.74945602416992,180.18366088867188,2.6688178898966264,2.808658020777366,5.453770639597977,66.72251191802552,6.350879300138872,65.3061735778304,2.8600726071192706,0.7295433038923977,0.8004027446451504
2023-07-20,188.20245895385742,180.57628845214845,1.3875072615624355,1.3592982482873994,4.984799451148203,-25.992798168613284,5.731465572110901,58.534320540496665,2.0556107908307863,1.020023375760979,0.8858891423486653
2023-07-21,188.44649658203124,180.97953826904296,0.6322851242397053,0.655501850989304,2.641710793597629,20.762421703490364,5.491475718142535,44.21650476124266,1.9485284180434248,1.097753896231665,0.8881728320594076
2023-07-24,188.74635620117186,181.36347229003906,0.8964159884735005,-0.6392159897382843,3.2515485169719804,-36.932970312028765,5.1750383526771495,50.860510027597634,1.3800278402642652,0.7098989549040923,0.7932094276332537
2023-07-25,189.15885009765626,181.76084899902344,1.13082059872251,-0.05677605290999033,4.506947388076332,-17.83823808117626,4.444504295211685,56.90180179760846,0.7850450938917595,0.7551095565716696,0.7754037964606028
2023-07-26,189.47698822021485,182.19418853759765,1.419876727994915,-0.3075424162111151,3.4244381651535205,27.32785812376619,4.323937662379262,57.9164716095281,1.1927979770846702,0.7017610473165615,0.7491685441728809
2023-07-27,189.6731071472168,182.61211547851562,0.6482586354154066,0.04658872344978082,2.097749613777289,-0.024646159096219922,4.182632717109249,57.40954155587525,2.4065799953975624,0.5917336592038877,0.7983585258917112
2023-07-28,189.9813659667969,183.0816165161133,1.8422955813248203,2.026686745868256,3.291320308684731,1.751362194006778,4.368293900546905,70.41852436791565,1.2715137976213793,0.7123185367464188,0.88381455927299
2023-07-31,190.1038787841797,183.55111755371092,2.098881067975926,1.919584570089583,1.2785479746105777,-19.604525857606113,4.720657445186206,73.55083516496887,0.626119117045442,0.7132159457705806,0.7225497893275019
2023-08-01,190.25948944091797,183.95738586425782,1.5791686061337702,1.0277740930990875,1.6366993243666084,-9.398801260042088,4.945518575762961,67.25756043418409,0.7412693337343834,0.7957115976163962,0.7401475273528474
2023-08-02,190.32123947143555,184.30160766601563,-0.026743996495921123,-0.9871542347797746,0.653317318635982,43.25275550033973,4.906750152511006,55.317946256888604,1.7291445324561483,1.090078452866031,0.8671632600150667
2023-08-03,190.28962326049805,184.6369366455078,-0.7422266092630672,-1.0609785086689194,-0.3336634808943417,21.524212481618132,4.940774564873113,51.174089191186354,0.8787951518922699,1.0984425509327416,0.8397614623889954
2023-08-04,189.86033401489257,184.84303497314454,-5.294932340115911,-7.06736027361522,-4.55737655259173,89.36298076923077,6.963436905906361,27.203658206701817,3.000168442806206,1.9954035237922334,1.7142305227780945
2023-08-07,189.37818756103516,184.9815539550781,-6.691982522178214,-8.9590130297308,-5.174689866939608,-15.851334290011454,9.240346219693356,24.52057489757773,3.231757663989955,1.73876397025375,1.7179770534345193
2023-08-08,188.9691520690918,185.1161196899414,-5.993325483248528,-8.082411227128262,-4.402389092034498,-30.492200446625763,10.698563382607173,23.4189873383758,1.4961081177689897,1.9717189299609472,1.7242576668872378
2023-08-09,188.39709396362304,185.17065704345703,-6.552211726544881,-7.47222214870985,-6.102145803431935,-10.976364949943228,12.35587372392962,23.715625944192894,2.199897926503656,2.0019731109562167,1.6738373267930429
2023-08-10,187.77613067626953,185.18389617919922,-6.358933557850778,-6.904840171788296,-6.597050010824745,-9.426534279586274,13.766535459923803,24.5537123358192,1.7699577877611006,2.079238720544161,1.6894371913703259
2023-08-11,187.15072631835938,185.19931121826173,-6.014287682703213,-2.1758923544120345,-6.639005291977174,-4.846133169003908,14.924821545571476,22.43467829072644,1.1642905357998838,0.8842084572839032,1.548070259836567
2023-08-14,186.44491119384764,185.19165161132813,-4.772327374702909,0.47656668198834407,-7.365150910097206,-16.067698374416516,15.473701761029801,24.697252260675555,1.326203495917179,0.6956166260756327,1.6151852864369047
2023-08-15,185.6525100708008,185.12722625732422,-5.437018919549497,-1.173736382555235,-8.279769302044382,-0.12134922015953897,16.16651487572261,20.64716450238639,1.3693957270058703,0.819017507488601,1.608699392160156
2023-08-16,184.7489013671875,185.07246032714843,-5.445731081631992,-0.7753035152963217,-9.37547223565075,7.661854176504845,16.64593141076965,20.938821075177856,1.1553453030032226,0.7552559817362408,1.599158569623681
2023-08-17,183.81547927856445,184.97415283203125,-6.348833818863834,-2.0986830458643024,-9.783591940998493,40.664411081467236,17.49251833656739,11.710477241995804,2.316091252469466,0.9515479976854446,1.6101112769575894
2023-08-18,182.96508407592773,184.91300720214844,-5.648603630462596,-1.8561258685896864,-8.968615277760906,-7.403096140193666,18.114777465000973,11.303701951247689,1.7995296525859998,0.9868734088395574,0.8840428374834335
2023-08-21,182.141455078125,184.8242337036133,-4.488668609160176,-2.017166090997302,-8.649824747517442,-24.292570808308344,18.27722430963786,15.830909020174047,1.3591898540852196,0.9332564947557316,0.8195631211599117
2023-08-22,181.3436050415039,184.7552569580078,-3.310129647905015,-0.12397651364728368,-8.341440734267703,-9.22657027675392,18.00322950500314,21.959147691253023,0.8068570277345353,0.9572084634315698,0.847254203316723
2023-08-23,180.69470977783203,184.70733001708984,-0.8330554736555036,2.5768514609658677,-6.753440044440628,25.414318642971146,17.183066467435292,33.34069780561467,1.777827577026897,1.3136064629049993,1.0701560273790311
2023-08-24,179.87457504272462,184.5750994873047,-2.9879655311136,1.3678237098129653,-8.592176259639706,4.216392149127124,16.652984881029045,39.25452959218224,2.88582121315934,1.7722694697837063,1.3914814053025126
2023-08-25,179.03581466674805,184.47434600830078,-1.3012133428564956,2.3611553184265777,-8.67019200952428,-6.362997717750951,15.17322083272506,50.002404248403096,1.8643897659068875,1.8255248909719801,1.4544155844757887
2023-08-28,178.24458541870118,184.3641500854492,0.013892554307837264,2.473831722746156,-8.153054919206859,-14.827909254882442,13.000463209906568,51.2809619959617,1.132134557130142,1.8306341285807042,1.4508211228279466
2023-08-29,177.68925704956055,184.35325469970704,2.5146051090416064,3.8875948002030425,-5.746836942147116,20.956306038013995,10.599182252911064,61.422402717169724,2.9328666302904325,1.98431507399653,1.5284624277709569
2023-08-30,177.4582321166992,184.41042877197265,4.616077312495477,3.605357172965329,-2.42838618885981,14.734764800326005,9.325744420731267,66.35888065729742,1.6573411731988503,1.9382275244735783,1.5648343000588592
2023-08-31,177.30774459838867,184.49270416259765,4.827622220778265,6.514331764228332,-1.593495498841957,-0.03190060167165276,8.426765361716026,66.53545797299014,0.8729437548691327,0.8255689077117184,1.4036122216221774
2023-09-01,177.68940353393555,184.54636962890626,5.487740276659546,6.07469412680639,4.245198197024669,-24.719341387790017,9.77990328743939,66.44737609795374,0.8656177195883106,0.84752487144325,1.392703522310992
2023-09-05,178.23805236816406,184.61110748291014,5.296263362180442,5.2777782533000694,6.209770338017884,-1.0630045994340809,10.93859382777043,71.39376315459161,1.2493385109722177,0.9739853468834916,1.4107935309652724
2023-09-06,178.40389022827148,184.56935455322267,1.432974748063025,-0.6571607832888127,1.8670849434446746,80.55609540636041,11.006919645508313,59.177739157770276,4.034773787685022,2.0717242576736403,1.9699096692474434
2023-09-07,178.38461456298828,184.366611328125,-1.5232313587358908,-5.377024328933233,-0.21897581203493832,37.5912167699417,11.031569557896121,54.76958173019304,2.6301044671918823,2.0156051191343205,2.093833542004072
2023-09-08,178.40687408447266,184.1526205444336,-1.191721101909999,-5.1578308928683425,0.25318564749088335,-41.72637631479756,11.00520328386939,54.92655540807287,1.3750209382314496,2.0524567593455014,1.912205191924162
2023-09-11,178.48453674316406,183.9552603149414,-0.5806331186675957,-5.3309386936921666,0.8830573211718651,-10.065704265209085,10.933994758910396,54.72102302933018,1.6503159588506024,2.0114868957312995,1.8813417484941857
2023-09-12,178.32822036743164,183.61080322265624,-2.1911272460556486,-7.063793439594212,-1.7608435396833766,53.29168440675724,11.12532080892953,48.806175937885826,3.011910077525552,1.9021811525199128,1.9325464313681455
2023-09-13,178.1679473876953,183.2548291015625,-3.26369534702887,-4.7564471750260235,-1.8258635832463121,-6.752557812199155,11.458420434779606,40.69986897540092,1.9057500696109413,1.4844211234159785,1.7567079159271706
2023-09-14,178.12688751220702,182.95145782470703,-2.3916164813803094,-1.025021500470058,-0.4700939026065831,-27.735472226078972,11.534421534828832,49.057113072814374,1.4339388834029332,1.166949427442189,1.6208514553154965
2023-09-15,178.1768486022949,182.62415771484376,-2.8243213830486225,-1.77909371425089,0.5804524258142596,79.4204197990666,11.403906209393973,44.45131715072494,1.5313369292612429,1.1263235135365486,1.6017843031208852
2023-09-18,178.34899444580077,182.3777554321289,-1.2761304813744256,-0.7749686243603948,1.9943895281799406,-38.44233224570861,11.075551281751709,46.71794651961598,1.8036785367475645,1.4152549482634122,1.7107082910820353
2023-09-19,178.50877304077147,182.19402221679687,-0.7548493884297901,1.571187706803423,1.8368973717960868,-22.942686031021033,10.844757949641314,41.85227303832401,1.3961020258817352,1.1278643682904272,1.7410204192703427
2023-09-20,178.42270202636718,181.9499252319336,-2.6920485193066876,0.734763705927377,-0.9817562938266966,12.752643897281146,11.015987344326838,30.412401356684157,2.45028372964824,1.4198441293344535,1.4903175507711222
2023-09-21,178.06703414916993,181.64156494140624,-3.3644459314544566,-1.029932512372378,-3.969741874513233,8.065035029656276,11.476358042562197,28.47436862895279,1.402864683582549,1.4146230764920569,1.2225530510755802
2023-09-22,177.98838119506837,181.3350067138672,-2.843699966202583,-0.12569618483921907,-0.9014666014808825,-10.172274822602379,11.63749105792624,26.824731617700806,1.7335081501701093,1.4381262001977941,1.2306369975679483
2023-09-25,177.86323089599608,181.0510095214844,-2.057794689318942,-1.0619785456813746,-1.416479054309372,-18.60313016743822,11.786211358021138,29.174313397827632,1.601548895327971,1.1982248071600512,1.2366519531788505
2023-09-26,177.45611877441405,180.62028259277344,-4.1300424646614875,-3.970503106556744,-4.567382175560175,39.885473450762035,12.43488915205235,31.768262963459435,2.058614298627696,1.4016303448453742,1.3359475876167286
2023-09-27,176.7789161682129,180.1644189453125,-4.619062207010934,-2.8833679049097394,-7.4353548832413185,3.6119209337827307,12.979084895661149,36.39831186683237,2.3411314943640105,1.2429859596559378,1.3158357813513968
2023-09-28,175.9399559020996,179.68662872314454,-4.018029832691979,-1.862797755147405,-9.038093005624825,-15.88032599242698,12.721765036397557,35.51269827821777,2.583633252699272,1.2647617029896645,1.2682201097858623
2023-09-29,175.1158348083496,179.25805450439452,-3.2725561419618168,-2.048180088148366,-8.867834626548266,-7.8752060595725375,12.015600304015136,33.822988270690686,1.594539383957063,1.2348604200153226,1.280305172381288
2023-10-02,174.3387077331543,178.90325408935547,-1.3999832680720083,-1.3232685553176693,-8.291985177916528,0.585024228178721,10.15389393533991,44.831777056461085,1.939574317108814,1.436253006119842,1.2472446767764773
2023-10-03,173.48292694091796,178.5057357788086,-1.683470416334415,0.25586015453678,-9.119670404058123,-4.926530494876779,7.363811004011564,46.218168388908474,1.6299290360073742,0.9614255289756928,1.2192220497212016
2023-10-04,173.0253562927246,178.11595703125,-0.7030162271298595,1.8952065053387424,-5.05713644150696,6.9074052416997045,6.196448171776472,45.60443321206448,1.8657177385923396,0.8271829721200652,1.1156707742826524
2023-10-05,172.8942672729492,177.73352294921875,0.08754281372945709,2.4722994430522283,-1.492468342561093,-8.47298110346415,6.032499024967235,49.79320972692457,1.5836740120433783,0.8272735083276215,1.1050649635985494
2023-10-06,172.86013565063476,177.42743194580078,1.5839358285359089,3.668008309296078,-0.38724160233558624,18.00778521221813,5.935248762151903,48.99156456378031,2.710018969247296,0.9211345611968718,1.1881153209402318
2023-10-09,172.84183349609376,177.09944732666017,2.4532948641247643,3.015834085407776,-0.20628166316901675,-25.97652737105508,5.858644479147678,49.83471090181503,1.8157438405822703,0.8296560038809458,1.194373043063216
2023-10-10,172.94522094726562,176.74734008789062,2.048828062619319,3.4744927458698394,1.1854943681756547,3.0836879700312236,6.104485466114904,56.83317912596767,0.9922104818189996,0.6507528962831515,0.8426703627385772
2023-10-11,173.22174224853515,176.43973022460938,2.691216527006815,3.535644732812826,3.2087768646375414,8.817566021328215,6.592598693052432,63.92982183888273,1.2513904125754234,0.6522958202754578,0.7222687226546636
2023-10-12,173.46759567260742,176.21000030517578,3.0646924579313275,3.316015793709015,2.828066757979464,19.330783094397397,7.179296712088602,64.0152187327703,1.826131884872849,0.6575726636934394,0.7097974992538161
2023-10-13,173.6575500488281,175.9713284301758,1.892286999465388,0.7662496321037215,2.1941708625615286,-9.368539963449296,7.387354319265484,56.38544176164241,2.119090386801116,0.8133437117757826,0.8727502563832689
2023-10-16,173.69465026855468,175.91148193359376,1.7964759914051314,-0.1508454445123819,0.42141854466917206,2.1193106358320835,7.462990196104108,69.09597568541614,1.4380076693514685,0.7165887908638167,0.802068329986694
2023-10-17,173.59967346191405,175.88261657714844,0.9574275292734244,-0.695119594721072,-1.072207150063098,9.582420930365409,7.282509121668531,68.94026861041752,2.0434633033647085,0.8099005666292687,0.8174984729277096
2023-10-18,173.6169860839844,175.80905883789063,0.20086898387496488,-2.20244448039566,0.19943179690931068,-4.83932065321272,7.284230443662679,63.70408128087309,1.4046868017199152,0.6440604104147725,0.8576724274732168
2023-10-19,173.6926712036133,175.75979583740235,-0.059244726242922076,-2.9052270171885164,0.879670506191399,8.28731803872589,7.2332039158133,61.394089904310135,1.510312205108863,0.4200885170667523,0.8367448742836481
2023-10-20,173.5981903076172,175.66383056640626,-1.4751781477799242,-3.3379788290608503,-1.0927262557400175,8.331970274640877,7.357494720875203,47.67265495415948,1.608051076341251,0.559368648745939,0.7904652789717946
2023-10-23,173.44583129882812,175.56905151367187,-1.320205092907101,-3.2005436775905616,-1.7492105121858281,-12.863302409563538,7.460899314247489,51.71819818419198,2.358382561303299,0.5997905501439793,0.7032100051847635
2023-10-24,173.51904067993163,175.44993438720704,-1.1109716475015363,-2.094279491779305,0.8606433501204158,-21.728257005614495,7.312287790147747,49.338904486180716,1.279982235616663,0.6966348151693439,0.7277154890933004
2023-10-25,173.55218429565429,175.3242886352539,-2.463768426212076,-2.6956277062276324,0.3931314838482747,30.445995353359233,7.193576888655643,39.255525795454446,1.4085351117119873,0.8104882083515865,0.6921492358928194
2023-10-26,173.36420822143555,175.13275146484375,-4.760552252481589,-4.884304575295884,-2.2262730654246887,23.563692985985973,8.092265681230812,22.62387781229063,3.421419338935742,1.139405885778447,0.8371288652936447
2023-10-27,173.21630249023437,175.0183837890625,-3.9195769773802485,-2.6955239318478763,-1.7463845013251267,-17.169767774437773,8.63348560790378,21.938440493575527,1.2662019185328386,1.3353836724211896,0.9679256039490034
2023-10-30,173.04514770507814,174.93527954101563,-2.641072849309274,-1.566460688396476,-1.9913528969446315,-12.59523650791209,8.963993896862064,30.39685265091002,1.3506389937388603,1.55094342510268,1.123097883950495
2023-10-31,172.96451797485352,174.8349609375,-2.321123105406409,-1.5394107123023693,-0.9454573041257852,-12.291955956269195,9.131124835975445,27.116171738933303,1.756748799521921,1.5534768098431835,1.1367884404065305
2023-11-01,172.97985305786133,174.77045623779296,-0.49959080291189395,1.6773771105355495,0.17851319292427892,26.956473264059234,9.120763205218216,34.69564717962511,2.362476623275691,1.673391730342001,1.3247676616532291
2023-11-02,173.11143646240234,174.70021362304686,1.4821986693363967,6.399434344584409,1.5207943624027997,35.83022012860302,9.219979812361661,47.306388563965484,1.3065224811269578,0.742187651013467,1.4892337149040273
2023-11-03,173.06988449096679,174.70555572509767,0.980647417530228,5.011287749644566,-0.4732621196786635,3.2254560689366274,9.16904195630609,45.784090023847874,1.9643370170375027,1.093135657258627,1.403534355964899
2023-11-06,173.08175659179688,174.7178240966797,2.448460674634751,5.249859820122338,0.13408579698714895,-20.02763399858698,9.198394111916246,54.06886863837629,1.7965664446084,1.110617603079085,1.4544331987910966
2023-11-07,173.25142822265624,174.75007720947266,3.8271404914492684,6.47068258845005,1.922749215288655,10.477073618488353,9.695397712807226,61.1401333727916,1.908481509691888,1.0329284390910098,1.492700982207003
2023-11-08,173.4042823791504,174.7257403564453,4.346095178059702,5.12732881480229,1.7185870990465313,-30.04352757691763,10.210443885493623,63.494441369388426,1.0170050940777886,1.0033957005526448,1.3471029098173801
2023-11-09,173.48837509155274,174.6220574951172,4.021781371202946,2.725683166615811,0.9407193684134008,8.964679987758494,10.486503910682663,68.73764644590636,1.2663765759649463,0.9263340388390592,0.8748466754080033
2023-11-10,173.87399826049804,174.59782989501954,6.201107996749825,5.6584010387709105,4.358711606642163,23.007988691212432,11.834922041311145,73.0923826854633,1.6309059251418865,0.9823063762073028,0.981917044719503
2023-11-13,174.18680114746093,174.5104409790039,5.100437858813486,3.2435757313793,3.5381933507367735,-34.031064484814024,12.652890874588959,68.89342594964364,0.9848441749862672,1.2785950767871463,1.1472985535793188
2023-11-14,174.70803298950196,174.4706088256836,6.283837205324852,3.226780589998235,5.948038278053502,37.776402498424154,13.921501143128644,76.74344466001455,0.9656410238041648,1.2760384954252115,1.1425883892127258
2023-11-15,175.32229919433593,174.5764224243164,6.233521755264808,2.9349164281733398,7.0619220143324,-10.510843742305564,15.057798540316341,89.03211592543529,0.91484563106064,1.2854161544302076,1.1096655461322704
2023-11-16,176.03956680297853,174.82177673339845,6.757317710989991,4.138970153039656,8.263938815681149,1.157081640810187,16.26377059743282,89.17925195915856,1.2176547022461086,1.195463294621339,1.018783517329426
2023-11-17,176.88346939086915,175.05446868896485,6.236812373813963,1.7650359790583492,9.868052754632162,-6.414287788373718,17.01126501472615,88.2381718429235,0.954187113341845,0.8750162527956741,0.9635255113532765
2023-11-20,177.80861282348633,175.29868194580078,6.664607659476711,3.5984756137964924,10.810529381657762,-8.67510952875633,17.79198298357461,88.79724700828264,1.0603284469341974,0.5668786959645168,0.9330255065235612
2023-11-21,178.67187042236327,175.5873944091797,5.700155746991043,1.7072030703227714,10.061787892603613,-17.999316204029235,18.209100793085433,84.4101197600283,0.9336963832331576,0.5852944528208126,0.9494516080446078
2023-11-22,179.68406600952147,175.93073608398439,5.474111493613442,1.7552218967669564,11.959096744103803,3.889391495889538,18.17063898917681,82.30170672185072,1.097690069272709,0.5849410183419328,0.949735972900842
2023-11-24,180.8381462097168,176.21725494384765,4.066936346280336,0.13706798253660946,13.979436861976469,-39.2991011593303,16.824622771189926,80.72967890831042,0.8685549749338751,0.6422302590980542,0.9961469771119583
2023-11-27,181.91751708984376,176.51465118408203,3.3514401400070013,0.052690893651030635,12.971106423175582,68.62979919578515,15.29860527760217,77.46396420754164,0.9326120106830044,0.6446285352768357,0.7465612066438265
2023-11-28,182.92470626831056,176.76556427001952,3.1127433298516225,-0.5484459812206466,11.956548811715685,-5.27019229346577,13.863461272064626,74.94417080466344,0.8823571367779002,0.4598658557693436,0.6508080805798788
2023-11-29,183.8571319580078,176.97430450439452,2.034830185851232,-0.6661848011003779,11.037902353387663,11.971240700344143,11.94606267143336,69.05008068516028,1.647565716657887,0.482456572651358,0.5638199261662272
2023-11-30,184.65999374389648,177.2653729248047,1.9023631073240086,-0.7108872713699865,9.329328642458368,13.437887953280537,10.432654571352503,71.92793418567807,1.1213503116785448,0.471424459540401,0.5639069710125925
2023-12-01,185.3486701965332,177.6128680419922,2.2132075304175163,0.6685181164185483,7.840244408433583,-6.331874149492567,9.568442331745269,66.35142560977145,1.218365281388757,0.46633775121639204,0.5320165847517891
2023-12-04,185.99320297241212,177.90748443603516,0.894947967083961,-0.18968146466686875,7.375905571868779,-5.065769897253681,7.933495337962946,65.42303796766889,1.3725419437489366,0.6782765327568451,0.6243446619326904
2023-12-05,186.70774536132814,178.2556298828125,2.6258673652869993,1.5861420557717887,8.059373106038947,53.558810311250426,7.031462791253127,68.27631918383172,2.181781232888396,1.1900976187641084,0.8802378837464302
2023-12-06,187.23968276977538,178.6635028076172,1.752336435745795,1.5578176254101184,5.914292672495214,-38.330051449532036,6.332680702645538,62.759143964258456,1.3779085875433297,1.1951719664326539,0.8910985242565568
2023-12-07,187.81527709960938,179.1402847290039,2.469025471655637,2.2742843695951365,6.362246369007973,15.546475150706861,5.940556727902815,63.30234171538855,0.7257958671436759,1.2350671280697765,0.9360758165219616
2023-12-08,188.48594284057617,179.6404522705078,2.8612585849485836,2.337383452392161,7.432611820410928,12.487336159923501,5.368333883107888,66.21760909833276,1.1854311198357277,1.2381703747635107,0.8995549413908512
2023-12-11,188.82177124023437,180.08020446777343,1.3509614951035793,1.9796333455789128,3.637338561943304,14.113102549507172,5.16601608981574,54.47491993775101,1.0715433288647542,1.3424449994130778,1.028720976104209
2023-12-12,189.31263580322266,180.50001220703126,1.8888048014406658,0.6669463427966038,5.362556820042963,-13.531833479096278,4.640311962961627,60.14963428790034,1.54075286146367,1.0130748510622922,1.0464218702452652
2023-12-13,189.83371353149414,181.01092346191408,3.3051254618596113,2.932596014982569,5.6124489939473055,33.602166351341346,5.27855447728289,64.69285812006052,1.5912274144531595,1.1127067931587133,1.0978591112782317
2023-12-14,190.33398895263673,181.49987548828125,3.1116735162493416,1.9766318764952606,5.372054691451011,-5.074413174214043,5.758387880222558,68.98315313050037,1.7465001486135647,1.1012770068070854,1.1036169973650651
2023-12-15,190.7233139038086,181.9533953857422,2.6207098892252008,0.9503894009588176,4.143184647346687,92.331771198056,6.140810533630706,67.84409179549482,0.7086064911598376,1.1153125922569007,1.1203636921034787
2023-12-18,191.03041229248046,182.32257934570313,1.5845199419833416,1.4028369133617158,3.2684756530150683,-56.62626888151712,6.156195775703099,62.00263068036025,1.1435017102166816,0.9767969795177397,1.1085279445692078
2023-12-19,191.30234451293944,182.68288635253907,1.9838539662608294,1.1452849993746517,2.867593125152501,-26.972713037582572,6.389375635231601,66.5356288503011,0.5382337490876705,0.9497686268089403,0.9271119482019908
2023-12-20,191.5098846435547,183.0132598876953,0.7818725827321846,-1.5811230059824322,2.1978612408151355,28.316234424928965,6.3112346982866665,59.99182548933522,1.4628090221945906,0.6590586358877393,0.9843431800287541
2023-12-21,191.67680816650392,183.31276245117186,0.6165766338275303,-1.7313656567824132,1.761538321570133,-11.026016982244446,6.256528587668293,57.388324109024275,1.8389161525276927,0.6395791873296446,0.9352280721224265
2023-12-22,191.8566101074219,183.57286071777344,-0.03536640367258918,-2.009415901628542,1.9108278189027939,-20.078309041036945,6.012375634206442,59.246180012431715,1.2603317998355843,0.6437994427853267,0.9145164162863217
2023-12-26,192.01808700561523,183.85886596679688,-0.4031783018588756,-1.4497857756341936,1.7177080129300304,-22.154478110127695,5.716888183931401,49.0319366988723,0.5490792757509317,0.5933739603955392,0.8196106061586008
2023-12-27,192.15430145263673,184.14942474365233,-0.42222820137018824,-1.9244386985361128,1.4443367428414566,66.28237889575475,5.4790741309395,52.29151410460209,1.2477368564665838,0.4460292706119173,0.7717909260360425
2023-12-28,192.36283416748046,184.4795687866211,-0.30872257379963525,-0.6415724089711028,2.22318327068578,-29.192080303279223,5.006724397866764,47.92051777459432,0.7697104448136326,0.30180791405620616,0.49332809204155226
2023-12-29,192.49062805175782,184.81482971191406,-0.9152928873347523,-1.104367180666077,1.3582602604796046,25.322247642430675,4.645076279837982,40.1852337813477,1.3867959205702935,0.349967550144139,0.4905383446641081
2024-01-02,192.21324920654297,185.02109924316406,-4.323325900941801,-4.1115618119020425,-2.928241153706057,93.3082740244797,5.999197385742451,31.663488947906544,2.4509820441270334,1.5669539190442292,1.15112902302575
2024-01-03,191.95667419433593,185.25087799072264,-4.9127904079027305,-4.558402171612242,-2.734499572218596,-29.184845924350856,7.24490199842756,24.387863244639576,1.329721686312762,1.5403207971631725,1.1492665858848132
2024-01-04,191.38655776977538,185.4319204711914,-5.840767123884858,-5.819318615616941,-5.950786557261711,23.228992801444836,9.111137581774226,8.86734120292276,1.2148817605342348,1.4423474056504795,1.0904999604598244
2024-01-05,190.83476791381835,185.58979370117189,-5.947455594129259,-6.405630720037781,-5.792438359604956,-13.341788963041578,10.708221171032648,7.864666311942841,1.4295156433334042,1.3113267404318745,1.0915522616129634
2024-01-08,190.40334243774413,185.88074798583983,-3.45548966952635,-3.6202195574082885,-4.483449283833263,-5.186302595235304,11.186180653002182,24.905992896525802,2.209531233810768,2.1459608740494103,1.4728197355340849
2024-01-09,189.87978744506836,186.24668395996093,-3.408406089001358,-0.2693431609596342,-5.400842354294866,-27.564186018987392,11.539038759231774,26.29028904703202,1.3071179523189582,1.4334940266445861,1.474351162848966
2024-01-10,189.5335578918457,186.60710662841797,-2.6831492791045997,1.052914051449405,-3.6183801368224855,9.222535000863651,11.80965731952828,26.29028904703202,1.3319704038993752,1.3923723378288537,1.508276990128761
2024-01-11,189.08182373046876,186.9146826171875,-2.7650066499530714,2.022985543160072,-4.683891863173972,4.991141818523759,12.00506831410486,28.166380228408002,1.848164234200175,1.188901929469893,1.501806351466987
2024-01-12,188.48545532226564,187.2192984008789,-2.283925593277551,2.616170775379789,-6.082041958644835,-17.608145186898007,11.719282086253697,29.47512474259311,0.8336935601458629,1.1164833895970878,1.4998455945720892
2024-01-16,187.76822814941406,187.41522552490235,-3.118850502486746,-1.0401019731905436,-7.309077140415832,62.071555272272704,11.481813397939318,27.89352531744987,1.813430127162401,0.6728757107324358,1.5231471526960934
2024-01-17,187.03069305419922,187.52109802246093,-3.2399902963500726,-1.328730269776901,-7.5365726105598,-27.87311555873969,11.231631879754548,27.407366144086453,1.4396703139194396,0.6873871369112194,1.066148860965682
2024-01-18,186.67108917236328,187.76306121826173,0.10401206865326329,1.310482553344272,-3.706161337929448,64.85647985730407,10.681096600965079,42.15275824188746,1.7547566521296996,1.7433297972434962,1.487699499654719
2024-01-19,186.40460586547852,188.01202606201173,1.80426424729156,3.2167635651516147,-2.731796172505485,-11.669388686482286,9.959109648859476,46.77311567828893,1.6339474127765354,1.7845999389668783,1.4351999948663665
2024-01-22,186.3580451965332,188.2559066772461,3.068281459668161,4.286796384462255,-0.4824758598024559,-12.726731782360712,9.820970602789943,52.0871470283436,1.5833757975568117,1.7766367394689082,1.4098353348446602
2024-01-23,186.3828109741211,188.50417388916014,3.7402307215602857,6.289821005007146,0.25682828891484544,-29.564521842089075,9.901686391936371,67.67973117395597,0.9837064458418489,1.3771002989985441,1.2734526517133953
2024-01-24,186.4273895263672,188.74846649169922,3.354088076145636,6.470327846874957,0.46487138107615955,26.62150931635958,10.025722663207357,69.50894741779645,1.0488475809366984,1.3244219472721934,1.2818931190382907
2024-01-25,186.48286514282228,188.90241271972656,3.1480420064048316,2.9369689919511943,0.5801556342308833,2.220345208861252,10.164970655267938,75.26804370475857,1.6274417736564537,0.8341705147506714,1.2987790996702024
2024-01-26,186.44670486450195,189.05338623046876,2.238206019185141,0.4489320856743584,-0.3779629633616777,-18.656892019824124,10.08881343649585,72.2309926537567,1.4655400126101976,0.8428878691320827,1.3479241055618032
2024-01-29,186.3550682067871,189.13838287353516,1.9216892506228471,-1.114038526695682,-0.9556985085103831,5.721845988249541,9.895833251283449,64.28902153913769,1.3665024647007662,0.5670405369964744,1.366966243501703
2024-01-30,186.1326675415039,189.13897705078125,0.07956377523739709,-3.6581596154248275,-2.3321144410929695,18.482742822235785,9.657790283301713,55.83263474927494,2.3027026088359244,0.7164773677914469,1.4679861113713175
2024-01-31,186.07124710083008,189.0337713623047,-1.8253287107338672,-5.1927943286944505,-0.6679647333206806,-0.7010458400913744,9.747583526248436,46.739515904581445,1.4913232597739383,0.8402806635572404,1.6115711057053403
2024-02-01,186.20052490234374,188.9777001953125,-0.5847049869777952,-3.764748644185334,1.4165393193802833,16.978499237395383,9.590282632099461,52.166475815906644,1.6750452819221706,1.3513616220660019,1.2728431481567717
2024-02-02,186.39568099975585,188.8667477416992,-1.2255887128056628,-3.4144043881840336,2.165896888930563,58.05050134544905,9.162469221571145,49.883283950503106,4.347592986655187,1.3513783291868933,1.138134339298946
2024-02-05,186.71763916015624,188.80810119628907,-0.4249845497903987,-2.1123486573099926,3.587578253544299,-32.064704924442985,8.466336886369032,56.85742884430119,1.8169244432997,1.551247419195008,1.1058236184277401
2024-02-06,186.90288925170898,188.76827728271485,0.33497994130926917,0.6700717294490399,2.0155161147656697,-37.574925935282366,8.337359386873752,60.9602640731301,1.3417819573084466,1.3632704595035463,1.1269695892096863
2024-02-07,187.11439208984376,188.7571823120117,0.279817001253418,2.7169230836054936,2.306365460850035,22.874263062532773,8.14440676488086,51.60102205408596,1.2882120237740966,0.7636115829617788,1.1323365195267383
2024-02-08,187.2198959350586,188.7280581665039,-0.35345037868297596,0.7813469197964107,1.1439949900686752,-23.34811654409701,8.035514598822193,42.80643173378982,1.1629073372150085,0.7444025427622544,1.136043276848656
2024-02-09,187.39330673217773,188.70212280273438,-0.038097443591289464,1.7438794939198532,1.8863998746455835,10.236804843513504,7.847994609723555,38.5524886724877,1.0537492342326218,0.6346952515582829,1.1345211930791732
2024-02-12,187.4660614013672,188.66287017822265,-0.9763795298950726,-0.15513688739581255,0.7900362364015923,-7.470457444546808,7.732066710956007,31.773451378454354,1.0045444531792789,0.7164746463832227,1.1572995925248841
2024-02-13,187.5475975036621,188.5702670288086,-2.13538199838567,-2.1256643362162597,0.8964344771832389,35.2966236576125,7.483379787756754,29.777370441186648,1.45915061878333,0.6464238372406943,1.0494828709258206
2024-02-14,187.63204956054688,188.4344497680664,-2.649915985275344,-2.65298760466135,0.9333218663233334,-3.359307971943848,7.161337069053768,29.062305749773927,1.6779779746436418,0.5875319937625376,0.8564367819203217
2024-02-15,187.40740203857422,188.32874084472655,-2.6867150333805245,-2.243733087654798,-2.4043798663786697,19.77649847612597,7.593285776263009,30.99868802758391,1.7078208306454612,0.6096432024873542,0.7173574706964007
2024-02-16,186.96075210571288,188.11322875976563,-3.2765771262310825,-3.4630629400694724,-4.707330163931145,-23.96595068350793,8.126345962945248,29.825151243126314,1.7442860935524238,0.38259742637335337,0.7417748264851872
2024-02-20,186.3614944458008,187.90463134765625,-3.364757895289474,-2.9869256655120524,-6.23979624869766,7.865132405406761,8.355853258497001,34.24547940098192,1.3383965126993502,0.3816872810498328,0.620292018074346
2024-02-21,185.73603515625,187.67247711181642,-2.633448492247646,-1.469939661593156,-6.469578338092652,-22.90890253719329,7.992197248155213,44.55102955033463,1.2231217847493088,0.46814383215448135,0.5366380697086827
2024-02-22,185.24592666625978,187.45246002197266,-1.278175525656549,0.11945731627194256,-5.0872706532996474,26.396979555925103,7.294188210460693,43.18561001042776,1.35596901134102,0.7649832166982896,0.7077978052984698
2024-02-23,184.680411529541,187.24586883544922,-1.9695051367527083,-0.7288266158387069,-5.8799591371587745,-13.7161947670972,6.621241614122182,41.09329817996281,1.5395559351396046,0.8977863918530756,0.7415048559699909
2024-02-26,184.13413162231444,186.98198455810547,-2.411265902945757,-0.6307804312005061,-5.731618687981088,-9.424486421673905,6.327134781741845,31.413902859161567,1.1647165862764266,0.8795787914671421,0.7084123741821144
2024-02-27,183.69493255615234,186.68287048339843,-1.3841864462480413,0.5893529098568884,-4.624700174595064,32.91498847492134,5.751457571696765,30.807948601371322,2.387340794930845,0.9469015898386228,0.7806115628231273
2024-02-28,183.3784973144531,186.35678039550783,-1.8685072022440612,-0.4936363061846194,-3.3974011999905684,-9.876856858294259,5.875862159087183,28.293448526103745,1.6481039932491952,0.9846894592138755,0.7344606813095373
