Date,sma_20,sma_50,price_vs_sma20,ret_5d,ret_20d,vol_chg,bb_width,rsi,range_pct,vol_5d,vol_10d
2022-03-15,130.7961654663086,134.09829299926758,-1.9626259535929054,1.647060872670103,-4.669227462888925,-20.333917345150986,10.267518623442133,52.304934606781195,3.199747966250631,3.318147382058427,2.6686436222912056
2022-03-16,130.63101348876953,133.86582962036132,1.2631172675740232,-0.10454881247276004,-2.436155963139619,15.058214747736098,9.756784253498846,50.86935899511314,3.450238709620543,2.7397054352332453,2.887441257569209
2022-03-17,130.4375244140625,133.6562028503418,1.838276788175917,1.064336642435837,-2.830751193255221,-20.55318192039577,8.90229383789211,49.0510430274081,1.416259646689824,2.709134005608905,2.886484816256229
2022-03-18,130.6155044555664,133.62345993041993,3.436935650261573,4.816329159133259,2.705993245746585,57.67761109538636,9.427013792342315,51.55377386921642,2.927815910130574,2.4563269198549085,2.8762935784568247
2022-03-21,130.8982925415039,133.59078689575196,3.1952775704939893,8.059072371179932,4.369911210830746,-39.79266705560293,9.838808665624747,53.0528016358789,2.173013699797348,1.360905056599351,2.408577392278072
2022-03-22,131.39724655151366,133.64737899780275,5.648414026119411,8.258639367967913,7.745326078975223,32.289803220035786,11.053251960754132,57.22213860062732,3.537979895900129,1.3981280780283827,2.4873583210793675
2022-03-23,131.92761421203613,133.63955825805664,4.025648252557015,3.747717486218405,8.376571480385508,-29.13567725940951,11.135104464304693,55.82086139791473,1.2681164018233015,1.521015603532039,2.125038524883011
2022-03-24,132.36833381652832,133.6760026550293,6.151026765768199,5.77784424919614,6.692986279644608,4.937584479605639,12.517075907349609,62.42595094677639,2.7325315639697605,1.6621607371126381,2.1713056293627027
2022-03-25,132.7263027191162,133.68081619262696,5.940241161630069,4.075277099507346,5.364791580745032,-8.599787846643437,13.65730709486878,72.85113782275829,1.6216925900100805,1.6834849517307346,1.98694650853311
2022-03-28,133.04382972717286,133.73775619506836,5.525183062565329,3.9338576127240454,4.737646192747613,45.27895216778579,14.554157421801259,71.77241147995468,1.5489036752132683,1.7012519232690158,1.509949871415085
2022-03-29,133.4628635406494,133.79780197143555,5.974669553079965,1.8857069557201012,6.29860109578384,-2.0884450784593445,15.560779799676085,66.40490191941691,1.2315349000560962,1.3070236234928647,1.4303030270641708
2022-03-30,133.82845191955568,133.9157209777832,5.2646860296379865,2.6490688416118013,5.4744234098365485,-42.0595605804534,16.290514504922903,67.43630555292441,0.7894254211046688,1.120368022143148,1.2646556190226013
2022-03-31,134.08491554260254,133.99414840698242,2.938233123234232,-1.7690530234829027,3.859632161963278,88.71454435727217,16.479990803663224,66.67345813658045,2.2172657058515384,1.0258330681887255,1.52139284036809
2022-04-01,134.4940258026123,134.1299821472168,3.4243097358186687,-1.074632877897408,6.24990311542335,-30.865579362541308,16.595707514994913,78.69360890284287,1.54369621540914,1.1411376369451371,1.4593111054796315
2022-04-04,135.31745491027831,134.380489654541,4.864053480919079,1.0717092113714743,13.12961726627666,0.0,15.914856792545221,78.32037584615648,2.379148710001725,1.517452233076727,1.5485283865102633
2022-04-05,135.98672370910646,134.5747621154785,2.610540823802633,-1.3434379047003397,10.61057007393087,-17.43890216637114,14.716080055234231,66.16270248075463,1.855016599064956,1.6841172041290513,1.4606674099692973
2022-04-06,136.1419506072998,134.76558044433594,-0.45388895234640236,-3.797775749878818,2.3444722624153203,51.59211877859744,14.497109064986386,55.18969118560084,2.814765315164809,2.0582773687249363,1.7024854723553522
2022-04-07,136.3136043548584,134.8976922607422,-1.0594159279506667,-2.2859444217138924,2.6119666359253557,-19.200443513613408,14.14458005865077,49.515839042709445,2.1613393566669106,1.932412676232651,1.4593931163263918
2022-04-08,136.4831729888916,134.98269989013673,-3.073792197112493,-4.89689257139021,2.631080193390445,-4.162537165510405,13.482176289178021,44.79850771293481,2.029071118575223,1.8801296572630077,1.5219689852420044
2022-04-11,136.62572059631347,134.89282913208007,-6.417734373044887,-9.895691356873693,2.2806432600455118,46.70272850210804,12.464026003902326,30.09814576614619,2.657896990456821,1.117094457467858,1.7384149681501861
2022-04-12,136.55210189819337,134.74218658447265,-7.173342444289984,-9.158851738683415,-1.1482367607118071,-11.316560026027545,12.946667376318352,30.631891020896674,3.766999536135311,1.2389476322573074,1.6394658103071693
2022-04-13,136.38404541015626,134.58834869384765,-5.472882675900948,-4.873018707450438,-2.540900685994163,-14.619382451849583,13.634031271744837,27.66844121756064,1.9962449192286376,1.8684281711767226,1.857043977235826
2022-04-14,136.0312614440918,134.16613891601563,-7.536218886830453,-6.739722537184322,-5.311598557968433,13.140933829848178,15.20407195794762,24.42137768271064,3.060450894616158,1.941219319009928,1.8899091987991035
2022-04-18,135.61197967529296,133.8601806640625,-6.55763582214039,-4.209698136851136,-6.206769201578444,-34.14773086904235,16.440810126071778,26.988097756762514,1.5903433405354843,2.112218487488017,1.886769003193374
2022-04-19,135.30964126586915,133.59649322509765,-4.63792016030308,0.920277558934024,-4.4764064672546455,27.306805074971162,17.042307455836518,29.987433455666732,2.564050200287076,1.8226711432678122,1.8554028722441807
2022-04-20,134.7226764678955,133.37494674682617,-5.673035581003611,0.2548653834197001,-8.456541904397497,19.65269913174783,17.76202727126553,28.698664529046027,3.0451439234943978,1.9373294809804509,1.8493827164856096
2022-04-21,134.05467414855957,133.08544448852538,-7.591055434440097,-3.910487702829779,-9.734907437859587,14.98611812216053,19.14677580717218,28.390163558416518,4.464223824344801,1.9642521670887427,1.8104083825093418
2022-04-22,132.96607360839843,132.6496075439453,-10.700277571961077,-5.598133953327,-15.494952156087328,56.077484497612915,21.289046506804496,22.332397181384366,5.413942752134073,2.4217619836507587,2.0733182523269607
2022-04-25,132.0430980682373,132.3410188293457,-7.491526502052433,-3.6048138761627713,-13.128110806512904,-18.908656212643272,21.900231911706562,23.60482250092541,3.872869044552749,2.9593339948469923,2.4250309564290915
2022-04-26,130.91137237548827,132.0307131958008,-10.045835681640346,-8.737115346546709,-16.122052057894276,58.37235518557058,23.26646899698058,22.39087609238048,3.370417613053453,2.792155170258668,2.455119045221119
2022-04-27,129.51140060424805,131.6092672729492,-12.411268305938043,-10.735314909610928,-19.796424806272473,25.687847345799007,25.121548746460924,22.216163072637627,3.942003399148871,2.905018628440533,2.619206065953094
2022-04-28,128.34938011169433,131.25025955200195,-8.348844553824918,-5.041083933957269,-16.49729076911829,-46.76105423654977,25.19691735613111,30.092191068099154,4.669577645444168,3.9009828241199647,2.913441207976575
2022-04-29,127.11083679199218,130.78123291015626,-10.901556933635266,-4.619028994611751,-17.94669840517743,-12.69945176335815,26.482188784104583,28.89190427191106,3.597859400824799,3.8179009006769387,3.016762702168077
2022-05-02,125.94129791259766,130.46450622558595,-8.124862811342458,-5.2740552920527595,-16.815858138184336,-16.735401630893243,26.31697739414214,35.910250608900725,3.5558359079750392,3.65362471847835,3.1392757779987606
2022-05-03,124.66903533935547,130.20508666992188,-6.589381634104238,-1.1091301243939977,-17.931899043789045,-29.73490178420668,24.495709603254813,37.95197696007538,2.0518359795261136,3.3904522631234926,3.0477263463264626
2022-05-04,123.75940780639648,130.0551693725586,-1.9515654299753178,6.970160876044629,-13.037823748414112,99.91989746876003,22.007697428904173,41.67197284489206,6.32949378951406,3.18318659300414,3.4456958375757054
2022-05-05,122.76479759216309,129.83518157958986,-5.810284937334538,-1.7017886908848312,-14.677991898399656,-8.165718406923627,20.993783521249217,39.44155118180117,5.178726008897221,3.8199325523742442,3.6576994556035096
2022-05-06,121.76524925231934,129.49883270263672,-5.655751351984183,1.4345949606986652,-14.82245452609775,-13.372600349040143,19.71698333661487,37.63247205842459,3.072230965073455,3.3461202755639117,3.444365273708075
2022-05-09,120.73421440124511,129.063154296875,-7.509841017732651,-3.492798712081413,-15.587734831406763,2.7499370435658532,19.44442074500359,32.19358278596603,2.7343992103636694,3.4005284149994344,3.332969849899431
2022-05-10,120.01819915771485,128.65301300048827,-5.400063749181921,-2.5048293768672347,-11.200211999488497,-2.21067594725749,19.422512449477367,36.09045652192651,2.9280149147848085,3.5283011824971213,3.265503642874248
2022-05-11,119.31789054870606,128.24690155029296,-5.5040452731108935,-7.081990606370814,-11.049645843411271,-5.929824561403507,19.500166057663098,37.974090735195176,2.7534590584204683,2.418367181152256,3.0545735968605077
2022-05-12,118.47178382873535,127.8156103515625,-5.464602121039564,-3.142769050044758,-13.126083351728246,43.43262109021153,18.81352982126094,41.95235753834954,3.961661285691291,1.581549094479945,2.7621670530177003
2022-05-13,117.94181251525879,127.46130737304688,-2.341485940182838,0.26263575092466684,-8.426980399958984,-34.91715580652352,18.10979910684505,41.6314205704821,3.679429801029799,2.213139349541945,2.677994169944601
2022-05-16,117.28519897460937,127.11469650268555,-3.153364536139061,1.718948007344956,-10.363297276865923,-25.823391746104228,17.05336209589555,44.62895250513517,1.992655595283768,1.808991628020318,2.623146349461478
2022-05-17,116.61347236633301,126.91807189941406,-0.8694676322728692,1.8165122695634972,-10.411614759888932,-11.296652558676412,14.3132373531571,52.958509523949715,1.7428921610530428,1.8272166866309203,2.6847947269637586
2022-05-18,115.81249961853027,126.61625228881836,-4.103307927940789,-1.4990820413840589,-12.605822134822798,52.364014921488675,12.257246394330549,41.08925800423705,3.435676995213223,2.6749062864819244,2.480776422740451
2022-05-19,115.09638557434081,126.15898727416992,-4.813493411630287,-2.1799929862670764,-11.561554089658399,-2.795649945909018,11.363048510245754,44.56379455429389,2.726846339143115,2.7175320571599504,2.0992632914473046
2022-05-20,114.56403350830078,125.6920851135254,-5.649888516600508,-6.15464020366564,-8.96681038324142,43.398547328959694,12.233536139814813,38.46488355983014,5.864584057949996,2.0207267001853384,2.1152315821939043
2022-05-23,113.98907737731933,125.32719192504882,-2.927601215314342,-2.583784506293463,-9.413854573565484,-24.05538989420367,10.93163202776241,41.6716092841192,3.055487408262044,2.577092525106235,2.1463426309840163
2022-05-24,113.35983238220214,124.93056869506836,-7.2199306354695,-9.017530185228019,-10.686884522511686,106.48666092943202,12.539056955174777,27.175773642989455,4.316320726869557,2.8384212135221163,2.5349121850108522
2022-05-25,112.93854103088378,124.4662174987793,-7.018839447028738,-5.4463988665721,-7.427733298108896,-47.56707475905184,14.215061619899094,32.22358977450034,2.49846535996746,2.6392747420541363,2.541537320379259
2022-05-26,112.40606422424317,123.96027984619141,-4.823503530795453,-2.3477212771193856,-9.053134475032332,-5.737989964727507,14.46185576083553,37.30444647244788,3.1769366190329573,2.936230270996049,2.6672455086465616
2022-05-27,112.31708679199218,123.53305786132813,-0.7504280166024011,3.1297012607937047,-1.5712929839732714,-0.08959628965953259,14.47311324483778,49.701823001983136,2.8308436042187863,3.501626958458041,2.8777912953767553
2022-05-31,112.17709426879883,123.0891421508789,0.6523573341590077,2.0396914648112663,-2.41973982103334,31.909057340296453,14.222101746335362,49.0163502827936,3.2141679441899758,3.4022418963145937,2.888831461160476
2022-06-01,112.00628471374512,122.64828353881836,0.9210563577805437,7.475702259345507,-2.9335082299552506,-26.805566664000636,13.80986055637794,50.45935473484317,3.3817138364737827,1.7404966212390602,2.8212172481374616
2022-06-02,111.7760986328125,122.20671020507812,4.441326720614784,11.169126064110667,-3.793937461230301,3.7862645467956035,12.129270005932831,56.92829019974457,4.21092512325342,1.613950830039494,2.6762518090248615
2022-06-03,111.67861061096191,121.73558013916016,1.7939352848164039,6.260645740630477,-1.6861799409650047,-31.206569804169305,11.817902063287754,47.803449638225985,2.447159877115462,2.6950760892422276,2.8023326728440994
2022-06-06,111.73190803527832,121.24426239013673,3.7702300503130255,4.010101874253569,0.927891988473939,28.336394245485153,12.035754513269605,53.39023902717198,2.724691787046373,2.2330682001167568,2.7697178819527446
2022-06-07,111.96209373474122,120.757470703125,3.8485231532274367,2.9777027046202775,4.122706787136665,-5.819569494961541,12.545532432567635,51.01468277860626,2.2526771214024537,2.2245614078285336,2.711236246442509
2022-06-08,112.10099449157715,120.27587890625,3.759253481053067,2.899229871922504,2.4467897811651262,-17.353592909148464,12.952902032562536,59.18978599857766,1.6814041304479683,2.229054335203694,1.9404800895261278
2022-06-09,112.16218299865723,119.72662933349609,1.6156666431415685,-2.3694363190094436,1.0853781358849401,-1.1873755170828892,13.02348854294329,57.506889944958175,3.067868859364178,1.8625210712572178,2.14450325683975
2022-06-10,112.07868881225586,119.11570510864257,-1.5621170643949345,-2.9504781506488276,-1.490997271619765,60.679122412590125,13.115183849483625,53.53794961002959,2.620513432934165,2.0397835000873177,2.4512990023420183
2022-06-13,111.59941101074219,118.46710556030274,-5.380624708512509,-8.926509001207595,-8.322223990061007,13.99208723342662,13.867412749022195,42.51467781087193,2.511918542155152,1.9942976868203621,2.4348618929014347
2022-06-14,111.21583442687988,117.80341995239257,-4.766045255549487,-8.906558914216467,-6.753895491315365,-28.667569626682464,14.523731483091614,51.29240415878521,1.9908040185269449,2.0001460040562025,2.3731382502802894
2022-06-15,110.88292541503907,117.14426010131837,-1.7509906735864857,-6.339482842986133,-5.759693608674576,17.777250341185535,14.17992544001255,56.240256565203296,3.4200471771390606,2.868116387569973,2.612798455833885
2022-06-16,110.59182510375976,116.45829284667968,-4.840751279930706,-7.6648825484913585,-5.242200212503989,30.192956824021365,14.929129238288134,47.37220225312647,3.31074426916692,3.021029241713863,2.4336569278810307
2022-06-17,110.43101539611817,115.87461318969727,-3.7045579057481826,-3.614547562298509,-2.935656140070375,-0.5959291076542028,15.326905606658647,41.3941332954118,3.409916023148916,3.0366939731953284,2.439546809741202
2022-06-21,110.56182708740235,115.39137420654296,0.13178153534581827,4.841969627695608,2.4203927485410004,-7.707879165369047,15.179069467091,46.64041754546033,3.4869679442172674,2.869706141505295,2.7633499139197673
2022-06-22,110.56180267333984,114.95864379882812,0.08107755656836917,4.471694696395967,-0.00044127675153937673,-35.09785726337101,15.179070827274904,46.34977152303431,2.6585911479522566,2.894938926651826,2.7558742593482957
2022-06-23,110.873051071167,114.62950088500976,0.4755420690643736,2.2571069286689394,5.91865781691121,-7.8377851433027885,14.435755482947604,41.02069641452865,1.9974669283797972,2.685369442076525,2.7760266219175285
2022-06-24,111.47698783874512,114.436171875,5.03540128214317,11.2620082020902,11.50229045524014,45.137860517593964,14.286634390516523,55.26493317801489,4.345414754845022,2.2806108048576954,3.1966213201728113
2022-06-27,111.87602348327637,114.15707107543945,2.760951863264031,8.110616283980976,7.45971493073303,-11.524633174618604,13.96838486796371,48.48033370947135,2.935248798141602,2.9081837676669444,3.054289576893795
2022-06-28,111.86068954467774,113.8648291015625,-0.619646109994803,0.41552908321105253,-0.2751118152917509,-1.724327292696326,13.978385453657788,42.85259102751034,4.876014633016305,3.1889824833806384,2.8957493011455355
2022-06-29,111.75843658447266,113.54772491455078,-0.8004818655370486,0.1919424440192996,-1.8112472881969155,-30.94546267322307,13.983604507789943,42.42046600201632,2.0483180757736905,3.193564104162554,2.906994489136819
2022-06-30,111.51383438110352,113.12996078491211,-3.0202106733782883,-2.921372246336995,-4.327790019335021,74.66418514322706,14.258986271706275,41.980193113885285,3.797619912844132,3.349711021874993,2.912516048529853
2022-07-01,111.07291603088379,112.74680603027343,-2.8367335433508383,-7.830049142322482,-7.553823659176883,-17.82256196432708,13.872334880480865,46.34544622213465,2.3170485450844067,1.357600037708187,2.6675199994221517
2022-07-05,111.00949516296387,112.51750854492188,1.2648828722994019,-2.2191400371963765,-1.1157586701255107,10.897508174540537,13.754381205685368,60.434969411105385,6.750218650526129,2.893936337537328,2.93499700616224
2022-07-06,110.89791297912598,112.41699813842773,2.5382816288513363,2.2895757058580823,-1.9247523470310668,-4.854862487926392,13.331223715214213,61.58552012891795,3.590320979683201,2.431366723250869,2.679924965198651
2022-07-07,110.97897605895996,112.33182189941407,6.229347772147263,6.339679793965303,1.3943819730745766,9.360974567215209,13.823222030761098,62.858392926660756,3.667187462365408,2.7474386506486876,2.877481602585081
2022-07-08,111.08614120483398,112.34578643798828,6.63657649998788,9.535801212523797,1.8426686676732862,-6.590775845221808,14.46722552273961,70.87249366640938,2.33214833485916,1.9535868392254427,2.8781218622264984
2022-07-11,111.12787551879883,112.3732192993164,3.312544866801892,6.381421961177658,0.732345724696537,-18.416235158742612,14.59049482840888,62.37562212627883,2.306002855833187,2.903203938884593,2.6235115624418452
2022-07-12,111.2697540283203,112.28385467529297,1.7037016639727793,0.6688009186740063,2.5719428054843396,-3.96204641620721,14.644273294222748,53.90240108997743,2.88018082428816,2.573318518243632,2.5994057567640754
2022-07-13,111.51594352722168,112.22914825439453,-0.8944801884827288,-2.8091458684539883,4.662915454523886,45.934579439252346,13.829720783779445,49.80490841518388,2.6891828246933303,2.706369565509228,2.4838606154475253
2022-07-14,111.69717407226562,112.10577041625976,-1.9314058413269826,-7.084769898110144,3.4221807824255768,-15.365262339325735,13.101949703190657,47.28901792839271,2.464494722796182,1.3688330714586667,2.498000381760061
2022-07-15,111.7970687866211,111.9954734802246,-0.7672819836869593,-6.347531495492231,1.8339168875712852,26.39174143335856,12.903107420547727,39.75601301914447,2.004429761994151,1.6645798599032706,2.3823165354700078
2022-07-18,111.94576950073242,111.73283752441407,-3.3350124087812487,-5.745777748243142,2.825979583147542,-7.708787684413087,12.06150220904349,38.97518762001852,4.870217021044346,1.5137289903583804,2.5349759977695254
2022-07-19,112.27659454345704,111.67933197021485,0.605594423898627,-0.1846175876297984,6.222022483389367,-15.368380571116147,11.083865292355657,52.833277349102374,3.918811334809555,2.8787896602721195,2.5756298927923242
2022-07-20,112.39351119995118,111.64267898559571,0.5804152602863514,2.286862201972606,2.112171764517634,-2.5471587067386836,11.007616927936223,53.479381474653486,2.563650684659444,2.575630925147193,2.5479198909895144
2022-07-21,112.53506660461426,111.67898468017579,0.8419464249501213,3.599332395711907,2.5585821605087933,-8.213952652217394,10.925527456488268,59.17732015030332,3.008573160384371,2.4676752339919825,2.205785374384538
2022-07-22,112.31959457397461,111.55005905151367,-4.655230580500597,-3.468935354794611,-3.8684282256705838,49.65387652174977,11.752901388590717,48.820744352563786,5.412415435869982,3.709457158455515,2.7316958912213005
2022-07-25,111.8002685546875,111.42912307739257,-4.558564565759399,-1.394094917013744,-8.870521513286423,-29.05920509108161,11.903639354422884,40.831584347973525,3.32062098771101,3.569587262652906,2.631752626836691
2022-07-26,111.26364707946777,111.27381637573242,-6.319413510377575,-7.723411646220024,-9.335399429611424,38.33887273031256,13.087981665056194,35.32943633277705,2.980382168603519,2.5033064456833913,2.6736733682788727
2022-07-27,111.31587715148926,111.21445495605468,0.8051622510430277,-0.7374969013940302,0.9396640013868751,24.728594944885508,13.103534185747574,42.135269797384986,5.218469532357108,4.898017571364225,3.699971335128295
2022-07-28,111.44085845947265,111.2099887084961,1.7252184640167263,-0.10494551539442787,2.2546813932887932,-45.17637428268333,13.183708909499373,43.0578737142016,2.521447402064956,4.920682542311144,3.6862701286361905
2022-07-29,111.80594978332519,111.20695175170898,3.2572133715738474,7.803513568408538,6.751830366033662,13.428569687292402,13.205404114355467,50.90898390384438,3.137896780824448,3.7495258409649224,3.7052602883048578
2022-08-01,112.1097785949707,111.26571762084961,1.6848405427873927,6.8365604218769915,5.6305221383215365,-30.059317526072306,12.857543532339102,51.19243379747491,2.072091999099303,3.883442260661483,3.6185081022390473
2022-08-02,112.20242919921876,111.35992599487305,1.8397267816576104,9.62676349225009,1.6483872981917225,-22.271772238930954,12.96065990992683,55.756253537002195,2.2843718545645006,3.414037545479102,3.362744517754929
2022-08-03,112.37651443481445,111.5419905090332,4.287376799668459,4.440132769725813,3.0618402441238812,40.83316861039732,13.496344993293688,61.0915304167987,2.659213534008124,1.478611042742568,3.4462976857189966
2022-08-04,112.34708671569824,111.67502563476563,4.411864587251093,3.475750861023208,-0.4992307977053634,-24.19769114705779,13.346706695146441,59.580183854748206,1.5991195114708807,1.5142216326589077,3.4478049498910672
2022-08-05,112.253617477417,111.90330047607422,3.862196872726662,0.9886424509921499,-1.5780931121565867,-11.310518495202038,12.860023498029058,63.422369833995425,1.796203786860689,1.4461459920827662,2.7738390827650083
2022-08-08,112.334183883667,112.1314764404297,3.6375218610636293,2.1243363770293344,1.4034854551193687,-0.11065006915629283,13.125727677977524,56.5039095571632,2.787727354975494,1.235760106686643,2.7638296626622143
2022-08-09,112.46367988586425,112.3069009399414,2.9268994582258943,1.3028573244669994,2.288613570053366,-0.2706614485090131,13.379002067437249,54.97991163700382,1.3804344064703065,1.3170503950404584,2.5870549104238965
2022-08-10,112.8778751373291,112.4534635925293,5.248579839167798,1.371942565940043,7.4954947491953305,62.0538076651036,14.123488038388196,58.92143109745888,2.0969044033653947,1.3475550107698315,1.3708342722380322
2022-08-11,113.29832305908204,112.55426193237305,4.1046359540451345,0.5499560364271794,7.676620484179586,-21.45688384243334,14.326036302474096,72.36296062806043,2.465500164477532,1.4224974551467464,1.4180554982964861
2022-08-12,113.78973503112793,112.70885360717773,6.132165109104499,3.583900416469188,8.859116739444639,-21.394023965060903,15.263986947517209,76.32842527433766,1.82445859232028,1.6529448182132422,1.4888613871243175
2022-08-15,114.43734283447266,112.79733520507813,5.878480977079055,4.07502236319135,11.969201637016136,2.0867916821583288,15.489869512526905,84.3674062768481,1.3843401180031352,1.6040405652338197,1.3650620707514518
2022-08-16,114.82888412475586,112.93944137573243,5.189005419394365,4.347083027485166,6.932600917811338,-2.326774319305658,16.146088599676165,75.17474967925972,1.4708306987785862,1.5513452457344754,1.392821931698385
2022-08-17,115.10926551818848,112.99362197875976,3.0790072589171107,-0.12531095747448928,4.960489357364128,19.987185681574694,16.300443347680364,64.6831613600816,1.5976609061920812,1.5453104027601015,1.3757445753172348
2022-08-18,115.39858016967773,113.05357925415039,3.3538232698563375,1.119161675329794,5.098839380586151,-21.26887556353132,16.510089342154885,61.54767701808369,1.747523097378045,1.5030940566236188,1.3809703344135964
2022-08-19,115.8605884552002,113.05389663696289,0.40603601362129915,-3.6735752110382602,8.628342179128246,21.24674082845499,14.999457148494194,56.466673181801475,2.039074659428992,1.3165756435449572,1.6043098913587637
2022-08-22,116.19456481933594,113.04207580566407,-2.4194388206216675,-6.422021756941964,6.259878714800737,-1.6181022031683479,13.184492754684122,47.867724164196645,1.5581222098931715,1.3580852026035724,1.7932744663378737
2022-08-23,116.63325080871581,113.09564117431641,-3.1098283398425597,-6.442068234515485,8.417456243814026,-26.034879710671778,9.373132848279383,38.46994604380761,1.387670668000186,1.354181989463365,1.7901038720153943
2022-08-24,116.66451530456543,113.24049667358399,-3.2804103320120728,-4.9017081239571265,0.557239045678326,11.746395806028831,9.198778607120545,37.745139086600474,1.6800035110380265,1.4114480761129211,1.4871523294391762
2022-08-25,116.78510398864746,113.43769653320312,-0.8647280744218787,-2.9291926222330233,2.127470131286069,-4.385776955781351,8.833085561755148,48.00972895356283,2.237462988607436,2.106286688965834,1.7767261985549014
2022-08-26,116.48834609985352,113.44912002563477,-5.988406548299668,-5.861268620792326,-5.140992291680336,119.6505236837139,10.442278491230109,36.985785887077675,4.468008400216726,2.9922763326287556,2.1909191195651165
2022-08-29,116.21838645935058,113.51634216308594,-6.555700783977122,-4.219185072823317,-4.736190147109176,-43.10430465798737,11.98233875791719,36.64322200560795,1.9649003221191577,2.8926760246689236,2.1458164020080615
2022-08-30,115.91120719909668,113.55200271606445,-6.71906130002614,-4.321087381986278,-5.3765340527221595,29.833610177809653,13.484940386405547,27.950839478503582,2.478425635885578,2.888556031519905,2.141199309690674
2022-08-31,115.42190399169922,113.48602127075195,-6.942745544429772,-4.81133351846057,-8.350274592928052,4.0478604892906445,15.0006710923544,28.112134465539967,2.513399732047652,2.8667071081696824,2.1303540830874783
2022-09-01,115.00257263183593,113.45133361816406,-5.29163099617522,-5.923693290449339,-7.1495000172029926,-0.9295420407307797,15.783278051012942,23.975619956009055,2.81574302719281,2.5251652310085273,2.2158425324781907
2022-09-02,114.52518043518066,113.36415222167969,-6.534764807787904,-2.2566556051962783,-8.189312834034057,-14.809826204387022,16.951258253775674,20.875963947998827,3.226699839383027,1.1456327417129522,2.1689640444159104
2022-09-06,114.00461349487304,113.14252670288086,-7.013389788389689,-2.3853077078064833,-8.94288457316611,3.756513677169959,18.196892364573998,20.32682033398973,2.1065443792054146,1.1579784449070247,2.0853104657517654
2022-09-07,113.64830513000489,113.01581359863282,-4.416338368163251,0.4681233420543274,-6.156229953173186,-7.584479202817906,18.665253595172743,30.257963816188862,2.814072103182596,1.7577568590645223,2.30930644644043
2022-09-08,113.0865493774414,112.94380752563477,-4.880601560864283,0.14783807153182504,-9.456979643086283,4.624250010791209,18.829862076497207,27.352996591473513,2.251333155422057,1.7975437255167723,2.315362500541568
2022-09-09,112.68012046813965,112.92293548583984,-2.538062507918713,0.8292252081941509,-6.891615446682131,-4.293205381565535,18.60996811836271,37.056033898274215,1.7803896914022046,1.9483999761349111,2.2452332150444194
2022-09-12,112.14317779541015,112.96059097290039,-1.8855554400361594,2.790912229613629,-8.89217100076637,-0.9953572983528503,17.513009330727257,42.51549070319504,1.5244474401062262,1.6457417189826575,1.4394942082002218
2022-09-13,111.26183700561523,112.87290359497071,-6.942301822189013,-2.331236508006773,-14.547836080677644,66.2090495846178,17.205498966542372,33.40291086203828,4.035665956847256,3.368608115102821,2.3748808286943945
2022-09-14,110.43309860229492,112.70888275146484,-5.6328271165184605,-4.065774103667796,-13.72227020218305,-30.853825619745944,16.20688232991514,35.14525242437779,1.542852492559524,3.0618435375560593,2.400372106396633
2022-09-15,109.60733757019042,112.47739181518554,-6.81438872494967,-5.047054930068362,-13.918866523278117,29.52517702149262,16.06045192880074,25.792784466852495,2.8374288844967075,3.110627864443368,2.456220354223842
2022-09-16,108.74535026550294,112.16012893676758,-6.176127750163968,-7.094439855840717,-14.454525950107744,25.180836718994513,15.029503131017673,33.00268838911876,2.1303450846291287,2.6924611691549787,2.3728568365582943
2022-09-19,108.04365272521973,111.83690124511719,-5.3187570172001,-7.026880925628909,-12.063807488847544,-46.17217948837774,14.498646510555496,35.25310856058266,1.7269804837170883,2.703599684942991,2.353843875306747
2022-09-20,107.39356422424316,111.5483512878418,-6.529279369561122,-3.0483253350884643,-11.46709352706683,15.107567023197666,15.120831217681324,33.02867254624179,1.8291537617954248,1.2355681731686992,2.394064651153412
2022-09-21,106.6700309753418,111.255751953125,-7.625889818915338,-5.447615271382178,-12.805200506105107,18.743376915273547,16.086036644803958,31.46763041611088,3.6361811590839386,1.0929953848891856,2.1739835871686983
2022-09-22,105.99761123657227,111.03316375732422,-6.23463627542587,-2.691666765639822,-11.918379854155159,8.928361593404333,16.324848864217326,29.5396027243481,2.446571762707096,1.2522391328460314,2.248186191106026
2022-09-23,105.10882682800293,110.80235763549804,-6.763736982154921,-3.949418678819183,-15.353619343954428,-7.793904124366591,15.325562361652295,30.169750968996723,2.217948641671811,1.2740722348059232,2.013788115351074
2022-09-26,104.50489044189453,110.53224868774414,-6.766255416525372,-4.754046789887012,-11.029537421165859,-14.395707247971568,16.199931192969235,30.79997635803761,2.11876768916771,1.1487845824176222,1.9728182660834503
2022-09-27,103.91335945129394,110.30337814331055,-6.875460974337042,-3.598969963918641,-10.893811223387262,11.081643131272468,17.134006816072638,20.896257835413323,3.2102535932491976,1.0307426051270514,1.074415665081749
2022-09-28,103.47219276428223,110.03024200439454,-4.032449935832282,0.7755951029651431,-8.160454916932148,7.959019446144033,17.19954876870271,31.076827757990642,3.588202127323723,1.5975387329283135,1.4546814149085714
2022-09-29,102.93624153137208,109.70311340332032,-6.068621898004521,-2.7162102816117417,-9.979684251747067,-4.370993922929312,17.849268959516067,20.42915422721441,2.750975524068618,1.9414561132787296,1.5401822659266617
2022-09-30,102.23702430725098,109.33211669921874,-7.1444840918594945,-3.129428767435971,-12.839443493079317,6.1013553557164535,18.38152250679852,18.219819706376313,3.491901635131166,1.9963028636147728,1.58160567545994
2022-10-03,101.77997703552246,109.14830520629883,-3.81184328690882,0.47874667034588647,-8.539649160220296,-15.055477133706718,18.277086672169347,36.06473406919689,2.808195751825634,2.608335692611302,1.984530103774854
2022-10-04,101.52341575622559,109.03178558349609,-0.6359279419664758,4.246163476939069,-4.840366712331212,3.1048531198627716,17.90864279762687,42.59915083714124,1.4364414534041647,2.8421309287810277,2.1835013550332865
2022-10-05,101.12542343139648,108.9605241394043,-0.4509830334670053,1.3792953493450222,-7.327537770096426,-23.13246079831408,16.723101844114108,46.445729307429296,3.085869312827214,2.684040438961556,2.083602806015331
2022-10-06,100.78003387451172,108.72947021484374,-0.11964624754813333,4.105954600376838,-6.421835110355634,0.6633028060729851,15.664549428541156,46.66990669461495,2.3072411847091425,2.1764312754301156,2.072449117019062
2022-10-07,100.1860221862793,108.4210009765625,-2.241857022820477,3.1677998453912393,-10.817892039220645,23.198351549901442,13.437895456871912,40.53473067727052,2.259825416135612,2.462306505918891,2.2163840715861105
2022-10-10,99.54089622497558,108.05456954956054,-2.4258968291110734,-0.7907505510059032,-11.726508070213203,-33.73365620954958,10.073388266007763,42.57248016621802,2.1357003115219158,2.0725580913805426,2.2253627677612142
2022-10-11,99.18657264709472,107.7036212158203,-2.757772210428935,-4.3880487859294774,-6.844339068597849,45.44282335899392,9.723557417520682,44.97607092363436,3.0253163533378404,1.068326087402037,2.2257819946446236
2022-10-12,98.81736259460449,107.35485610961913,-2.0127743886017204,-3.815433725137718,-7.085708964399706,-17.46965907247492,8.712947524267015,43.682677401892576,2.0602728439217874,1.190214954228499,2.037352898460568
2022-10-13,98.62630615234374,106.97730850219726,-0.3134736486948896,-2.3269703666222163,-3.741133404847985,58.044742279351254,8.139218258767093,50.779715849876794,5.451243346422268,1.5757588935875297,1.9153699731949114
2022-10-14,98.31664543151855,106.54795242309571,-2.523236351679858,-2.148367193414824,-6.0700471795816835,-26.50450476507252,7.854301772632269,46.41423561046078,4.473902034020655,1.5132461465442701,2.0081899894342476
2022-10-17,98.16280784606934,106.20057739257813,1.0773059903323061,2.1561496677628966,-3.0076634724717,11.839500682783232,6.952506611244502,54.902743434369334,2.1006286370697707,2.2822970040620048,2.078654882036059
2022-10-18,98.14444694519042,105.87245651245117,1.9052259058415997,3.6941855027378567,-0.36582226519317196,-15.336462673122398,6.858777670888647,51.53581502335134,3.473256045048025,2.1912038225477803,1.8397722067438012
2022-10-19,98.16181602478028,105.5350064086914,0.7345600759810013,2.1217759205754305,0.3525446364001983,-1.037376302435089,6.882136907215192,55.034202931439665,2.107797382328096,2.352880858806761,1.8703429869663775
2022-10-20,98.15337982177735,105.14336563110352,1.087014869414986,0.9186424621374867,-0.1697612235274537,6.350399603546242,6.858105153559337,60.52630691709206,2.930879533258421,2.2732147117356494,1.8768261017995456
2022-10-21,98.27198333740235,104.79182174682617,2.1365491365092444,4.732808068144623,2.4204912169688564,28.17771845580337,7.137564086929657,56.661311656647605,3.5498827602008003,1.6906084225160938,1.6749034971273284
2022-10-24,98.48785209655762,104.41149551391601,3.3134499828307766,2.5507639135268434,4.431084675204766,-16.273911154790554,7.733807554657181,52.576100712715686,2.7019086361370235,0.9970936216751625,1.6607066035826794
2022-10-25,98.8342357635498,104.0621353149414,4.91962578941175,3.6816627135533686,7.158992043715995,49.43627559205781,8.841133630967283,58.098816940046845,2.009952533162633,1.1845633113868594,1.6606189134871858
2022-10-26,98.58015518188476,103.53075042724609,-4.4248646328286885,-4.7174567325289685,-5.1174476662824375,116.96888065912528,9.784026251774948,38.561867300270734,3.8133309865692007,4.657442638144727,3.546886196410427
2022-10-27,98.32210502624511,102.98824920654297,-6.909613967691435,-7.752337830524647,-5.337711785199673,-31.09967644224931,11.630685883461794,38.60268080312887,3.936236397059423,4.668857877012744,3.5777337727831817
2022-10-28,98.35386505126954,102.51423065185547,-2.832576208062679,-4.785910634218471,0.6691059992585568,-28.023962748040297,11.479145676996854,47.51505102419481,4.590306113110739,5.31578579142924,3.837804137114958
2022-10-31,98.14891395568847,102.06363540649414,-4.429648662027817,-7.813112851550663,-4.186935677766468,-27.512683850031927,12.228067657187406,45.91619893529146,2.169077744182399,5.1706575474692364,3.667383713530246
2022-11-01,97.59460220336913,101.59180053710938,-7.995357413008146,-13.409270313247578,-10.989766874107321,48.891554853985795,14.176177639940832,40.247609142641096,6.25621306106451,4.881093683823437,3.8159922915018054
2022-11-02,96.87702407836915,101.05803344726563,-10.899613968971625,-8.385132926353977,-14.25613691920422,20.942762513411385,17.330077923468796,34.23730933510102,4.944237083365936,3.5376590652690405,3.9227604534602323
2022-11-03,95.98426933288575,100.45737182617188,-13.731322839100823,-9.5315389569264,-17.73812010578434,7.450607749529703,21.43161609315053,33.33336585864684,3.8115789207045063,3.6770284989217528,3.968154160187651
2022-11-04,95.3838062286377,99.8604818725586,-9.910564356100057,-10.084120757977766,-12.261856974785212,-16.582528390549534,23.419072690668845,32.8903743898551,3.384153665061309,3.4028204475923025,4.254884925367571
2022-11-07,94.91881980895997,99.42675903320313,-7.472081339616491,-6.369694175198326,-9.574897861571529,-33.341874507334005,24.50191513127762,34.74155973460627,2.316649453324421,3.9102957422843825,4.323963953628356
2022-11-08,94.50792503356934,99.01943664550781,-6.639218487758401,-1.7353829840022539,-8.520259679280006,-10.710146160820921,25.34399147374533,36.421169285173995,3.070869865102177,3.550520319776751,4.224744054825586
2022-11-09,93.99976463317871,98.59027908325196,-7.802764869470495,0.4024448978318329,-10.496103255322797,4.404022478556646,26.41681281999087,34.47854091623776,2.473664303319287,3.122169377574749,3.286457607820756
2022-11-10,93.74568481445313,98.30682083129882,-0.5441770659626095,12.597383679280828,-5.1685763470711965,62.48524509665052,26.13613304546596,42.22031954829997,2.959334369861088,3.534256306210213,4.109584161148792
2022-11-11,93.73824157714844,98.0422200012207,2.078957038459262,11.353663947081039,-0.15533299191707872,-35.89609473828993,26.12718329014706,43.539868379259914,3.1220848686819864,3.4632190433268617,3.94466102754826
2022-11-14,93.52634201049804,97.80104202270508,1.5567681580063866,8.14780208768855,-4.271293684908716,-8.797086777171693,25.640187605983638,40.46479834812275,2.3824439414872445,3.70767904585404,3.899616087517192
2022-11-15,93.41071586608886,97.6348974609375,4.593778753836208,10.731159402745538,-2.3121917736847575,37.97710366308256,25.199024869294075,54.47361475220153,3.484356176461284,3.6737374811959227,3.635325201844688
2022-11-16,93.3720085144043,97.42448776245118,5.072952871448429,13.204313369595289,-0.7828929378919769,-30.10412864306161,25.057608569528217,58.976457033904744,2.0232676083688568,3.1926098341971825,3.2410691955508026
2022-11-17,93.29211196899413,97.2255906677246,4.641634417618684,4.705124614083034,-1.6104875307246913,-10.488160191306017,24.76333282300985,53.1034400098099,2.5315146892216216,1.7101161870754478,2.736496556225476
2022-11-18,93.10849990844727,96.96317352294922,3.856652650374804,1.0579825734385206,-3.6586452261599844,8.788758127787633,24.03291518332161,54.49231403115351,2.596734857202373,1.5660601856141847,2.7444346733748692
2022-11-21,92.76509437561035,96.6602621459961,2.2831785995030893,-0.10448592251398603,-6.749906442604791,-23.621583287171475,22.573048131707388,58.4681164672455,3.179917326411122,1.8054291740477442,2.8819363624811363
2022-11-22,92.39637985229493,96.51595245361328,4.248911053240103,-1.4120289208861325,-7.111416231763068,8.2739728558626,20.13814342104169,67.8470139675822,3.2663555582318904,1.2997383572141605,2.8870219067044625
2022-11-23,92.5715560913086,96.38613342285156,5.563356247505365,-0.3945469223185949,3.7185255880124,-19.499541352902273,20.688505694971223,78.7820111216052,1.696126156681232,1.504530054658087,2.7283740052864376
2022-11-25,92.83159141540527,96.27795074462891,4.198508429216676,-0.9150125645126073,5.682066922101159,-48.58305817755895,20.979179477167463,72.70443274209151,1.2723146679847337,1.5583178901300863,1.6495091301260625
2022-11-28,92.81968193054199,96.1439633178711,2.704216595126741,-1.4163940738075698,-0.24923604601464477,170.450656606263,20.95274428502929,66.11253008376764,2.051016302041732,1.6346122728468346,1.5315058720609616
2022-11-29,92.85342712402344,95.98754516601562,1.7476346298919674,-0.4288660907926345,0.7195040407186104,-23.53806574559314,20.986071565506524,63.15346144399051,2.1115685310205974,1.4411301500884401,1.5404852577157429
2022-11-30,93.37548217773437,95.98456771850586,7.343666322213374,4.059755031743806,11.628153581054224,117.56630794000506,21.766432435911874,74.29785831654331,6.5551073241055775,3.1485873175528645,2.345660340844002
2022-12-01,94.07122535705567,96.01851119995118,6.5497612422747125,2.569568455372573,16.120502601811747,-34.27550260610573,21.32904250379654,66.3876798866137,1.9803941403166447,3.1446536901221873,2.3466686220610997
2022-12-02,94.91534729003907,96.02446624755859,5.027059313267457,3.057677019825933,20.388345220772266,-25.120698850702926,18.55719635957719,60.2858444489178,1.86180313792644,3.0927606473027986,2.3484185892614824
2022-12-05,95.55551033020019,96.0391552734375,3.3263212022935424,3.571043847895705,14.899513127498597,13.614081477791684,16.468521463291697,59.526224636473884,2.3924378499250256,3.0167600101683583,2.3489953213928194
2022-12-06,95.97682723999023,96.0155337524414,0.28748537535114627,1.8804539706278822,9.594310356794523,2.07169812866983,14.540384209826179,46.275511364661384,3.464632392293417,3.3085565903033727,2.419885163915764
2022-12-07,96.27656326293945,95.96471817016601,-2.127730085271823,-5.990669901328205,6.794167188359279,24.626766811049073,12.521148114833034,40.79134937535054,2.27511689190014,1.0567537878841848,2.466237084276401
2022-12-08,96.5936668395996,95.8388687133789,-3.7128845013782006,-7.20863840965722,7.317900036612923,3.761909977001432,8.955848164519056,39.41737341137701,2.272975033211201,0.8123613121736657,2.4150695390312618
2022-12-09,96.53858299255371,95.74775741577149,-4.5626499784527965,-7.576662992030991,-1.1816061919866283,-12.379669267041871,9.38223229546084,39.50729287068939,1.6266315915608662,0.7113846024638771,2.413259536888494
2022-12-12,96.38474464416504,95.70130813598632,-3.916068126474459,-6.202262190503527,-3.215448645734298,4.232358088813615,10.06029071947854,44.43361539114078,2.0898049504477783,1.177248701726046,2.4039323764987888
2022-12-13,96.38127136230469,95.64155975341797,-1.5235394350902873,-1.3920453644725161,-0.07313532629842356,37.97994561522773,10.069633900314876,46.6884203438592,4.705636441748571,1.8081820839957337,2.5392487581252134
2022-12-14,96.21403465270996,95.51114501953126,-1.9300420837310834,0.13690766323419812,-3.4234111121609567,-29.21660257626183,10.167720400332545,41.7678414892934,3.4395753475940825,1.5285482602145588,1.4056214020029127
2022-12-15,95.81752967834473,95.30133026123048,-5.88504283413914,-3.041298792426683,-8.082970567543024,39.582231255394376,11.46621887455467,36.13444319628641,3.995154335277879,2.5270576444477184,1.8310784649173741
2022-12-16,95.41556701660156,95.07980392456055,-6.112660320280577,-2.76850193397411,-8.235050558935997,44.642581095569355,12.748864163764582,37.40754400154876,2.005323670673554,2.5204962308639347,1.8279888867674516
2022-12-19,94.969437789917,94.8765397644043,-7.57364806310502,-5.2191473966832,-9.22713809846164,-49.160343240513136,14.604447188273989,35.9081354627682,2.6571669032664658,2.510967581314919,1.8526601287442959
2022-12-20,94.64290504455566,94.70106567382813,-6.646533927310971,-6.912058187107684,-6.882844037670999,-20.47672329027227,15.934740398773888,18.04588917353351,1.954614614002074,1.935661155893501,1.8653074110094288
2022-12-21,94.2722053527832,94.55020553588867,-5.689884223591305,-5.774699943052686,-7.697075344712834,5.50784947428562,16.786954778707493,20.42503930198866,2.1210108138446486,2.130893689036868,1.8592924743918768
2022-12-22,93.74121704101563,94.35567520141602,-7.08262805350059,-3.411841376229041,-10.867363736360602,11.770577395577387,17.817605633621913,19.163368078339047,2.5296275827990478,1.3333563407884832,1.9054864134481428
2022-12-23,93.33280372619629,94.16054977416992,-5.112818029794821,-1.1411413252828018,-8.444473750443782,-16.831475542603847,18.284934566169746,25.67632843191619,2.7793379621574106,1.7020871757797689,2.034439345208542
2022-12-27,92.90304985046387,93.97852508544922,-6.639610004396372,-1.1872582535069953,-9.016156627684325,-12.631830630787288,19.29821991186633,26.506598571815942,2.208491038626105,1.71424269024172,2.0717992862740062
2022-12-28,92.44798851013184,93.70161743164063,-7.650842013196334,-3.37001847065721,-9.633357505907203,-2.8566026282137447,20.62564777271864,27.406268010405114,2.441291044028849,1.7164476150529984,1.7677447092749443
2022-12-29,91.82569046020508,93.45706512451171,-4.398535336759195,-1.261436704324126,-12.417070694892008,19.516780036059657,19.612355826796314,37.44030055116218,2.5325019118771728,2.310504718033278,2.1521792967768825
2022-12-30,91.19247512817383,93.23077484130859,-3.9741390373273884,0.535561453975375,-12.634909500113267,2.797694302183551,18.129216625975054,38.6587617940083,1.9607880438753729,2.090476085375495,1.707107495026793
2023-01-03,90.63071975708007,93.0154022216797,-2.4042941389988486,-0.1232786433318811,-11.270406549811007,17.28028082697206,16.124928092427016,39.87437689087635,2.838876044343971,1.9855088614827845,1.7469414526882756
2023-01-04,90.06499443054199,92.75635971069336,-2.937331476848622,0.7895775725241805,-11.459585626193181,23.900864520532373,14.113224023009138,30.551265174089153,3.837425990630261,1.7842595259563228,1.6627466472907488
2023-01-05,89.53003616333008,92.43240737915039,-4.441475839776102,0.20924439316176713,-11.115698745406632,-21.978034589210093,13.29341268690501,28.605882793559317,1.9373529327942345,1.933975768777079,1.7660825963745017
2023-01-06,89.15288467407227,92.092177734375,-2.7681174949329526,-1.2549473644141274,-8.005078271120736,52.16919659929986,12.664526310114017,40.03397796873034,3.2402129032686364,1.4533475511254155,1.8197354409110027
2023-01-09,88.87051811218262,91.95501388549805,-1.6997693136766987,-0.23802553808408566,-6.071925468763062,-29.91095054553363,12.136652827775194,43.68654884198184,2.4880737615646957,1.5233979595535396,1.7265711930374734
2023-01-10,88.65167121887207,91.87958389282227,-1.0092801594553815,-0.7854719093564166,-4.750628717548711,5.0472522660745645,11.701196052591898,49.938696772996245,3.211938924115558,1.4463760806250399,1.639313620907591
2023-01-11,88.56284255981446,91.7848991394043,2.5640963792129954,3.905527608193493,-1.918333160194341,-11.834789515488486,11.19422471790951,56.63480597565447,2.8299786198548107,2.0202150279961755,1.8259264144866925
2023-01-12,88.33952980041504,91.71780609130859,2.385205922440161,5.719255919489052,-4.705637326202583,12.642766733675813,9.229638074477855,54.15106373079633,2.326350060876932,1.4734127447946004,1.7162314886443844
2023-01-13,88.19313583374023,91.75055847167968,3.6692743665688856,5.472866525024678,-3.102978443055393,-12.984622299483439,7.492398275653983,62.219745095310266,2.236219199488366,1.4693615940591844,1.544341390256092
2023-01-17,88.21447525024413,91.83631072998047,2.710371611021434,3.715079944526156,0.473269935692322,23.82601826109414,7.624311303369578,55.988369312755275,2.4098991413943485,1.725170714784279,1.588767163395743
2023-01-18,88.25715255737305,91.98895721435547,2.4695234711943246,3.0536121092537005,0.9527977767711304,-10.691544180796509,7.832501846056323,62.009059144801284,2.3705043865249427,1.7751169681953738,1.5788588075791408
2023-01-19,88.4859245300293,92.11738708496094,4.369397446915781,1.6717885606889693,5.212584807109977,27.07621399403091,8.814384196638024,71.84588843613855,3.2025827610945847,1.2371960315595767,1.596789916680889
2023-01-20,88.9325496673584,92.3065576171875,9.391820386845193,7.560621164809689,10.110081317521736,70.78491043340071,12.453248352857987,75.68438634437467,3.346262518897386,2.4451826145428317,1.912874771001781
2023-01-23,89.4392219543457,92.52272430419922,10.736285031063387,8.3261027423174,11.397646982905108,-36.69187591290546,15.98458888419419,78.64222051060528,2.5453461190740505,2.4365198808497874,1.9193366744587312
2023-01-24,89.93249549865723,92.72876754760742,7.8223679369089,7.021579033655989,11.326358762845402,-17.31429242771546,17.348319722957832,70.06548007697107,2.4667387281353714,2.781194870414769,2.208843361662222
2023-01-25,90.22974891662598,92.75417541503906,4.739220493975469,4.4995590834503885,6.712974409559069,27.96831778950073,17.80015138017272,65.64415338642405,2.5204804611545177,3.2716130898827673,2.4868372111953883
2023-01-26,90.73245048522949,92.77620864868165,6.674823078904775,4.803841718539381,11.591712668109476,-28.85896527285613,18.430518315032813,74.35454800747144,2.2456957719367865,3.301257769528479,2.3749764707690706
2023-01-27,91.39494438171387,92.84905838012695,7.910582540125606,1.377275831048519,15.519633853142324,12.505147107657578,18.96807549845952,75.1148241417317,3.0290852903634407,2.402218250444246,2.3703233684508076
2023-01-30,91.81626167297364,92.81928344726562,4.788682406796055,-2.8559906760265763,9.59865827468398,-19.63884084321631,19.055994057399577,67.35412343952324,1.949658904527896,2.48562478247928,2.5913508235961844
2023-01-31,92.3427833557129,92.81908477783203,6.23330753622574,1.166832838907994,12.025386486561839,9.713070498270039,19.356783260876,69.15443357361949,2.0841740539442286,2.518230301038586,2.572294032029397
2023-02-01,92.90404243469239,92.86017440795898,7.290134682230412,5.471546890542878,12.690748468543678,18.949673091022312,20.043257089069986,67.34140497853525,3.5945440599242184,1.9958073841537933,2.556285365598577
2023-02-02,93.87966995239258,93.06482772827148,13.903294938874467,10.479899318051,22.320595811907353,96.68346884841729,23.11967540650299,75.46764628369894,2.0790773233556936,3.4559192756347135,3.236076519543801
2023-02-03,94.80170364379883,93.24705108642578,9.696609943486418,5.444307366500634,21.55453174645001,-6.545866137788725,23.219472675467294,68.30541461272989,4.99140655513392,4.078647424767616,3.1861193167096458
2023-02-06,95.5738697052002,93.36317367553711,6.858024708235072,6.148124823118395,17.81544237888115,-51.00299651045104,22.54386451799944,66.29246160252168,2.410110126490009,3.9440839581783167,3.25176135044303
2023-02-07,96.54751319885254,93.54539672851563,10.653077070371216,8.90327076401043,22.290392334268372,53.158789484868564,23.118517422219316,70.54728156685778,4.700852459388217,4.228618658036101,3.379081166313662
2023-02-08,97.09090766906738,93.58331039428711,1.5798690755803424,-1.0554658619423507,12.384081479500564,93.31384079232485,21.402060955906023,56.78985163858569,5.132332024914339,5.999395697280535,4.258838183340722
2023-02-09,97.2640998840332,93.56266632080079,-3.050021939271588,-11.815461640566117,3.813392047810149,26.08252808899818,20.687639336691387,46.72328829667158,6.736134493189712,4.5121554927605265,4.459223451861612
2023-02-10,97.43480987548828,93.55035919189453,-3.6680941378996033,-9.744236095852488,3.7748234545067483,-53.97371395086016,19.87484517866145,44.147966396218116,2.64354447294856,4.583416417222634,4.399684200792722
2023-02-13,97.55837631225586,93.42371612548828,-3.7494101021480786,-8.056368936679181,2.7029976953899304,-8.920584859778069,19.310084538673646,46.368966795561,1.4374808176491627,4.671198628780234,4.3415494196555
2023-02-14,97.72660522460937,93.29846267700195,-3.844000950065534,-12.040123723932695,3.713440564548187,9.285866910562124,18.43433692823568,49.32736396420445,2.735526330315234,3.4519202550357018,4.279850378142644
2023-02-15,98.01542358398437,93.2289877319336,-1.8388664516200919,-2.4453947071204296,6.387194835172805,-8.327105348270747,17.08180780440791,49.2768328289467,3.0637519557504573,2.4529916525020288,4.3261846276337375
2023-02-16,98.13750038146972,93.15018310546876,-3.4071972094673892,0.5262478695994499,2.643721812297284,-15.360880224840045,16.487406366557614,45.136082821735286,3.0782141929101727,1.4170135315134988,3.4200790581001557
2023-02-17,97.95537643432617,93.09797729492188,-4.402944010459957,-0.23263518933187566,-3.7441346319062707,-19.260478632961707,17.010556303770368,46.6284575938731,2.4907244431653788,1.5288252552272548,3.37428273065423
2023-02-21,97.55837593078613,93.03544937133789,-6.618308461016211,-2.9806557310983806,-8.01683769091458,-1.9099232588867698,18.150676724588784,40.97772823161789,1.5034287391368002,1.93554117918017,3.410914779505438
2023-02-22,97.25814437866211,92.99455856323242,-6.472906994015721,-3.2002539613464,-6.192425881830122,-8.163417020276963,19.19106043485397,38.33066881789511,1.6366611838805698,1.9187394592933174,2.8076006861732004
2023-02-23,97.04326820373535,92.95604949951172,-7.043101659535937,-6.240981466971618,-4.547358288255476,33.42313171868929,20.168571551856743,22.8838306653831,2.3985040376445017,0.9448609163250022,1.8033820657488027
2023-02-24,96.62691459655761,92.87307662963867,-8.450342995976976,-6.67992616062959,-8.603353258786694,-11.215005436048763,21.760536875007215,23.803150114919518,1.4697605732771517,0.9904669842058732,1.3923649391468063
2023-02-27,96.15547676086426,92.75874053955079,-7.237670504726481,-4.74826917336163,-9.560227345162254,-24.82650040590295,22.820674070236436,27.323362036419923,0.912437186110959,1.4054825074261874,1.4674392213302605
2023-02-28,95.81405563354492,92.6592918395996,-6.710317494790938,-1.8847443114940354,-7.097189504550727,9.598106340196999,23.757365214465036,13.647666739997646,2.120812473780838,1.0595200525842687,1.4753204862026534
2023-03-01,95.39323539733887,92.64936706542969,-5.986637383549861,-1.4075292730274636,-8.579519140022107,3.215446884745532,24.414905593759727,22.208580636472476,1.5050914134187805,1.1062769184665164,1.4883860564039093
2023-03-02,94.97489585876465,92.68390594482422,-3.858719026426663,1.22124897780298,-8.393913836113033,3.5138471032939878,24.42369272582761,38.84356199135452,2.923915697180705,1.3760945123182253,1.3735437952740326
2023-03-03,94.275679397583,92.78732437133789,-1.4086042934783163,5.071238585439719,-13.07777310685745,9.17793841835277,21.553742268354885,46.87075121632867,1.3667980649607283,0.7728386104849363,1.5020816797881331
2023-03-06,93.79679718017579,92.90860794067383,0.6608045863304274,5.852893644108614,-9.209782157748636,-7.169490416693924,19.353108876829733,51.61089520108209,2.070851758205372,0.804614650117293,1.5487908500772212
2023-03-07,93.34818687438965,92.99356628417969,-0.20572835139423515,4.219422247965188,-8.78522582304554,-14.71784014975811,17.53785119485949,47.63552617871258,2.279990811562401,1.3597169371387168,1.3149630895846494
2023-03-08,92.68370742797852,93.12239288330078,0.9273451150191119,4.304989004538573,-12.43961559655119,22.51728907330568,11.186156857447793,41.305685136120935,2.0795746254351792,1.3525597683122903,1.3088076199661771
2023-03-09,92.3338508605957,93.18372924804687,-0.7647956920879009,0.34783022836777366,-7.094696414127622,-15.511108895620074,9.481533675445549,40.01250530681328,3.931972774498912,1.7196752065321597,1.4710303323854652
2023-03-10,92.1164924621582,93.24804336547851,-2.3515191194051455,-3.2247730045255274,-4.610055288268022,24.736668575494125,9.549748821476792,38.72725620962841,2.6370952908291176,1.5752981773564785,1.454514692283312
2023-03-13,91.94478988647461,93.34907974243164,-1.6510256599084547,-4.225795519391983,-3.6586638644232727,3.8802481845246373,9.527044453694286,47.642147876117946,3.4573608876927278,1.2385639430584299,1.4425608167540585
2023-03-14,91.9130298614502,93.45865188598633,1.471262926934791,0.11718927234545262,-0.6764611632626316,-3.4428266855226597,9.419807349389266,56.76778830025599,2.0432033031859818,2.11203085124479,1.7263605554925154
2023-03-15,91.98399391174317,93.61507019042969,3.702036126733184,1.9734937783905337,1.5103555418254588,40.4211349728989,9.813853427902378,64.09290367782805,4.463636341986762,2.3457253781787655,1.8200145959727305
2023-03-16,92.1517261505127,93.83739028930664,8.047564356038729,8.66551416573631,3.486683714966743,29.37432465267147,11.606043914594677,76.6810058046932,5.6718525306174055,2.419894579824779,2.155001002423853
2023-03-17,92.45493545532227,94.10615951538085,9.088766117803456,12.126236421406556,6.397241711904145,-6.815336224271662,14.135181861487908,77.2875395197469,2.6963174470704097,1.514273354262775,2.1375007565369275
2023-03-20,92.79585990905761,94.4043067932129,8.260158618982453,11.096480245040329,7.281407773761295,-45.991790720728844,16.042672855085012,75.66700316639756,1.857337710675151,1.8143989642386849,2.1526759648277447
2023-03-21,93.4474365234375,94.75327011108398,11.435046100605414,11.652651472607701,14.304384845434726,27.76028203541219,19.15167207722367,78.95785149136071,3.698053108207533,1.8982467376858185,2.220534182282492
2023-03-22,94.02904205322265,95.05796813964844,9.10972132052331,7.5538378689745,12.787778571317743,3.127738344300557,20.727645438589903,72.69465263747077,3.153714249991858,2.5216034757504673,2.365307255213515
2023-03-23,94.75902633666992,95.39899154663085,10.604869943452307,5.263155071703185,16.184394911380863,-6.055163330063507,22.545986278608016,73.31256060337489,1.7424280245004733,2.0338364828026423,2.1351844694290185
2023-03-24,95.56841125488282,95.67530410766602,9.501984888997283,3.759107746625423,18.299122713206906,-25.50260063042615,23.265684159371233,71.20532749821334,1.564872427611916,2.0918289904894016,1.9093087074027884
2023-03-27,96.19319076538086,95.90020492553711,5.716059090559857,1.2250584141382692,14.009127964454349,2.393948666317902,22.898594222737266,66.52576697664986,2.7620552960590112,2.638197706081319,2.350760713951712
2023-03-28,96.73757743835449,96.07706848144531,3.6539930093547404,-3.707590315032383,12.180767171095642,3.0108383754968493,22.054161732670593,62.52771851679297,2.6823706990165794,1.8752752890397832,2.373633845880085
2023-03-29,97.28494110107422,96.27755340576172,3.438065975194836,-1.9154613015882949,12.206714675219166,-10.226184497424972,21.089960591168655,67.79127441102466,1.814771031627476,1.8740129358617894,2.3134595013242794
2023-03-30,97.72610816955566,96.47148818969727,2.4633280983932457,-4.460223097415705,9.66305278281312,14.964071773061471,20.322998554119927,71.11113852718124,1.367831193538587,1.2510279327408564,1.8946803158863101
2023-03-31,98.22632904052735,96.68348617553711,4.811130126668214,-1.621780159126962,10.763490160998579,11.416240003385102,20.208141420962956,73.66844156851455,2.747516033827047,2.1067189118381524,2.057540490195835
2023-04-03,98.6843692779541,96.80933578491211,4.958278827899027,1.8543951921714985,9.702535050657858,-32.086025705713524,20.326544580153143,71.26487849881497,2.491374529431729,1.5729427470367485,2.0484484042210087
2023-04-04,99.22329750061036,96.90719650268555,4.748290229884996,3.652398150514591,11.570427976303677,-2.457719868665964,20.0290257906393,69.00664004764948,1.470589092413869,1.2395478627175789,1.6857741062317704
2023-04-05,99.73046607971192,97.04158111572265,3.9668026422214724,3.0377875030203505,10.843515094126467,15.84923894660546,19.552149010009437,61.10220435936368,2.335593743180862,1.3104640722228296,1.6094604038381066
2023-04-06,100.52942924499511,97.30360137939454,7.040246483739292,7.4635678958616,17.439339660597852,72.18324172425372,19.041611863281823,65.932518977169,4.464117708569507,1.7377328294900491,1.8947234360116898
2023-04-10,101.31400146484376,97.48066375732422,4.271668672977842,2.6125486609336557,17.444560729698,-44.433244716340084,16.62872319748844,61.38744495896382,2.320550107717536,2.046449486097496,2.0077371540783457
2023-04-11,102.02066192626953,97.5993667602539,2.489010624711746,0.9486156516684163,15.629454787952103,-2.7915499826359436,13.313134546302463,51.05858655285855,1.945897561888802,2.1587374084433244,1.782941710137598
2023-04-12,102.55016136169434,97.75221176147461,1.272684044857584,-0.0764005981092053,11.354691749033563,-7.378818628904138,10.594204781455,53.26142702657463,2.3031380697310917,2.1903628382897606,1.720517937301832
2023-04-13,103.11191673278809,97.92272354125977,3.406459115057797,2.833351495654246,11.778166328784057,1.9421180699457974,8.862923255799327,54.56816713001263,1.53588524731616,2.4765940930172947,1.8679935620227026
2023-04-14,103.53621101379395,98.09025772094726,4.36308242282226,0.415059055215794,8.522729754338831,6.981274855495978,9.186736790092036,58.04785298602299,1.928911592299526,1.8504874234876627,1.838988658021779
2023-04-17,103.75208015441895,98.05512359619141,1.3717806517087838,-0.4415570459406659,4.280656988500375,41.36202874557906,8.933449647443217,58.26661032641502,1.547614419317917,2.090387608549003,1.976100813146932
2023-04-18,103.91485023498535,98.0495654296875,-0.19102514588994182,-0.8068291566714514,3.2404648464486874,-29.210672004088234,8.408178754686084,58.15704696143182,2.363637531773323,2.137554010610307,2.0337476260860057
2023-04-19,103.87812843322754,98.07497360229492,-0.4614739463325579,-0.43959524913899095,-0.7052852286176359,-21.396504790121973,8.420039900638587,56.57094006819498,1.8333688390424,2.121008844550503,2.0330340668311093
2023-04-20,103.97340812683106,98.02832611083984,0.5068714196857796,-1.9920044197436981,1.8573976399292924,33.077581712164616,8.345331125215884,60.07325220870619,2.2604209637412738,1.679574030160412,2.060039085552629
2023-04-21,103.9639793395996,98.14822021484375,0.6305479641036252,-3.1781076607808822,-0.17992478493212838,-7.263270646422826,8.332960875677854,54.3932961873131,1.15738656514407,1.4354537719991183,1.6082776714606766
2023-04-24,103.99028053283692,98.3657763671875,1.1395782152078473,0.0,0.5026539387255946,-8.749190894608939,8.376709996696517,54.225698230243495,1.82127043780643,0.9284967493516114,1.5253840288297116
2023-04-25,104.05925903320312,98.54998458862305,-0.9494961279117299,-0.6220102838621622,1.3566207274883668,98.20964371272747,8.157824032842019,47.909630523284044,2.744348719683258,1.1678413553338203,1.623899706701874
2023-04-26,104.19225425720215,98.73061965942382,-1.2092914495738476,-0.4511579331677784,2.652679595270424,14.322573455825793,7.481115439742826,48.16422643280725,3.586926288248403,1.1634878904410482,1.6127988746367679
2023-04-27,104.49992980957032,98.98688323974609,2.1849228052232172,2.184443851130591,6.115007197644906,-6.107866145805996,7.040397609146034,47.988365481280205,4.489266656247361,2.07959525598512,1.836321720602639
2023-04-28,104.82001113891602,99.19332321166992,1.6361745061137596,1.830946371572617,6.393096734947146,-27.84911717495987,6.021263537472922,52.38094850741296,2.105461350228019,2.0992692743622543,1.7780432637962726
2023-05-01,104.99220962524414,99.42536987304688,1.337133160303748,1.160694382614369,3.345214786180173,-26.170869788986106,5.908978608974054,55.15320763702099,1.0914162334446722,2.108261397111426,1.5412019893807976
2023-05-02,105.03984870910645,99.64312469482422,-0.48519830503867944,1.4155035129810978,0.9198739637947373,16.174006903608085,5.786615123238648,51.77823056610685,3.313708577556181,2.044346326948589,1.5849271240553537
2023-05-03,105.0740894317627,99.91348190307617,-0.43261601360946744,1.6391904318099337,0.6588890936090941,-29.685907114190957,5.713878394493943,43.84894078498624,2.4001505468178888,2.0350407657241223,1.5788931595256182
2023-05-04,105.08500709533692,100.17232620239258,-1.1229736888348092,-2.695408295516155,0.21058971964562634,7.451572350128921,5.675745696812524,36.68790314130746,1.55697508396779,0.7326556027366583,1.5603164109310537
2023-05-05,104.94357566833496,100.46372436523437,-0.15747067391455508,-1.6489682364967284,-2.6286671727076993,13.748372083093141,5.21572321446594,48.53797193441061,1.6766094990840412,0.9662140583025806,1.5853266043625918
2023-05-08,105.00957717895508,100.8337287902832,1.8591189610049421,0.5317252121088911,1.2495340038862768,-0.4801177208109797,5.462733748115773,61.346316138744534,2.5981214712633363,1.460567204626135,1.711300965955782
2023-05-09,105.10882797241212,101.18070724487305,1.3663504440569616,1.9274676807837565,1.8984472980581035,37.14892461356247,5.592657430538543,60.92349406015694,2.757335003769223,1.1095611350389862,1.5514123139333864
2023-05-10,105.46166229248047,101.61125442504883,5.168062871123212,6.014618575932218,6.794729147177847,73.68874123008462,7.313822511862436,68.14608995472848,4.4832233881257055,1.961235495855079,1.936474419057501
2023-05-11,105.91523475646973,102.1315232849121,9.234362332148782,11.347778369188921,8.507856372067902,24.93389112858533,11.294034950254673,74.80000027331695,3.0110616076391588,2.039508695674946,2.039807230719782
2023-05-12,106.34399452209473,102.6378971862793,9.671239146524055,11.310026923937233,7.936058402015034,-47.905830164765526,14.34763809189374,75.21851637327319,1.6339019096599388,2.0452105526621525,2.006250502883543
2023-05-15,106.86704216003417,103.09166870117187,8.205749440829045,8.109859118964092,9.946203779742845,-11.764548455925826,16.20097080697807,79.09012291511668,2.1199907093084183,2.4597327026236924,2.0606556038473314
2023-05-16,107.61191444396972,103.57561233520508,10.22366160132967,11.327431080874394,14.363642903806294,24.178587578722134,18.544649676593444,82.0877991025946,3.614759951137663,2.205751381409221,1.9001431113073617
2023-05-17,108.43866729736328,104.11116577148438,10.600598468769297,8.1342223838889,15.991543223695492,-26.006092957571347,20.613325192934074,80.01818839794761,2.3005617871118487,1.9484532603931002,1.8551432097842058
2023-05-18,109.30909156799316,104.6784797668457,11.526775385802463,5.37017942714042,16.658770822596548,5.733474174458952,22.90063700415272,82.52841560293118,2.019047212056675,1.2607746130194033,1.7060827099977673
2023-05-19,110.17008628845215,105.28271438598632,10.59210408976256,4.467713807635065,16.459542219652,17.367217078860886,24.488023919901934,82.77172682950197,3.1117624864367794,1.3591384893861338,1.7741132893166212
2023-05-22,111.11693153381347,105.96595199584961,11.695161403175725,7.32983788862982,18.005082281500595,-14.751870462888183,26.321458383958152,90.84888222713609,2.950821552462473,0.9822304752502324,1.7679210400158294
2023-05-23,112.0454158782959,106.59023498535156,8.563930379556458,2.5520766231466485,18.016364624336887,-3.422971094658611,26.47052428488393,82.2975607312739,1.9745416262662328,1.5866906441711262,2.0146558356422455
2023-05-24,112.89847068786621,107.12479598999023,6.284311643606803,0.049650237770881844,16.575070981529304,0.40033718788825556,25.833898718121684,79.48344964566607,1.6956187145448522,1.731476054939686,1.9245508193789498
2023-05-25,113.6870132446289,107.66809097290039,7.7994928752038435,0.5291809595237229,14.769041554172514,23.796902517655184,26.199986570626976,80.67832916063271,2.7210888556903225,1.855072132166585,1.5750126437878291
2023-05-26,114.54403800964356,108.15024795532227,7.972048906078526,1.5070067532738207,16.089066828838817,-15.78821750124063,26.419374613303752,79.94310713965478,2.255039863754603,1.8827046836273487,1.577056858059844
2023-05-30,115.36136322021484,108.5879409790039,6.398360821204663,-1.103546740863881,15.36381966747955,-1.5692040891348347,26.080598255181194,78.49163255720322,2.9594919675744285,1.698454040441469,1.5674478033521067
2023-05-31,116.23228302001954,109.01769393920898,4.9180055412353365,0.252946035105861,16.663506309255816,6.411948672480583,24.789292763959363,72.2044679394492,1.2696325577620589,1.4314494148996206,1.4448357690304383
2023-06-01,117.14091796875,109.39087448120117,4.824362996791222,2.3325112205989873,17.370275270570534,-17.556489077260228,23.206210447439616,66.96726496892714,1.4548944427767028,1.2002787853936419,1.424080181761333
2023-06-02,118.13242568969727,109.81367965698242,4.742693474110861,0.9637062537379171,19.084902320848627,-12.324560405814244,20.932861406135732,66.98292441539482,1.917060579731191,0.8221277361295619,1.3533062434664767
2023-06-05,119.14676170349121,110.2188185119629,4.9672175729088925,1.1235008930377655,19.361562788345932,19.738251526124806,18.473551811041503,72.17551704461852,2.8489833397542346,0.8593763543267601,1.3804749093886497
2023-06-06,120.11643447875977,110.65293807983399,5.194002962912359,2.9433026286853403,18.13119266951555,-17.542523718871394,16.385338161335408,69.77683807750729,2.301463146625811,0.7074298953554422,1.296019350847808
2023-06-07,120.86825332641601,111.05073226928711,0.5899866319234506,-0.3011377720009145,14.112702956463362,97.23105453426082,12.397672028798782,53.57757133953617,5.648971869021051,2.0948390485740465,1.6923075721646266
2023-06-08,121.38385772705078,111.46976654052735,-0.1316339854902922,-1.277072552558256,9.29754146805326,-44.06212527836464,9.63212840372588,48.40054482900676,1.6292823834193677,2.0544638178051966,1.6294941168631463
2023-06-09,121.66473579406738,111.88344116210938,-0.2887797788028886,-1.957158637469436,4.855457000712993,-19.091707157731406,8.546880493552367,48.77258095354408,1.5135387575166557,1.991869771473695,1.4679843799134698
2023-06-12,121.96893768310547,112.33502899169922,0.6098902409742358,-1.8808023779131156,5.216583728920576,19.042992980995276,7.609429610220915,46.59585121628836,1.9330308973202184,2.0064847925439264,1.4879575015505828
2023-06-13,122.33219299316406,112.73401428222657,0.46528805590147787,-2.733479293113472,6.282721960397786,-21.29589068196591,5.830795391849324,53.449239102204906,1.5989690120775286,1.888933612110435,1.469003901603583
2023-06-14,122.53863334655762,113.11731796264648,0.1664504778425342,0.9551132059464118,3.4808827739619685,37.318825942733504,5.074055874176182,58.19047186107828,2.102374174829176,0.5655304141443503,1.4518020460474368
2023-06-15,122.74953956604004,113.52166259765625,1.1424888688037007,2.4152496664061607,3.5170434539771644,15.212978429212587,4.777340431159776,55.11109896363598,2.4462368280259126,0.6210668160909316,1.4802574180764418
2023-06-16,122.78427658081054,113.90000396728516,-0.14711269319945308,1.0635698643633562,0.5698847801505647,29.192567730513552,4.734316549211186,46.66253648747272,2.290942976621304,1.0014648368562633,1.5189394490867472
2023-06-20,122.80114860534668,114.19140213012696,-0.5083760354099774,-0.43675743185210836,0.2769551105916923,-42.68769929461784,4.70233064217415,48.18117733281863,1.974005146463608,0.8659401560882132,1.4642676249880178
2023-06-21,122.57783660888671,114.47148605346679,-2.3918194318369617,-2.648785322874625,-3.5985492424561394,16.127215250502914,5.123428529460662,43.340973337063616,2.123604415745349,1.2145443494582422,1.4971432637868063
2023-06-22,122.6071159362793,114.82481658935546,-0.3104404649954378,-0.4204780198653335,0.4814059356422318,-11.067335834463465,5.079840097295478,48.513291178071036,3.580995516096781,1.7256399024323634,1.2185942594293466
2023-06-23,122.6785758972168,115.17616180419923,-1.0238252624984208,-2.1984173263393636,1.19106523048087,29.538961568999934,4.762363584134173,43.87807820932973,1.414094661369378,1.5899691581504534,1.235635582998123
2023-06-26,122.42350273132324,115.39272537231446,-4.060447704578463,-4.201412516128777,-4.162624091871958,-2.702958159571056,6.113940105837241,32.31898804340622,3.1519380364720377,2.0417635964738534,1.6146353963228486
2023-06-27,122.11185684204102,115.58050628662109,-3.8237317895803917,-3.8748991895511176,-5.039733440277006,16.38509386250768,7.042711979096236,27.990134938070256,2.518383597414534,2.0676242877191737,1.53748609503266
2023-06-28,121.93866500854492,115.8625749206543,-2.1813443594578668,-0.30693319321730694,-2.822033005973723,-31.47645557581843,7.329492869667699,43.348622235700056,2.9455823818756426,2.133631087006892,1.6566871896364548
2023-06-29,121.75157852172852,116.15238525390625,-2.911432575615913,-3.2886735976738635,-3.068284463145299,-11.075470444495306,7.835839113268975,41.62991753350607,1.477745196796417,1.748916022135626,1.6664188124250388
2023-06-30,121.55208549499511,116.4604573059082,-2.262178348589812,-2.1579194799805856,-3.249277926502414,22.586536825108226,8.092503603489037,43.22440257579994,1.161235944099041,1.8238623531964884,1.613079921460759
2023-07-03,121.3153751373291,116.75046646118165,-1.9078354696080293,1.3182487890995631,-3.826083096125621,-51.00974529496618,8.130229657588236,39.289851212161935,1.1426211252268628,0.8918219488374233,1.595154235753217
2023-07-05,121.10397262573242,117.07481582641601,-0.2204570696555078,2.8902311634046773,-3.3806811336264397,90.66208641198791,7.607680511092667,44.56067038126872,2.77617844223242,1.0316258827954157,1.6959205449655606
2023-07-06,120.74667282104492,117.35549499511718,-1.2732303378182515,-0.05824445606291695,-5.65547856371712,-10.294074997824886,6.549113018291609,41.35920359246132,1.5818845360285163,1.1493711123953025,1.6157941630407582
2023-07-07,120.59680557250977,117.66575088500977,-1.6690248720737753,0.31906056755008905,-2.465299758181383,-12.267833761699244,6.711347180341301,35.84050072466155,1.3809855034483844,1.087259742301811,1.4247390379752893
2023-07-10,120.31443862915039,117.91864028930664,-3.9377669321620274,-2.7151178393726827,-4.658595128403242,62.67164144729267,7.665366467820352,33.364664268320894,1.86345918919156,1.5390035753972504,1.592154369535576
2023-07-11,120.06184692382813,118.1082080078125,-3.165275637917126,-2.301931639462096,-4.164283923269463,-34.64910293584632,8.201997636604679,36.16528640121504,2.01468381650009,1.5984469091698459,1.2778881854585373
2023-07-12,119.82811317443847,118.3382698059082,-1.4937845416718005,-2.316220393215318,-3.809443221782538,31.741685009619225,8.073102418003273,46.10201116950576,1.6143934785323963,1.5938146699774076,1.3778501247047619
2023-07-13,119.8633472442627,118.68246932983398,3.1224926668184656,3.6882880000000062,0.5733713801368889,45.69568878188684,8.243295192687468,52.92139580240801,3.5169462426641247,2.6828054309539016,1.9867579599760898
2023-07-14,119.95019073486328,119.08145477294921,3.7759661211915825,4.971542253885408,1.4150505360540189,-24.865287067784248,8.682439272214117,56.45432382913649,2.623186862987834,2.5908858355799733,1.936676960793306
2023-07-17,119.92835578918456,119.463369140625,3.157622452514746,7.041645471471991,-0.3517455431727545,-22.73496158711178,8.565607568306561,65.29324748299024,2.326515435522743,2.0129027591918884,1.9706384363865783
2023-07-18,119.9397689819336,119.84190872192383,2.411327137197958,5.6513526309935225,0.18618031656065792,1.856417355596851,8.608112449263166,62.62203302244503,1.3897876462621672,2.216207100294514,2.0028008564651083
2023-07-19,119.88667068481445,120.16864013671875,1.0244845072565851,2.606574219233493,-0.8692038480163977,42.11105002748763,8.485818286621255,54.32445496216679,2.769808479250274,2.4563694471781745,2.021571955003116
2023-07-20,119.81967620849609,120.3955256652832,-1.26320625210133,-4.287786871358124,-1.1198782826943199,1.8343004513217354,8.571368447508291,50.21606092758697,4.924492674052933,1.1128885649060243,2.11686269182659
2023-07-21,119.66435012817382,120.64702545166016,-0.45492069993011863,-4.305526927838477,-2.54161066800096,92.41376217459664,8.38192960070046,50.68495539810013,1.8830149725441585,1.1062993538084005,2.1217699124309206
2023-07-24,119.62415390014648,120.84115844726563,0.8313397858133049,-2.503008830260034,-0.6620882887431678,-59.29948627531092,8.30672585638901,53.30357396027853,1.6621382896043642,1.471666026148052,1.9360620748758364
2023-07-25,119.81620330810547,120.95311279296875,1.2330095889284136,-1.2524112064827508,3.2702464256952224,76.88278352494939,8.19856500148249,50.97873930030327,1.742905571368374,1.5336208468660213,1.9358100241711667
2023-07-26,120.35910186767578,121.18654922485352,6.598168442289018,5.932967473987505,9.245340872475548,17.468234379999092,10.087386796125362,65.83678390549306,2.057699632866023,2.9158173005373302,2.564920464829272
2023-07-27,120.81664505004883,121.44241607666015,6.301268680024349,8.55705609050279,7.671829780353301,-27.122941663789014,11.639320638606677,67.45249157861198,3.4389585911349525,2.3290041578593224,2.1816032356097192
2023-07-28,121.48559036254883,121.70185562133788,8.31389077554759,10.464909612597427,11.31821441226415,-18.599575993112673,13.826268964978356,78.22889239384108,2.3910077878749645,2.275029363251355,2.276731300914147
2023-07-31,122.1317081451416,121.93767364501953,7.854641670925852,9.20759790523884,10.877187619588247,-23.327193423555393,15.477669132085529,77.80155096009788,1.3185653887162665,2.4262174524049755,2.2459832945750926
2023-08-01,122.7098403930664,122.11076599121094,6.400205493417423,7.642594237783573,9.716436729737365,-17.42510381208676,16.366009361342737,73.02926100250893,1.482335356741885,2.6824769078618784,2.257893607962318
2023-08-02,123.03885459899902,122.22232315063476,3.5585668367675565,-0.688479775003481,5.445587563246801,13.409275342300187,16.60081454781587,57.69231006134238,1.9707109230960795,1.772406363807935,2.3785579658932923
2023-08-03,123.45272750854492,122.28981338500977,3.2676639184622913,-0.7341598267457616,6.943635200000009,-23.53644193915496,16.57339569529722,56.273295879553736,1.533671675754815,1.7710571205609273,2.1716891301082644
2023-08-04,123.8809913635254,122.39998107910156,2.63825837417733,-3.3715482098264027,7.2229609592561195,30.15356280644117,16.28679308054133,57.29342206920152,2.8100779233277597,1.04424464232508,2.196487440458557
2023-08-07,124.62933654785157,122.61098663330078,4.745514782224955,-0.896624478683461,12.949754549414028,-13.0067464202668,15.578529208980967,64.80000796524341,1.969129751332684,1.8469734455446287,2.281768063262792
2023-08-08,125.33699073791504,122.76819900512696,4.0511995430677885,-0.11402879013665546,12.173485354823455,3.468256375762202,14.662751874808414,69.00614995333193,1.499239963629729,1.8038729921053727,2.299445581001703
2023-08-09,125.86946716308594,122.86844146728515,2.2389867432601998,0.9970338612370178,9.022108076821267,5.853784968897657,13.70468216748057,72.19866514230827,2.3445883080914847,1.4788666135196038,1.5488623382933204
2023-08-10,126.12503623962402,122.98793853759766,2.0554339095533347,0.9653593671743899,4.135218820470854,-16.277109449321436,13.709420286083567,71.23409714309828,2.0047852992294684,1.4797432017564909,1.5487242970382948
2023-08-11,126.33048400878906,123.12073516845703,1.7873284437594976,1.131844832071982,3.3009101070479385,-6.073027836109269,13.735540975253906,68.77047542517728,1.35843974992357,1.46858966478697,1.294132439097811
2023-08-14,126.66197967529297,123.27179382324219,2.907876651496259,-0.15204595790122566,5.359010987194801,26.0551985340282,13.83456761787347,70.28470797428533,1.8350631003725804,0.9535090530785804,1.387670675719784
2023-08-15,126.96072311401367,123.37322769165038,1.4540361733999323,-1.2328863930517575,4.864264354691072,-19.942418892434276,13.575809377047632,51.50266577882869,1.6489439126037526,1.0872052006795077,1.4094876766657336
2023-08-16,127.29172134399414,123.42662399291993,0.3481250023038126,-0.7404067621766153,5.4658552239903235,27.542777949187425,12.835784704680561,48.04681886601608,1.8725688343909104,0.982068612242512,1.197946609512663
2023-08-17,127.82370223999024,123.4784327697754,0.8777888823841449,0.1773430712382229,8.993295636740406,32.63867132506613,10.966661205049773,41.666706803594586,2.078211395539137,1.1014139562349508,1.2326835207089972
2023-08-18,128.19291229248046,123.57688903808594,-1.3173419524309549,-1.6208701591554298,6.198961359400612,-8.794694779392643,8.958326995749221,35.61275222000701,2.2516889747347144,1.407924265496223,1.3871818850699733
2023-08-21,128.5323474884033,123.70055435180662,-0.8752710947622357,-2.253871908034144,5.628237959342242,-17.230403084104793,7.051608249977568,41.17642040207091,1.6904247499303482,1.2320670963465283,1.0621728236953405
2023-08-22,128.8732707977295,123.8365267944336,-0.590701254425757,-0.5393840251491366,5.621458244172239,-12.649364125677753,4.6695253455712535,52.249318369659775,1.5184315364694954,1.2185916918297184,1.0912573738755866
2023-08-23,129.0271083831787,124.00981750488282,1.8215098360239834,2.851605525423584,2.398080565079197,26.138409151707776,4.951662013354797,60.43660479255891,2.6743285302593787,1.5928093355464585,1.3037321608035466
2023-08-24,129.0459659576416,124.12792526245117,-0.18535101176162463,-0.1077558280862645,0.29366393069829577,2.447905620837032,4.934797123567612,53.970534158838916,3.606097025582512,1.918689502695219,1.4751076984354738
2023-08-25,128.9119785308838,124.25119369506837,-0.004621302680813868,1.898631307650156,-2.036503295315595,-6.097394099092302,4.578440003930208,45.34164510161544,2.702490279395134,1.6121874271942906,1.474611104808635
2023-08-28,128.82711906433104,124.36870544433594,0.9317974350868403,2.056542292944097,-1.288436506214563,-23.23963397090749,4.187337041233136,48.95767083598332,1.8319166453816893,1.6215777432315064,1.432573215966247
2023-08-29,128.97698631286622,124.5878498840332,3.554030162857687,4.253194010587724,2.295698612453001,109.68198877492905,5.204132408083077,61.958126898353136,3.217657423932834,1.9266616260722809,1.6007180155046097
2023-08-30,129.34917449951172,124.84153350830078,4.261228361002722,2.6516658757209433,5.8420365398452745,-34.26487384969681,6.460208960656902,64.19072284128848,1.6264287427602748,1.6944919688178335,1.5505179168685839
2023-08-31,129.732279586792,125.15159057617187,4.175190567655871,4.923709477045546,6.010116252341491,6.1379159338602385,7.423860059980368,65.04321112922753,1.6229762382204485,1.0527496618608738,1.547237715335525
2023-09-01,130.1069492340088,125.39991439819336,3.4861594474532818,4.450268318421502,5.8933815728964944,-28.316219579554,7.878835025979791,60.4538877996961,1.9239278636998556,1.1622138751511977,1.3501620594758552
2023-09-05,130.31736106872557,125.6665007019043,3.402858779491766,3.6333460228288983,3.223624444613793,-9.936083402572448,8.487669819349959,65.54232054954088,1.3552303748905634,1.2161982673011098,1.3607675285878675
2023-09-06,130.46921348571777,125.98648330688476,2.285962418587614,-0.08174298201368835,2.3287633086981563,-3.7035319098494557,8.746436156060671,64.76929632886944,2.1270269727396944,0.7193730075012856,1.4449639693090945
2023-09-07,130.7471134185791,126.32254409790039,2.675816692125929,-0.45630058338451684,4.318983124201492,0.8552543552142078,8.993126255801984,63.99369726231379,1.9444070601966408,0.5993442861908299,1.2428692567207467
2023-09-08,131.0791042327881,126.64411422729492,3.263804005498489,0.15421500116008513,5.158442875674796,25.01552193501484,9.36933472295257,75.14092566136156,1.3271722347781374,0.726638945801381,0.9855398638664418
2023-09-11,131.4443447113037,126.9978416442871,3.3846184492739164,0.9287911311303798,5.680767602793391,-11.863759269556805,9.709230466666142,74.61143267067823,1.234299199537638,0.6998301500437359,0.9753826941069784
2023-09-12,131.64334144592286,127.30829620361328,2.0371308002352153,-0.31672162207670995,3.053381407817568,-11.356039954920682,9.851139525574816,67.16014335660799,1.2413127835373687,0.9274977794328036,1.0998446946436768
2023-09-13,131.98724327087402,127.64197494506836,2.8014610280650776,1.6733574284606867,5.3398094481288405,12.735323680421606,9.970084349142692,63.29661261240893,2.011557212308336,0.8645878950772494,0.7721419481904515
2023-09-14,132.45372009277344,127.96652297973633,3.480968291295177,2.0996771511097467,7.303829788962335,19.284802043422733,10.015393658885307,77.51326167571455,1.7813116193739968,0.9153269417975972,0.7773091564212837
2023-09-15,132.8249153137207,128.3097297668457,2.668711351448628,0.7479166981370522,5.75738703122044,57.24455577552423,9.993916134494626,73.9185585148572,1.4847224421703953,0.960080231306152,0.8051891857964867
2023-09-18,133.3583843231201,128.6815205383301,2.8608393563263497,0.9421508148700131,8.434014397670131,-43.829587148891555,9.296379814465656,73.37664023128958,1.8450205686170065,0.9761029336420829,0.8007085337234768
2023-09-19,133.83825759887696,129.11008193969727,2.3659519904750264,1.994949750253583,7.532898371122321,-6.896204708777609,8.558072887964048,64.44611142544798,1.296731840033862,0.6868652918251867,0.8063546233386191
2023-09-20,134.06951065063475,129.43959228515624,-0.9938388217458474,-2.172489721375037,3.6101696187053944,47.03714803696626,7.595607269084015,42.866630862137534,3.334833655360642,1.6157026319839911,1.286172381193645
2023-09-21,133.9737350463867,129.66806625366212,-3.3677476232709584,-5.546702688693717,-1.4580230816778617,5.267396207501451,8.015610551087033,34.0922205946125,1.6559248412239027,1.5880807747316705,1.4682613373963656
2023-09-22,133.9970588684082,129.78140991210938,-3.525304595316502,-5.203779293553179,0.36215209155834316,-16.20942169064783,7.878055399369977,34.70888784405882,1.8656373710412637,1.630845576339393,1.4125099049812324
2023-09-25,134.05809783935547,129.89435653686525,-2.932532510611218,-5.137107519339123,0.9470305640930876,-23.87630553124751,7.53964334931639,37.364361637823585,1.6856009799329,1.648858899275223,1.432425134584089
2023-09-26,133.93701515197753,129.97216918945313,-4.726954708437744,-6.860294649130882,-1.8624162176447245,27.988116210325153,8.29023874293587,35.02796376649326,2.4422487444760126,1.5958925994643944,1.4967920499133673
2023-09-27,133.73702583312988,130.10675262451173,-3.1225046874627056,-2.392696127867655,-2.9947292627879762,-11.556571677417605,8.803768018227144,38.675650633038394,1.784883324728305,1.6981139135299759,1.5628020175642443
2023-09-28,133.55986366271972,130.31081069946288,-1.6786995744297522,1.4335939171263634,-2.6273291791941267,-1.0260919262304102,8.920888296421836,40.53046779090631,2.652868135735996,1.4112857427314829,1.601364644780067
2023-09-29,133.29635429382324,130.54226181030273,-2.5639802397856073,0.4683162945647634,-3.8995429098527046,37.074858637859734,9.19048042606423,36.47314264849409,2.8198092802961106,1.5429791369073842,1.6158571826663175
2023-10-02,133.22241325378417,130.8231396484375,-0.04394839923102634,2.333926282746579,-1.0983298509521178,-27.776589608487413,9.146317826107092,47.57563285150966,2.4223001001368747,1.8974523747408845,1.8563616062732884
2023-10-03,133.05666389465333,131.03950469970704,-1.2173567251755768,3.002225875048592,-2.4600675408576023,3.1469849246231085,9.165483083464387,41.2652619147573,1.8273792213143107,1.7056755426180195,1.8822201231344702
2023-10-04,133.09537086486816,131.29815032958984,0.849360278957108,3.600424689211934,0.5800896192382998,16.36797828564469,9.193400887912514,44.483008146718035,2.2478618910404835,1.8034015895751894,1.7673046599048177
2023-10-05,133.08594245910643,131.41328033447266,0.7297208943490406,2.086010957649176,-0.14046495514169477,-25.865813406697747,9.18370289068977,45.41157300628951,1.5103342224785008,1.7950909173280472,1.5239151436274472
2023-10-06,133.14549293518067,131.57565338134765,2.5556898685783236,5.135267480351824,0.8799006715761282,39.15270816736081,9.352814088172211,48.83721128204139,3.0164334205850367,1.6489272028973592,1.580758102725991
2023-10-09,133.2199306488037,131.69157775878907,3.1242006029555673,3.167619396616961,1.0955322983114968,-30.145737310490773,9.605128285912883,50.68449565693196,2.405723071163688,1.4158661426738461,1.5804867007908614
2023-10-10,133.3549098968506,131.79757690429688,2.7518773533738066,4.2513055721438375,2.0097399458760545,44.13557352643673,9.908369096661321,59.06798471371783,1.7311309806695454,1.1040363470385226,1.3602362769911882
2023-10-11,133.54546928405762,131.97622650146485,4.455810403085214,3.926347198652569,2.8088535622070587,-6.846105676837033,10.620593880882817,71.96861983673175,1.8000702414536298,1.0174939549048974,1.3807250233275328
2023-10-12,133.5886417388916,132.18643783569337,3.248179928435168,2.88738369275241,0.6299587248843608,-4.322311207952312,10.76688609155882,67.8687724073619,2.129960918087844,1.298266118542327,1.4790552777666226
2023-10-13,133.5866558074951,132.3633010864258,2.0535392957050815,-0.1599203828702489,-0.029125713876509973,-5.430942238194259,10.762236902366116,62.425376282036396,2.4606907890169167,1.2545806139730418,1.4866844034930367
2023-10-16,133.63082313537598,132.5814532470703,3.312167646048402,0.491266363420495,0.6439627284504201,21.69637710552721,10.912704830451847,71.62205206641443,1.179007417460489,1.3670648232059457,1.3412866243606245
2023-10-17,133.7141948699951,132.74402526855468,3.7079431587371077,1.2023876484415608,1.2170629153488877,-17.49392145786772,11.201883017238762,69.95641138932096,1.9467515008152496,1.356273169859447,1.207224719743639
2023-10-18,133.9236125946045,132.87424102783203,2.2414402099006754,-1.842756680423674,3.155376496555884,-0.5987463747778143,11.360969963239441,62.287880571144264,2.420988819475685,1.15394759483117,1.1895559056173404
2023-10-19,134.2863712310791,133.03482788085938,1.8100416629660394,-0.8778725731225845,5.604101451473764,11.512299465240638,11.02241539370988,65.83901640456682,1.655171527620243,1.0733461379106222,1.1904055992032045
2023-10-20,134.55186500549317,133.15214141845703,0.023236301717597035,-1.2812891844069418,4.107481870980023,1.0346811938924283,10.426418943197323,53.47251311343824,2.057517080053048,1.175987964628838,1.1525681438911142
2023-10-23,134.81934394836426,133.2899005126953,0.4873450848556501,-1.8691717903462024,4.111050786879433,-0.06758886226680971,9.946877926825898,60.30377476577022,2.7179536365327333,0.9988585667761144,1.1565243438751807
2023-10-24,135.32750244140624,133.43837829589845,1.8041717191972073,-0.6513187025034228,7.964500076140957,70.28068348918417,8.711950280415358,59.27265292561688,1.3975956166898946,1.3485518268053078,1.289898298745563
2023-10-25,135.08285064697267,133.3556036376953,-7.709939161889276,-8.951869077382446,-3.7766247807215048,88.25731965020094,10.61659909655914,35.34699503391295,2.5794107539416027,4.485242552810089,3.1753783730557403
2023-10-26,134.585111618042,133.22816680908204,-9.824338842453418,-11.230494450487427,-7.580679064699069,-32.364975547079275,13.862391180885208,26.888251270624053,2.502457653365929,4.397823614908891,3.214759038884583
2023-10-27,134.15387001037598,133.07432891845704,-9.615853835095155,-9.904138756740345,-6.640684476759606,-21.89687895957141,16.262117965070562,24.899607930676623,2.537446607664016,4.505255170225793,3.2348115107066526
2023-10-30,133.6720100402832,133.01477874755858,-7.589730492822763,-8.820515217523528,-7.2370980403750345,-35.06310793982027,17.802866044977737,30.17495726750488,2.1291993776091185,4.710650673845038,3.2897756819652346
2023-10-31,133.2576416015625,132.9296223449707,-7.585396684238295,-10.611616209051178,-6.305207614529529,-9.149242746224095,19.16835465943231,24.417562253257998,2.159897054825024,4.42305117033421,3.260156005757634
2023-11-01,132.8214366912842,132.87741668701173,-5.510936337587379,0.6687253564611417,-6.499567334013589,14.415247049516399,19.907116426585944,31.01880760471377,2.1905865637942306,1.882969340948414,3.39732922342563
2023-11-02,132.44527854919434,132.7805484008789,-4.463234225539933,4.260706079909382,-5.6119093522261405,-9.832327207935531,20.3821974891906,34.77323591832244,1.607965688848635,1.0478464137642007,3.4321902454044317
2023-11-03,132.02445869445802,132.76705047607422,-2.9483756412130853,5.672440829543524,-6.163678640376147,-2.6968139622335463,20.426231231851713,34.51051300772468,1.2935693958110854,0.9129021195493626,3.4708409212247537
2023-11-06,131.61902198791503,132.77439514160156,-1.7822405591185493,4.652104606745766,-5.902326948310799,-27.811814451504368,20.19737403262329,35.56841701298573,1.282148306291983,0.8076864003481965,3.479544628643357
2023-11-07,131.26718101501464,132.7736016845703,-0.9745977640534997,5.552870268068788,-5.135439684126442,56.18416287455321,19.898072252557167,38.99905829474891,1.5499723298284402,0.524928052430867,3.4212063021908916
2023-11-08,130.8349468231201,132.71941070556642,0.012513121801491903,4.262559892200279,-6.197083573524864,-11.195572178927527,19.065389247997402,40.888042199817676,1.084654106713846,0.27159889392793407,1.3195564581939552
2023-11-09,130.40172080993653,132.60745635986328,-0.8729945279972309,2.1570382397261723,-6.281922626451186,-10.134035677254804,18.44880426953679,41.593461283611546,1.90417354341192,0.9588149349532228,0.9713312740991438
2023-11-10,130.16500968933104,132.5363931274414,1.0991265473682514,2.703313262876139,-3.472621967141587,13.32965579969514,18.00782664873247,44.1343870564206,2.556753513296289,1.0968495089275514,0.9981770923658138
2023-11-13,129.81713752746583,132.46552856445314,0.9877888883293541,1.4126683830552489,-5.039547632950125,-31.911731374450547,17.150138614565755,39.340118359126755,1.0144570936794322,1.1410638597639011,0.9893799560107797
2023-11-14,129.51442375183106,132.42285034179687,2.396290587956424,2.0233518850591325,-4.365888558392895,76.78337553479437,16.098332495899868,70.17634151763059,1.7811627832617043,1.206681116986055,0.9477664299410137
2023-11-15,129.3486759185791,132.42602600097655,3.294813560299664,2.1086186276393803,-2.420994155598488,-26.342482836963498,15.503067280168322,85.21697734467374,1.0845279364385478,1.2117369998447176,0.8562148741715351
2023-11-16,129.30798301696777,132.45917572021483,5.100357530120262,5.136671018170436,-0.5952865918160133,17.399157638874343,15.32230169657082,87.4240551971466,2.1178661006364745,0.8865367618262114,0.9224315612602463
2023-11-17,129.29359092712403,132.4379360961914,3.8684803499909473,2.0514351674434383,-0.21387658105859186,32.93947139205804,15.275308917171024,78.47772831069113,1.7810980013252702,1.1765800236625734,1.0744583157741683
2023-11-20,129.28118553161622,132.4246368408203,4.600117123233218,3.1493759001384403,-0.18313739359221426,-25.30866849621113,15.227065330074337,81.03013430569264,2.231198932052749,1.0913102772481837,1.0678192487724432
2023-11-21,129.18987617492675,132.4569921875,5.2271740324996205,2.5071189406450145,-1.325542440040972,-18.623429382898028,14.769843337105634,79.28735631199979,0.8906957370528705,1.0502083380922618,1.0676030015745337
2023-11-22,129.82904624938965,132.49232482910156,5.871105506830534,2.874754348185582,10.253951992871691,-21.30035828992768,15.356030237216048,79.82649947474613,1.408041642642896,1.083405051908035,1.0864748808754017
2023-11-24,130.54414291381835,132.4643359375,3.9226613171974263,-0.17527551917134732,11.784424917551961,-29.749802120815772,14.477222934350298,70.37037342679388,1.5655858888185727,1.1267083156715156,1.1017920219114465
2023-11-27,131.25080413818358,132.44468444824219,3.1514094959914014,0.8129595408613577,11.655899440394514,87.277754249139,13.104605928290553,67.34237197754824,1.7740620951376125,0.9470226161065857,1.0152765500123009
2023-11-28,131.88302574157714,132.4246353149414,3.2514199883335113,0.6972102113216305,10.236196448038948,-20.081923495402464,12.208718523194676,67.47052569586778,1.3338206062388305,0.93217040842977,0.9902858616051214
2023-11-29,132.42443504333497,132.36409332275392,1.1729495884474974,-1.445569841615657,8.79271470835279,27.96155899626267,10.511936380028516,58.21603548649166,2.555742505260432,1.171077420419963,1.1275651678946295
2023-11-30,132.72615661621094,132.3400750732422,-0.8965778234457477,-4.303543798424913,4.808245565604796,62.67357054641343,9.305744310665691,55.71649518166153,3.22191527336525,1.0225846130053755,1.2515245419282723
2023-12-01,132.9430191040039,132.36826202392578,-1.5584374533037226,-3.5335304328969586,3.427736391122216,-19.354524306009758,8.320838509727889,48.01095210047915,1.09206919061185,1.0009308549400808,1.0672484797975592
2023-12-04,132.95145492553712,132.34880889892577,-3.4981616287017716,-5.234220013105329,0.13167404427949503,16.626010183733374,8.274480697299433,43.101723497299,1.6477119076507611,1.0835250349538244,1.1579822853946615
2023-12-05,132.98817749023436,132.34642700195312,-2.241155460587212,-4.526210964030131,0.5681386280443013,-25.32076716871331,8.130230315004498,43.625816586753075,2.969691752437884,1.3800698391304314,1.2421877442669713
2023-12-06,132.94103393554687,132.37520919799806,-2.9306609931133245,-3.6817498319830277,-0.7253532270189433,-13.907715228886097,8.321407334807441,38.834955079206566,1.507453769168402,1.3240406438749763,1.2025827946335952
2023-12-07,133.19362564086913,132.50205062866212,2.034276649437338,3.319991267179989,3.8607437584776694,140.78138122343717,8.39462538798792,50.0,2.818959188503835,2.84241672723885,2.174952551608815
2023-12-08,133.42934494018556,132.5552488708496,0.41097553858182545,2.3737246661740263,3.647118109507508,-43.171132575030256,7.9170395284698865,49.37307635076398,1.7556819177309682,2.9645790289710887,2.182473926994694
2023-12-11,133.46408309936524,132.6034846496582,-0.8793617146320727,3.1097695279478366,0.5279528492605934,-3.478290519868199,7.852333084304296,44.36828221975087,1.4854796513408328,2.8316023528048717,2.2131437183490505
2023-12-12,133.48542175292968,132.57073196411133,-1.4677197470728633,1.168026281119472,0.3255338212286407,-6.760870961526111,7.795340236548917,41.549535914647535,1.313013459904976,2.8447861179597678,2.197519095974161
2023-12-13,133.4333168029785,132.57351150512696,-1.3920437176139338,1.9612415236821334,-0.7857902159309371,3.6923755201013986,7.884026023014014,38.09333569160706,1.4558290481656009,2.7969704977962238,2.1517214248656242
2023-12-14,133.30032196044922,132.508006439209,-1.762745313488321,-3.6441948503286747,-1.9907846879548163,28.625335494671944,8.063539556227536,39.97466417375289,3.054417693441043,0.5977186142569805,2.0769796822568085
2023-12-15,133.0854461669922,132.45897720336913,-1.111924416179726,-1.7704962767484678,-3.162189979530794,31.311850505133986,7.933232727081626,42.085590427811624,1.7571657042276034,0.6647504939008556,2.0755103374721733
2023-12-18,133.10976333618163,132.42364425659179,1.2560071415065686,1.8831143141117446,0.36214478610585576,-36.558820463703924,7.973662222667886,47.35656168390446,3.47570037896405,1.2159719814544863,2.059211455623573
2023-12-19,133.12961196899414,132.38850936889648,1.8745883314165233,3.116499489599578,0.2935574431977228,-21.021762043524085,8.026869325560886,53.30411115850908,1.0171968179532975,1.091872565385192,2.040082177192169
2023-12-20,133.19759826660157,132.39406753540038,3.081875029226483,4.352405370037848,1.0002187638305848,92.75262199334296,8.296376198491483,61.93014933364313,2.623962498276569,1.063208055488215,2.0082855638119215
2023-12-21,133.29337539672852,132.39148727416992,4.55657583952423,6.427167073507656,1.3936140003272701,-44.02389059038185,8.837836138890657,66.61488264443474,1.0753523609993585,0.7695956556858081,1.2355964928501832
2023-12-22,133.53157653808594,132.44150985717772,5.165365359751325,6.704373739913949,3.5116092362807994,-3.4782070917444896,9.933962574057551,75.20627190915602,0.9046566751025492,0.7120897877275847,1.0909252828677953
2023-12-26,133.78516159057617,132.52408676147462,4.988291543879246,4.212090298604698,3.746075332428833,-36.75496189535734,10.893200107594454,73.34812334157829,1.0528477878691993,0.5743522630663936,0.9273986471974766
2023-12-27,133.94247512817384,132.54929611206055,4.012836421302273,2.722298076940377,2.3105275832018712,16.974070785385244,11.394934789071453,72.76722817246267,1.560164221404969,0.9436423712106683,0.9629743809794195
2023-12-28,134.20251083374023,132.55941970825197,3.707762362905486,1.3662082744423376,3.881775730684489,-18.25346687996088,11.896528210339783,60.33836360939164,0.9912282906641012,0.8851888083742493,0.972529943814361
2023-12-29,134.55782470703124,132.5937599182129,3.035584216496147,-0.5198851925674042,5.402527552812786,16.747789127305126,12.061033097498981,66.1399455574867,1.1310772449284068,0.5802594546395768,0.9621547320554994
2024-01-02,134.87095794677734,132.60209671020507,1.677820181103698,-2.346467563888155,4.785365686445742,26.574494208082,11.860269814319341,66.96791023632991,2.14952685826309,0.47037292794966173,1.0977080995900421
2024-01-03,135.3498390197754,132.66799850463866,1.8680336844341383,-1.8372196732139412,7.464985821166392,2.112503795674625,11.03980027898114,72.28396092689424,1.835591049070322,0.6360174290775207,0.8516789226847697
2024-01-04,135.61781387329103,132.66581497192382,-0.18479217983569088,-2.835371400051012,4.122445698068766,12.083214591051572,10.376510972403032,61.34196008044895,2.0602665673206357,0.9120826532980177,1.05320959249897
2024-01-05,135.90117340087892,132.60467758178712,-0.8749004215420303,-3.2090086421771136,4.391639584859663,-17.03828990666121,9.336331946865862,61.23300604573764,1.4808884026341709,0.878083647213738,0.9628360169383695
2024-01-08,135.9959571838379,132.8672932434082,1.3256798058526078,-0.6084808274115394,1.394872469684949,-4.92984334122476,9.412941126970843,66.14905077670235,1.980697257660106,1.5982035558314058,1.1335305582583375
2024-01-09,136.29172286987304,133.23789337158203,2.642345172676535,2.0120273224019325,4.415147756419646,15.677443468510566,9.615847966429227,64.12509424319552,2.369642901025509,1.6252440898238463,1.2201205334553606
2024-01-10,136.73785171508788,133.63707733154297,3.272814500799912,2.4186621782435136,6.7446870378707,-13.89117756345014,9.683315944505887,65.04544434885287,1.4689319340890636,1.6432300250406697,1.2588039736227068
2024-01-11,137.2122673034668,133.98683486938478,2.7710892015947994,4.171866413794856,7.214007257558652,12.610106847027701,9.33478106512186,60.85950368951802,3.223537283241807,1.1502445682503473,1.224471606461956
2024-01-12,137.71248550415038,134.35544906616212,2.8085653922960234,5.098319680008956,7.60349467166479,-21.755446983801708,8.868446015501062,57.09730927880451,0.967395501625363,0.9487102083074707,1.224370808251892
2024-01-16,138.23602981567382,134.67384368896484,2.3043436658800203,2.6289301128229914,7.996059649192722,20.680844268185574,7.8454913498473555,53.378375570818946,2.035236889237505,0.7122059111386477,1.213416415844065
2024-01-17,138.67620468139648,134.95134765625,1.2496226253939309,0.36893426057007517,6.6893011136236025,-7.507112767693702,6.502474553947302,49.84168156378889,2.0781808270571984,0.6260400285501774,1.1744086749049283
2024-01-18,139.0573257446289,135.23679107666015,2.4067246884153137,0.8434241496900308,5.655385812984859,22.78549831653043,6.342882026944005,59.33945286205391,1.547254869535105,0.8029072431398004,1.2308182300032455
2024-01-19,139.54017791748046,135.55697174072264,4.115022473005219,3.026458067707205,7.120387888126634,33.11336730572041,7.042870489350063,65.84245740406162,1.4141221453618953,1.11483890740578,1.0743494301269287
2024-01-22,139.9198097229004,135.8551190185547,3.5558997560537002,2.341419537124234,5.529856765673191,-6.044310353379878,7.633780250648014,66.35537667711839,1.7466970037734793,1.1829552597464832,1.049305172271654
2024-01-23,140.24832763671876,136.15683959960938,4.0563904548842284,3.1932100709555433,4.7144293760753575,-32.80797754065167,8.511740237126023,73.60326761983154,1.142541316981741,1.138346697871334,0.8971837693884744
2024-01-24,140.6061233520508,136.52327087402344,4.963340944995987,5.11060109306245,5.095753596620645,16.626841251427017,9.690394194339712,74.8226109052541,1.1768661976564196,0.854259993231497,0.8593703729218514
2024-01-25,141.1197410583496,136.90597930908203,6.810789538521725,5.847485886021797,7.313430971183932,15.51746685953197,11.590095607795844,88.05345152997786,2.311193704139247,0.989332245590634,0.9931128543480154
2024-01-26,141.7063087463379,137.30496459960938,6.592799325442948,3.9691237047353223,8.420596775375365,-10.407182382989522,13.05048137377981,91.15029825963963,1.005321476281567,0.9181239942495474,0.9675809768202971
2024-01-29,142.36532821655274,137.69978149414064,7.019603953745538,5.1510275064283295,9.470138623253078,6.390074859757622,14.4784545369628,90.2803915062759,1.5308489268501582,0.7099901425849863,0.963127130805818
2024-01-30,142.9494171142578,138.03405639648437,5.159028826152956,3.0059963509564414,8.425831143076024,30.763776665238996,15.016543797887918,78.95353417277613,1.6043790889115055,1.2840330728756706,1.1441337571144825
2024-01-31,143.04519348144532,138.0969808959961,-2.793394131454951,-5.7834562277588875,1.3968304269047493,97.92578402391294,14.746528900754308,46.1319897760162,2.947897717977948,3.7765606534373677,2.8148430798563835
2024-02-01,143.15635452270507,138.2131039428711,-2.1339703034510094,-7.052073866046371,1.6124525190220007,-43.72618550966486,14.477966140734274,48.41597026817408,1.608107263793069,3.5215261240223548,2.7836783130491733
2024-02-02,143.45360870361327,138.33478424072266,-1.4926932448832915,-6.445890340453186,4.391819803470121,54.44775307970791,13.586211449491326,49.545352393320925,4.29835293391415,3.60735134386102,2.7074943097676414
2024-02-05,143.84812622070314,138.46797760009767,-0.8659149407904677,-6.403493564888962,5.85719177341284,-38.39096570218049,12.308721982179653,51.92991834711503,1.87221783026975,3.6141721133779146,2.731908352881567
2024-02-06,144.1091537475586,138.5793362426758,-0.7562150336114101,-4.859390022867238,3.7885304310234957,-24.35294789821687,11.655196749523146,54.349936657456446,1.5058973470039083,3.6784599968970055,2.720572727574343
2024-02-07,144.33693161010743,138.75500885009765,0.07735114603484422,3.8829375138542233,3.25645784933708,-13.455345678758047,11.307392032159186,53.47265057655485,1.1611945302784892,0.27846228246339144,2.7140122895117256
2024-02-08,144.51707077026367,138.943583984375,0.2067163314137422,3.3649694914486217,2.551310778702387,-10.49272280821456,11.110110039494042,49.1337976728622,0.8429824526544508,0.3607667312131388,2.5988075606034093
2024-02-09,144.86047592163087,139.17781494140624,2.0862617718613823,4.649530797938284,4.870492750712563,18.90506031785426,11.023886148871481,55.04525640140227,2.1879260171979795,0.7546620379449689,2.7134187432023475
2024-02-12,145.10264739990234,139.42673400878905,0.9103988811294862,2.679571421799709,3.420978720716761,-19.62541232598446,10.831684260469974,50.80989653877293,1.3353224679749631,1.1372781849668685,2.69741730564422
2024-02-13,145.2341537475586,139.6770425415039,-0.8142463402883706,0.7217282814167447,1.8597791997731594,29.09279775181899,10.583283138387753,44.25437203485717,2.053187088377244,1.5024069911683215,2.710294072281394
2024-02-14,145.45597763061522,139.95653106689454,-0.4196225334235626,0.2748616131989401,3.1596788168643863,-18.44081946425171,10.102807245751325,39.636557283846855,1.6650732451138204,1.4518118926376493,1.052640201973741
2024-02-15,145.420743560791,140.22450653076172,-2.559038093038439,-2.1520024605272026,-0.49484644780356524,65.5671637846742,10.1988650976031,35.02863456682611,2.1433056433577344,1.7474542697235347,1.3202131247915485
2024-02-16,145.12994079589845,140.41367706298828,-3.9025086519251335,-5.691277954384799,-4.003278991557801,-16.285411019214855,10.859371249653881,29.947560181431896,2.1705116417759465,1.0449100663049224,1.3912468681887804
2024-02-20,144.88826675415038,140.63401214599608,-3.3312081107252576,-4.34487377632875,-3.335845658099379,-20.096666867923574,11.319586513848945,33.290252245483686,1.8353149287879973,1.2706435846302575,1.3591624030533298
2024-02-21,144.66545028686522,140.74556945800782,-2.201238937247549,-1.784480060250626,-3.053590752968116,-7.641371740366754,11.504652596423915,55.830570983250276,1.410038388350778,1.4228232280175284,1.4048446202645701
2024-02-22,144.4366798400879,140.92620483398437,-0.9881175153431924,-1.2676503239048675,-3.1001880352431455,17.088871951875916,11.402659866805568,56.817123345001576,1.5268214339343844,1.52288916641356,1.4120988704538657
2024-02-23,144.04414596557618,141.1380044555664,-0.8078869355426864,0.8334975517988008,-5.208398923136071,-28.310268866831667,10.694971668389206,53.87251924389976,0.8682967086021879,1.0865155003034408,1.406931247468988
2024-02-26,143.3186279296875,141.2382470703125,-4.730904441333884,-2.0993409342324854,-9.606410826649492,175.17364495378018,10.686862320510947,38.014983193515526,3.670860494945078,2.3065135308998777,1.7348613139145828
2024-02-27,142.5926139831543,141.36350036621093,-3.3340313752683737,-1.587304008264001,-9.530317866212545,-38.29588119712612,9.465692582651734,40.10618458167238,1.5553021213759246,2.364911641556675,1.8158053775457232
2024-02-28,141.84426651000976,141.4516342163086,-4.57332353468274,-4.32831828819793,-9.95644586570693,12.777952337216615,9.096735374289718,33.30909196852582,1.906431112801816,2.3093682730332126,1.828039561848311
