Date,sma_20,sma_50,price_vs_sma20,ret_5d,ret_20d,vol_chg,bb_width,rsi,range_pct,vol_5d,vol_10d
2022-03-15,149.36138229370118,150.35194183349608,5.5654676775820455,4.397825506252362,7.047531002195573,36.54699527783167,10.183501664698902,72.82743857657898,2.253889652810129,1.124256829586322,1.263019309471167
2022-03-16,149.73185272216796,150.42488189697266,4.335756790650351,3.046759049854586,4.978957630622238,-9.011407564617603,10.942423970321325,76.23318826360213,2.51547059487505,1.385580098013057,1.3465906461754635
2022-03-17,150.20881729125978,150.54682403564453,5.363209961295481,4.208406283262001,6.414023691896387,-22.19237137234076,12.003198925607194,71.06086302113908,1.4932122986873373,1.3894858098059302,1.3345801932698544
2022-03-18,150.6434196472168,150.61339660644532,3.8945579620595403,3.241805953042509,5.880225257132499,84.81417539915151,12.428169257610257,69.62170921933154,1.9103159504967395,1.6042136332509114,1.4255229162256526
2022-03-21,151.20155563354493,150.70818878173827,4.09717330661969,2.4113245630451585,7.633473086257947,-45.1471812882436,12.675260385823453,72.24517217593768,1.6151943970400546,1.5518618644316633,1.3571361659490855
2022-03-22,151.82190322875977,150.74685089111327,3.182443285733299,-0.6472165883472547,8.601209413175969,11.44833595162973,12.236319155095503,67.65162388317525,1.4057094029017825,1.0303326948340232,1.1439358443886847
2022-03-23,152.40912857055665,150.78899505615234,2.3972219293930475,-0.10315202142702207,8.137924588588042,-37.76193127302449,11.497093849162669,62.41515048645369,0.8317064234829536,0.9513195044508328,1.1681522085823972
2022-03-24,153.17449264526368,150.87998474121093,2.411553631738052,-0.8823526008952531,10.813197909575024,-4.603935898899925,9.568718070234459,62.25528525814458,0.8388415406500347,0.7120342282205571,1.1692295719834025
2022-03-25,153.66325302124022,151.02702362060546,3.0645034274177982,1.189668384507847,6.578331659728032,-4.046046725056362,9.562299100858105,60.48994455019449,1.4017611085270605,0.629913641450787,1.1693037564561386
2022-03-28,154.25674896240236,151.2086782836914,3.196071470445585,1.1374833497170167,8.057399990843717,16.523547146273,9.207963941286081,72.92391736074592,1.0290651484130184,0.6235602834324164,1.1233088856034192
2022-03-29,154.8717254638672,151.40508697509765,2.734241675205033,1.5657120715667272,8.37804049587534,5.874165804218268,8.38030480225947,71.6870913951457,1.4628056511602747,0.5261508715197958,0.8050499328498673
2022-03-30,155.4781967163086,151.64777954101564,3.398632410752448,3.0113634252618704,8.160659395126025,5.80105841507399,8.10239162228034,73.78981672057239,1.2138804939161087,0.4360601831779602,0.7688254415757763
2022-03-31,155.8698303222656,151.857470703125,1.7834878166263435,1.13558391856603,5.193491507644521,83.03810373391104,7.759640506650118,67.19005996476335,1.8224967918487849,0.9659622972046208,0.8279936415081466
2022-04-01,156.25967712402343,152.1080093383789,2.0795372224114863,0.7178571136087664,5.139293376830967,-43.20824340318875,7.580893898594818,65.08811261194603,1.58818482153409,0.9032685434116433,0.7357446750611425
2022-04-04,156.45034713745116,152.33451354980468,0.9709722834440496,-0.7648042798672927,2.473727502457246,5.1336275591516545,7.520840418296287,50.87715323698044,1.513003995283078,0.9907362032209795,0.8053877258721825
2022-04-05,156.8482467651367,152.61522674560547,1.36543902750784,-0.073145305686384,5.269079861160231,8.534238987843622,6.881167026920283,58.428681957163796,1.8917857095912527,1.0550131781671772,0.8041230498907296
2022-04-06,157.4242835998535,152.89575653076173,3.6216019822161085,1.4700181857528527,7.599188532036494,38.742428922523196,6.985483678478197,63.13480875024431,2.1840591997153025,1.5556284511196652,1.088148506098175
2022-04-07,157.9658561706543,153.15452941894532,3.00000134750707,2.5559978725184562,7.131895815344924,-28.513488660232888,6.745006736062479,68.03934881951764,1.4964795900677688,1.3377917245986397,1.1101418024147502
2022-04-08,158.53741760253905,153.38043365478515,2.8319383996097365,2.20548113987995,7.5405936615719815,-3.2592211449926856,6.161668367023983,66.95388409733721,1.5154896988927629,1.3447662015959694,1.0913364557295075
2022-04-11,158.9021957397461,153.54417175292969,1.311457032607152,1.9096688443625887,4.746916408573454,-16.971096647771013,5.574003014377552,62.09983278247574,2.5578241427918487,1.4236792568317598,1.1904008946441973
2022-04-12,159.07048568725585,153.70009002685546,1.238039226747713,1.289343900507145,2.1346563536270846,0.4298718813216418,5.642167898247439,64.32980324587632,1.4508063918297656,1.4221876688768929,1.1893683403019861
2022-04-13,159.3453025817871,153.89469665527344,1.490409170960572,-0.8615234490646273,3.5182448001311206,-5.2773814519513245,5.555577308974036,64.0705578944853,0.8856364509540507,0.6530957568900193,1.1520796389872627
2022-04-14,159.4840530395508,154.04207580566407,0.9755129927037767,-1.0233213392373486,1.7533959555127154,9.659584271056687,5.589942288773562,58.12416700590555,0.9282925100632508,0.6624900104362546,1.0645352067335558
2022-04-18,159.61027069091796,154.14952941894532,-0.3606301271693225,-2.448937416043817,1.6128988228595764,2.1088523318574026,5.313788136942949,49.56770636096021,2.054482619186628,0.7520075284901829,1.1396693735803722
2022-04-19,159.9347671508789,154.37412017822265,2.4708245298335507,1.801611637563627,4.123298375009932,127.59111842625859,5.642271842285499,60.67994594469286,3.271796719060348,1.6230034103428628,1.4393249386314466
2022-04-20,160.33266677856446,154.6233526611328,2.6687480820062532,2.2178990207133653,5.079995055738373,-44.05804962171784,5.854760191064128,58.97324623621796,1.31601143932061,1.6121819974143896,1.436544303344547
2022-04-21,160.73638610839845,154.8550912475586,2.115708952815897,1.494495208989588,5.173808919010936,-13.371204116893932,5.640798332609229,63.84985638658006,1.259815418250685,1.6461826969228583,1.2073591038747773
2022-04-22,161.01836166381835,155.05460083007813,0.9250666288835202,0.9116055314870586,3.5950592411322146,14.842449635539223,5.2297773103741525,57.285573729894935,0.9749857216762808,1.7273242393022987,1.2509806990996943
2022-04-25,161.42521133422852,155.37096160888672,3.1494775250477844,4.699977817213852,5.137890286089775,39.64341046529063,5.798594745097733,68.53132404536527,2.467607372421008,1.7509706684831023,1.4764345632595228
2022-04-26,161.7318031311035,155.69393127441407,2.217830781689489,0.8739380347068781,3.851972585982244,-8.826555719590212,6.013206823881304,63.63287356412512,1.2941383708160104,1.384989328153349,1.4258013660963138
2022-04-27,161.92694931030275,156.00824584960938,0.6683674353779381,-0.9733979904675394,2.4530290519305886,8.833169774288518,5.842698652916609,49.727974108129665,1.6913793123674272,1.5346597750660886,1.521283592186239
2022-04-28,162.10016403198242,156.3164892578125,1.3118182303345989,0.054541791776419046,2.1549167973332617,-15.204551807467926,5.927231819620723,53.43020584261749,1.406302047660231,1.5863804772166452,1.5315896358592251
2022-04-29,162.24473342895507,156.5728012084961,-0.43366321899790244,-0.5948948729859072,1.82249763639879,-10.004359893235781,5.588123704567837,46.973035071316325,1.3022309742245275,1.7102209371948032,1.6282450879381016
2022-05-02,162.26487197875977,156.8146743774414,-1.4500647494033818,-3.962143446448896,0.25250650685428866,-15.569944819274262,5.5284612619588485,47.77446964289214,2.451861228043822,0.9350710296452968,1.6090548606216444
2022-05-03,162.34633178710936,157.08197052001952,-1.6924921828307897,-3.460048148805528,1.031336315168474,-17.447588658437596,5.18333684249881,47.045886021512096,1.6546145707105604,0.9750757691178769,1.2206909876946237
2022-05-04,162.462255859375,157.4232064819336,-0.7102329507424686,-1.0433894238419783,1.4582569345758634,0.4119551765643381,4.8468884465878945,49.19008365654361,1.8590489235567589,1.1430468292528606,1.27574706612688
2022-05-05,162.21742782592773,157.7014224243164,-2.4586901500852463,-3.6520385670733457,-3.0017126265259098,19.6893466148911,5.364109497339762,44.94847588548588,2.511881975213874,1.20590520851894,1.386984325000753
2022-05-06,161.9761833190918,158.0277993774414,-2.5289146759100953,-2.2664157872663626,-2.965425192703308,-9.24222761383513,5.869262408729513,47.793427284804054,1.2360337563839994,1.1036468090374214,1.3690632931499513
2022-05-09,161.7617919921875,158.23064361572267,-1.8684998995587443,-0.7333119083724138,-2.6301311551023665,22.088902704382974,6.104117776881036,38.39312933760456,2.238764551801791,1.126329631776742,1.0360309758256974
2022-05-10,161.6387062072754,158.45479217529297,-1.9266995002928424,-0.673075158019687,-1.5291476985630936,4.2201344332416735,6.3563718714321755,35.9503218290087,1.513350686770462,1.1259302965709947,1.0371329649960352
2022-05-11,161.46996841430663,158.67195861816407,-2.3564032450150187,-2.2585994598499526,-2.095603078556596,-25.013741800725565,6.729637728539739,35.32273714428875,1.3853417213209511,0.90517898817821,0.9807975405696877
2022-05-12,161.3450912475586,158.88375366210937,-1.315463012321867,0.6279836940253691,-1.5443607795257774,12.37518122139145,6.8462211515792015,42.52544911323007,1.8215496279967645,0.6230180652010356,1.0126090739419598
2022-05-13,161.20858001708984,159.03360443115236,-1.7982690052324355,0.2721512503358614,-1.6953721498588203,12.083611167483266,7.055839918600153,28.29378832311383,1.7472412955880496,0.6887253602289154,0.9077911375408354
2022-05-16,161.22737808227538,159.18757263183593,-1.1268240117924284,0.4229301219430326,0.236402105599276,-28.65290602933188,7.020485960787054,34.28549860223188,1.6621780567339466,0.7181965136427162,0.8986545284982228
2022-05-17,161.03670806884764,159.30591339111328,-0.598393831805946,0.9769222535714439,-2.326854780203169,4.248916924973267,6.87782663309646,41.4404179281348,1.7391793328320488,0.7179106228897338,0.9067073957944561
2022-05-18,160.66118774414062,159.42729766845704,-2.2158758691015628,-0.35768831478274477,-4.562502977850724,49.68962459355601,6.891275202936084,31.155216358919972,2.39316065426904,1.160414187571371,1.0020403930946322
2022-05-19,160.23956756591798,159.50929504394531,-2.8300568826604118,-2.209459179730622,-5.1374147302254425,-20.145664901031502,7.1181803479327455,33.43490451067841,1.213062309265153,1.0304583968700898,0.8568485397618724
2022-05-20,160.03547134399415,159.6403466796875,-1.0057189040708245,0.07349412466279848,-2.511831560160327,9.420321477925665,7.0649549047991895,46.02869595855463,1.7572610947168392,1.4093820623309288,1.0459246964561857
2022-05-23,159.79302215576172,159.84163482666017,1.1685467483871936,1.4112290115902537,-2.912140564393506,-6.398479148110237,6.060214925190952,54.76576124069507,1.3764968392265942,1.6737856176843189,1.2190565255863222
2022-05-24,159.6983871459961,160.0363442993164,2.334183563175345,2.0946472868102584,-1.1448793921617129,-8.820020452221334,5.566581065953365,54.88257090145075,1.4553470112876383,1.7131837900709834,1.2442947365278327
2022-05-25,159.63904876708983,160.11931243896484,1.3677104569599723,3.0052701203794108,-0.7280371042814648,2.166734166173412,5.371712492981566,58.89028146895385,1.3862629778714513,1.445217234985067,1.2848731477714597
2022-05-26,159.5116310119629,160.22840057373048,1.3582943180436826,3.8364750104931566,-1.5517308020362108,5.16397566665141,4.817136592621584,59.49339958033733,1.3373419183645434,1.272903362205315,1.262775809556466
2022-05-27,159.59191207885743,160.32603912353517,2.227460594988782,2.9798112304003865,0.9939396000287148,-15.1356993736952,5.113318672737123,60.69039027369122,1.6179844242214767,1.1608585150764754,1.2540111706960664
2022-05-31,159.68338317871093,160.43065979003907,1.2887784858537525,0.05014834016827674,1.1440184855173507,180.02255022550227,5.249075285042467,57.376667163517965,2.874173507043123,0.9656487836716033,1.2965553223995354
2022-06-01,159.70853576660156,160.4847625732422,0.24616643175884587,-2.0341654646293894,0.31519803706807625,-68.42612589528656,5.253126010143417,55.39425689073797,2.211472503570425,0.82695748010301,1.3423463217616336
2022-06-02,159.6229736328125,160.5436346435547,-0.016176194606515787,-1.3751466733853857,-1.0608515890875303,67.4556556014994,5.17056028939539,50.86962406643768,1.8176693940981496,0.762559908094107,1.1832755610679773
2022-06-03,159.65849838256835,160.6011703491211,-0.45033586591696717,-1.6939626814419073,0.44902955689347657,-51.142906594357584,5.121215621989044,51.480217155888944,1.4284119139643796,0.756613307771716,1.1451256853233875
2022-06-06,159.7105743408203,160.64223205566407,-0.49408834160287673,-2.5898743226936527,0.6596906102551259,27.21411364602522,5.032580111022393,48.78881621500722,1.4172336091275863,0.4100870445331976,1.0101060442136638
2022-06-07,159.80707397460938,160.6881719970703,0.5395204048338432,-0.6628376299696148,1.2158255726133271,1.138030260837275,5.022633497641453,51.400886023121494,1.626112602233632,0.7780303687136034,0.8302115947666017
2022-06-08,159.86656646728517,160.6987191772461,-0.09526854465890437,-0.2419841211144358,0.7505783008581401,-20.461470685414294,4.9644229910643185,56.7830673244801,1.4948070367393576,0.6747602719863867,0.7365171317626421
2022-06-09,159.80821228027344,160.64655334472656,-2.0713648781923295,-1.9418589609554449,-0.7402296719195123,27.1514620018001,5.175381015172186,51.881476055783466,2.884113933107111,1.1226805852253787,0.9067076026990819
2022-06-10,159.61972732543944,160.54036590576172,-2.610435590848832,-2.193628249835189,-2.367564507126907,20.649411935530715,5.72442259576596,42.33987930254959,1.9414697445764528,1.1299449402114945,0.9080685901417486
2022-06-13,159.39851455688478,160.445078125,-3.4587234733256262,-3.168925203337436,-2.7946851747844503,20.304484527552535,6.5471623059621304,28.08527841933001,1.2704163690424195,1.123901056331541,0.7998527394065682
2022-06-14,159.00423126220704,160.28539428710937,-4.703816888348747,-5.691382434372516,-4.946762916340219,-11.006627485306986,7.917771985582207,17.543101833934656,2.289081424359251,0.6028692749413863,0.8526787593977536
2022-06-15,158.65790863037108,160.18893798828125,-3.4736919034457268,-4.1121200141319925,-4.327056667863616,9.54502023381294,8.559141313401085,26.362373295396438,1.6471574570720366,1.179588828986022,0.9957631905303749
2022-06-16,158.4642364501953,160.07369354248047,-3.304559386464782,-2.089681290038381,-2.4655732737101976,-9.48422929413425,9.069864249832236,26.89662537555388,1.64628587818287,1.0115231284247304,1.007569604682843
2022-06-17,158.3124572753906,159.86456451416015,-3.564687336255613,-1.7907951351449514,-1.949577348212217,76.94673147505209,9.538907692601807,19.854934144386277,1.746719779184276,1.0018011365433648,1.0076282180359744
2022-06-21,158.1845275878906,159.72781524658203,-1.4648442662221834,1.2879781926302458,-1.6150091056155058,-34.17183220412282,9.64549101803096,34.680486809022725,2.485407310725008,1.3851096111383814,1.2804293525808037
2022-06-22,158.0178581237793,159.63381103515624,0.19556708208547843,4.488980236326245,-2.0619717576025764,28.874533133812676,9.43276427329018,45.56110450884894,3.5450071314475973,1.0285934208441305,1.3412838398712472
2022-06-23,157.9394790649414,159.65125762939454,2.4813178002844065,5.688560199118897,-0.9591991401912692,-3.4890636357629012,9.172213221021115,54.91194448661186,1.836804511016377,1.1974926115226545,1.5201941975516646
2022-06-24,158.05975112915038,159.71501861572267,3.9024095896861657,7.178988501214412,1.4864694627048758,-8.305374871619309,9.59953333716444,60.692161508465375,1.3988716581689702,1.0394780089377897,1.361246269270436
2022-06-27,158.17957305908203,159.76210876464845,3.726861729463679,7.470793296728151,1.4822267840105985,-36.97089947089947,9.984224017152656,60.36229033669474,1.0158171277817272,0.925108705746437,1.318327063841662
2022-06-28,157.99263381958008,159.72947143554688,0.895826842914863,2.271548961108283,-2.2916696673564663,56.478692075957085,9.584904623380512,47.73020838367552,3.763989810226685,2.038172093765694,1.646334686998489
2022-06-29,157.8782180786133,159.7378387451172,0.9974874227856945,0.7112780501288052,-1.4147989019876683,-23.230258390386883,9.374858033302788,49.5139782357637,1.056562697292423,1.9425787315215652,1.5149631568030593
2022-06-30,157.86920852661132,159.65853912353515,1.2999906839440296,-1.1967035573510088,-0.11254787263648147,51.83645867087448,9.361499299857734,57.094863384936865,1.8365132148716163,1.5861464082680783,1.5035787375020342
2022-07-01,157.97596740722656,159.60095489501953,2.377806559244548,-1.5195711837740933,1.3378544516924995,-48.98118249638125,9.564024280825425,62.613058549846905,1.6878335044478918,1.502324642133974,1.5111090068369666
2022-07-05,158.05344467163087,159.52799377441406,1.5409974283587518,-2.1853842720035765,0.9749277547726143,3.237305397933943,9.65175869934489,63.43958198635978,2.537332596804524,1.5098172034930069,1.5434076897693207
2022-07-06,158.13903198242187,159.49050018310547,1.5772053330710907,0.7686158682893574,1.077101974378114,-6.003805228666059,9.746467236205705,70.37474195274868,1.1385298623397035,0.6797097644641693,1.4417492030196437
2022-07-07,158.14623947143554,159.37658325195312,1.6865251205609357,0.8531553465416009,0.08971832889332898,7.313141914686261,9.758956186111288,68.33252942065018,0.9019611262473628,0.6768250311338545,1.3714294297498917
2022-07-08,158.19128494262696,159.28251190185546,1.5322515384434008,0.43376271335222594,0.5640757448576172,-33.13947395997066,9.81800452899631,67.56621627505334,1.245232912218812,0.6837093500239309,1.1636789683953899
2022-07-11,158.40029830932616,159.23589294433594,1.4381097432295091,-0.651732333014754,2.6711314551230325,-4.78280176579683,9.846791879368343,69.50403838321984,0.8410428644052917,0.3686655366525572,1.0349917930865802
2022-07-12,158.5489486694336,159.11987976074218,-0.07756867200757375,-1.2854957448366178,1.912480313395526,29.178097223746292,9.68089389658506,56.53166032250073,1.8481659864639832,0.646664730977396,1.0988598395512665
2022-07-13,158.75751113891602,159.05018920898436,-0.44149157193629607,-1.6040264235948287,2.7106213158888615,12.378950050968406,9.273469113301527,49.22759466358746,1.043092684444011,0.6189271444381534,0.6623009026277599
2022-07-14,159.09490280151368,159.01740661621093,-0.5167394782471224,-1.5798550687783797,4.45328155934237,1.283141523517961,8.218886390001066,37.357102275172814,2.1117893953496027,0.6233158001494532,0.6652111790689718
2022-07-15,159.46607818603516,159.03683654785155,0.6923423596133642,-0.02804463885687225,4.847320566282454,6.185163071871025,7.438233489498406,37.03698095739722,1.099697863469835,1.018129380135653,0.8189697567373049
2022-07-18,159.65301818847655,158.9499984741211,-1.6827282814573872,-2.3100676710086865,2.44002895857669,33.64200242483879,6.646321848876583,29.758937727027828,2.4565223464677786,1.425829940300508,0.9969196388600038
2022-07-19,159.75347137451172,158.87898193359376,-3.1769541224746476,-2.365639679602538,1.3159595147502978,74.29559409390325,6.010308173260721,34.42145088594668,4.0013949673814535,1.4352985919884136,1.0554661337658757
2022-07-20,159.6498664855957,158.7972885131836,-3.6671459784624987,-2.6960829271090003,-1.3293980454480159,-43.75697776168492,6.545168004457959,32.33972548455529,1.6343555943960086,1.4293348251230176,1.0445876813317747
2022-07-21,159.45031280517577,158.70921936035157,-3.2075806472310995,-2.48746549310942,-2.520780666282385,-23.157810027093007,7.173308113264948,32.64283296080326,0.9456512406016496,1.457578698418433,1.0609774987413767
2022-07-22,159.11066818237305,158.6400424194336,-2.5423192624236735,-3.4281359793916666,-4.196810273733176,-25.696432311666552,7.441441465243738,27.791259298267363,0.8308203434451087,1.1679464858777435,1.0947851692379111
2022-07-25,158.66786727905273,158.5941781616211,-2.0772922629720614,-1.0158981918460652,-5.392517717676537,4.235377026074705,7.091513548273097,31.818334607398256,0.7306009844510973,0.8115558658016165,1.1020860270114339
2022-07-26,158.28768081665038,158.53914459228517,-1.147722314253627,1.1590522590090524,-4.634309203184284,1.9876952200662545,6.43089062162796,36.151084250244715,1.4336655569897472,0.48578761135514187,1.0756433287142395
2022-07-27,158.11920928955078,158.49372314453126,-1.3158841343361094,1.4586084687691736,-2.1137151751595473,2.717931720251898,6.521843724865701,34.37491886018786,1.7147813354700336,0.36767928641520925,1.0762403370140103
2022-07-28,157.99353103637696,158.44429992675782,-0.6671555763540794,1.6870050200938236,-1.576367039958415,18.597397009788107,6.508833522363677,38.50062392055062,2.669342122816429,0.3902214514310758,1.0968855028856879
2022-07-29,157.8588439941406,158.38739349365235,-0.3997820411108315,1.3943686600093708,-1.684414511934651,17.021585343732994,6.423137537337749,39.3551108253222,1.1116218163606677,0.38623288295780983,0.9657444134494894
2022-08-01,157.60613708496095,158.37893463134765,-0.5887746273413487,0.8407700660675976,-3.125001768986413,-15.345506401711262,6.0284421983872525,43.975126660046115,0.9315222482106768,0.48064751448274806,0.65833099927874
2022-08-02,157.37099990844726,158.3805667114258,-1.0069830211344486,-0.4375745161969147,-2.930258295215449,6.093675614311356,5.863008544585867,42.44598764648601,1.6134678316362057,0.4615229167675107,0.477212359549185
2022-08-03,157.2038803100586,158.35786376953126,0.05530203867240746,0.8025411733965759,-2.0807602511499157,-13.534223879051465,5.534758282554447,46.99065609355316,1.9989634615838348,0.6354961211242358,0.49416083497914515
2022-08-04,156.90162200927733,158.22002319335937,-1.3596879817038727,-1.3834753580027948,-3.7591179789332463,12.8063872255489,5.26300303436047,32.46185012370688,2.0315445432040296,0.9496863413396552,0.7563140718753555
2022-08-05,156.5786445617676,158.03461486816406,-1.547478060562283,-1.953935131314033,-4.021755115581538,-7.362516809399111,4.995023124776329,39.62758799317564,1.016892926747387,0.9144795594458279,0.7497303499854248
2022-08-08,156.21151962280274,157.86488128662108,-1.8409333552521463,-2.1333042204069286,-4.569690009060601,-11.569095597364154,4.6868467918181755,44.44426200935134,1.1985859710404043,0.9160694775662873,0.7577281764800161
2022-08-09,155.95611114501952,157.69767181396483,-1.6917043685204043,-1.584546169290879,-3.224325997601374,19.497602488228427,4.773698286630229,47.871506814279925,0.8167819070815177,0.9282737759220684,0.7015457938942207
2022-08-10,155.74124298095703,157.50992156982423,-1.2726212510243644,-2.245248957360302,-2.718876026968653,1.2815183009489362,4.761755456531006,47.406873644623786,1.0019375005643654,0.7206629414380075,0.7173405472851739
2022-08-11,155.3565544128418,157.28667510986327,-3.075202821241383,-2.7067723879934835,-4.861082590363852,66.48284969839739,5.368037929024267,33.46611574337531,1.7769541890324234,0.9111888802241701,0.8888213998750653
2022-08-12,154.77411422729492,157.06306793212892,-3.781503498127601,-3.3954639843852275,-7.254651755505304,56.580230900339814,5.625893613974128,28.381602861295292,1.6878454285619688,0.9367326230981821,0.88642235543838
2022-08-15,154.40744094848634,156.8637854003906,-3.0920885652345684,-2.4147943683623496,-4.671994319796835,-31.04628634412504,6.20397161676589,26.47230534992387,0.9753718784434215,1.0764258905635116,0.942770904596738
2022-08-16,154.22185211181642,156.70432342529296,-2.1108889050118025,-1.5336736719900324,-2.399677063869754,-25.996822875297852,6.519541603339318,33.566839431517295,1.58142494519147,1.2387313798826312,1.0319891666462437
2022-08-17,154.080859375,156.54540252685547,-2.0154620741189495,-1.810511427972028,-1.8335119698362767,-0.6305677793281061,6.790805951244798,29.49193130326924,1.282965671913455,1.2112486687118023,0.9408722601359618
2022-08-18,153.8763511657715,156.3369302368164,-2.3594918212889926,-0.22139472801270266,-2.650171752540298,12.22558258850215,7.151802941973311,26.698714194780393,1.4211250915989315,0.7841092591939319,0.8439739229409967
2022-08-19,153.74977264404296,156.19332489013672,-0.7907498275307651,2.4258922500550284,-1.6325806452565206,-2.2088280939834726,7.159363886744753,37.60781801523597,1.8427707531610824,0.7761658703274118,1.0181452178332595
2022-08-22,153.58112258911132,156.10334228515626,-1.0302384256788348,1.5810979620348053,-2.1709213233631064,-32.79694900658178,7.163877368080973,38.427726498372415,1.0442150714483625,0.8613222963707096,1.0112203018159376
2022-08-23,153.29130783081055,156.0077767944336,-1.7069625477467079,-0.19323341419933415,-3.7043899438313876,1.8983634166880314,7.137774265700407,29.559534955201116,1.1858190349737037,0.9259102028965102,1.040594477637265
2022-08-24,152.99817428588867,155.93358703613282,-1.8446635042066628,-0.529586404327731,-3.7571940620421684,2.1199001131811057,7.162510125089089,33.78415948275861,0.9179786187119222,0.9343860865331473,1.0287459796323546
2022-08-25,152.73028488159179,155.93472137451172,-0.7520476928532605,0.8892297658284365,-3.413920119083902,-0.09851696778846453,6.788228974059761,41.39341334840844,1.519780093767641,1.0029280344127047,0.8568144484875514
2022-08-26,152.3182846069336,155.85154388427733,-2.1865644188059403,-2.324891151554731,-5.240808542016085,-0.204272104530967,6.545196358062759,37.00330582131051,2.0088896121804205,0.9633520075567189,0.9644458986873112
2022-08-29,151.87616958618165,155.7437078857422,-2.660244772802353,-2.7388224022371177,-5.643606359213649,-7.1976848829207185,6.485180269444352,34.654241823130505,1.116559549343367,0.9692631335885006,0.9778581197973847
2022-08-30,151.45279998779296,155.6367037963867,-2.7294914961756387,-2.2271650867233705,-5.435260951666033,32.592409491937936,6.5565693697554455,32.047165991214015,0.9296278858116964,0.9540124821642006,0.9123319636632459
2022-08-31,150.90477600097657,155.44596313476563,-3.031341086602125,-2.560687816592,-6.968289647932124,25.35958584888074,6.178993453590164,36.50797188809508,1.4131640207316836,0.95590345349465,0.9171139645960712
2022-09-01,150.6642738342285,155.27858947753907,-0.46863641890815005,-1.0710226446254523,-3.107900586933199,-14.094512509008549,5.715578753185069,52.92650343283724,2.4313562123502352,1.583885132852984,1.266293248359136
2022-09-02,150.33649673461915,154.99342193603516,-1.8201929648451582,-0.9313952463017139,-4.252548045614935,-22.71625652498136,5.564752077095276,44.75010895323719,2.5746603785030917,1.5517980359044057,1.2271084994274908
2022-09-06,150.0696647644043,154.66884674072264,-1.3797155598577642,0.11041873762007715,-3.480361703184187,27.411823491910337,5.405867214968915,41.9487753599727,2.0835850282453108,1.5215293128328413,1.2411038642101806
2022-09-07,149.8440933227539,154.3634799194336,-0.6925380460088191,1.0096852390526712,-2.942534386760931,-37.919562924296116,5.056821332713946,44.35896642229635,1.3774574303333569,1.5181556346588527,1.2443603165167778
2022-09-08,149.65630798339845,154.17539123535155,0.23201965913964015,2.5102125620639626,-2.442589219596847,27.181632030671366,4.429074975983503,49.38528829502443,1.4148354474430858,1.4456907115306121,1.2741896785220008
2022-09-09,149.64204635620118,153.99220642089844,0.4355369258027987,0.2237867179179176,-0.18942382143635195,-5.785831734721847,4.410392222894621,43.669944069717104,1.0922681101082248,0.9376110698251353,1.2343147479140189
2022-09-12,149.70749435424804,153.79838226318358,0.3492084965674094,1.7819795249081505,0.8789607230052399,15.72010326146238,4.397409509325167,44.86573643410853,0.8150242142539045,0.3276385192136012,1.093849785736555
2022-09-13,149.54190521240236,153.49016052246094,-2.153685230701765,-1.1337140698512327,-2.213269973027676,5.672945501390347,4.846589131064918,39.01102414125938,2.250049489625514,1.3704179202238886,1.3715536161092736
2022-09-14,149.46065826416014,153.2672088623047,-0.07975147701333435,0.35959161516190274,-1.0763580262012296,42.06261893434824,4.766067117096373,48.13160365561154,1.8097872350678248,1.7089946120498758,1.525413805768705
2022-09-15,149.39800567626952,153.04899200439453,0.21711177151932642,-0.18744471362573956,-0.8299707155364322,-24.91915819877142,4.676000340829633,45.636379783788584,1.1933615209910513,1.6682255006289377,1.4981038347260107
2022-09-16,149.48612213134766,152.87288330078124,1.6870182859624736,1.1405578307623898,1.1729651320738554,181.5736288243083,4.9068310204969166,57.19226464731618,1.7183799390995815,1.8124327595455958,1.364156119472566
2022-09-19,149.39996032714845,152.6767950439453,0.9443109407854777,0.3863900351551708,-1.1297390238232174,-63.46360418780783,4.604995675949,57.06896264157976,1.413273311269218,1.8711807837946048,1.2740007847739234
2022-09-20,149.2811492919922,152.45568267822264,0.22876354858724332,2.256273105809803,-1.5633147074336384,-3.2177647712338553,4.3127097880432865,55.3050086579113,0.9577417473325012,1.3101612109875187,1.3129582506243402
2022-09-21,149.15190734863282,152.24896026611327,-0.7120683989312413,-0.8380910577259648,-1.71550974741701,12.988212895819927,4.278712863496552,53.95268067649178,2.1803022937339467,1.066773893843474,1.3493810607914263
2022-09-22,149.17911605834962,152.10222900390625,1.0329401188554939,0.6663537910184258,0.3623579368509766,-8.302359004856774,4.3392231113284945,51.791768944777,2.6056095931491425,1.3853317620871228,1.4482981444139256
2022-09-23,149.1605224609375,151.96096923828125,1.3738795325073674,-0.5250855877763416,-0.24532776487994346,29.69153233978732,4.266960114114318,59.30768837320932,1.6914539616015214,1.1726862531347815,1.4502687060876467
2022-09-26,149.22537078857422,151.75526092529296,0.7098946720285677,-0.3488124794228442,0.8705189367415933,-8.991936324047256,4.315780349531648,55.73772878057749,1.484605612784966,1.149308993649314,1.4662733017953538
2022-09-27,149.31334762573243,151.60783966064454,0.18891870388674373,-0.01819355536133438,1.1901959143002738,-0.5586400320531149,4.227059070120251,51.992663152378306,1.9825416660961803,1.1061437083804317,1.167759083477376
2022-09-28,149.49156799316407,151.53194244384767,0.9309876574032832,1.8863361722191385,2.419517888297218,-0.2970057674375748,4.1250398353777324,52.21161407129241,1.370521021238208,0.9836599716486374,1.0086648894004202
2022-09-29,149.6362274169922,151.4405075073242,-0.27580314148495527,-0.9929143640214244,1.9771624432150192,-19.083467076169914,3.618600156806294,47.48284418044312,1.993556678801618,0.7822444245014326,1.0754297044924175
2022-09-30,149.54643630981445,151.31703887939454,-0.9255000057266461,-2.01536153617784,-1.1975484298858086,28.211640815627636,3.7186252962878683,45.35450830910986,1.4813896669341429,0.7458170548592606,0.9402925166104144
2022-10-03,149.5672966003418,151.17607330322267,-1.0363284137412407,-1.5087532727745878,0.28265960544886504,-3.652673284957486,3.643515671805781,54.58560718700029,1.6421617553217729,0.7454533737350572,0.9217487232907042
2022-10-04,149.67794647216797,151.07287841796875,0.3568870538173968,0.41224469562375354,1.49527732548147,-27.964652882060758,3.5207232433858087,52.46399867343079,1.859679943158656,1.0755854031049064,1.0295691618066782
2022-10-05,149.72510681152343,150.9384503173828,0.016340574339089527,-0.7514040093286156,0.6338484116464649,-27.207709946921955,3.4767144175453395,50.07664037482001,1.1083438710561455,0.9888329925644378,0.9701625373435866
2022-10-06,149.5672950744629,150.75462554931642,-1.8185725530819867,-1.592390132310273,-2.104106836671338,29.768251310745917,3.874782626545026,35.950510037070956,2.0443440699942195,1.231933502759307,0.9748385880439359
2022-10-07,149.31742324829102,150.52176330566405,-2.6929657367799296,-1.9343829074652152,-3.325111724736729,8.026210806865052,4.613330008080251,35.27118892747103,1.9038721035327035,1.2688215999020684,0.9812506004463093
2022-10-10,149.08025207519532,150.28694549560547,-2.410372831114911,-1.7095476184070035,-3.1574348950768494,-16.46735287184725,5.115493045164637,38.33160702954347,1.309149090189609,1.2857293433780859,0.9909868079246882
2022-10-11,149.14374084472655,150.10520202636718,-1.041091070382415,-1.7449383409814168,0.8677997549145555,16.86733388516819,4.906455163211828,48.63660818176889,2.298288939567112,1.2728341448987988,1.1340329538928067
2022-10-12,149.05440444946288,149.94057067871094,-1.006123353841689,-1.4656732818503548,-1.1964044620537684,-30.110105920607833,4.998388329939484,39.91913615644044,1.4629078905261244,1.2811748853820917,1.0815018808151164
2022-10-13,149.05758056640624,149.7904721069336,0.48860856502651273,2.00111494593862,0.04242675321193268,48.907110118156474,5.001643512106409,45.91789776853126,3.1728765890530397,1.084484067280052,1.1574586940818115
2022-10-14,148.915185546875,149.67830871582032,0.16445227414541025,2.6592020996956345,-1.8735203139531809,-12.07251241280104,4.648515702675522,46.71960121061064,1.264737010429803,0.8900948643811014,1.1397889209943968
2022-10-17,148.92924270629882,149.61703430175783,1.452139916194677,3.8526100706404165,0.18642117283149684,18.052281602927202,4.694443746821826,54.06998989899829,1.3206148360607666,0.9118332016219979,1.2001135414936963
2022-10-18,148.9764030456543,149.5616360473633,1.0669165421132825,2.0155957208691566,0.630390376180312,62.180365977230736,4.779209529451993,49.09927500404796,2.4817753469763923,0.9282737197692654,1.1218555567091593
2022-10-19,149.04034423828125,149.48265350341796,0.2202916035492369,1.2293298126698549,0.8635459530215606,-7.708846337608877,4.748748527751236,50.42291118687233,1.432995673912395,1.0701886472287578,1.1483876509686288
2022-10-20,148.99182052612304,149.40246002197264,0.5085864613959504,-0.024245219820606678,-0.643891945696462,-43.65231069430341,4.654884851429834,54.81562139469595,0.8539783519454412,0.817065263718045,0.9299174803332676
2022-10-21,149.08206481933593,149.4511734008789,2.6378957115310895,2.58421305415506,1.1936301513489012,49.96024664746728,5.084080172148695,62.74873878923767,2.928102806482912,1.2156453435347994,1.0044682497185775
2022-10-24,149.32150497436524,149.5742172241211,3.8520987799616413,2.6352260194169697,3.1864871557780283,-19.22922852160799,6.1922063269940475,62.48841690669084,1.6551654589840752,1.2238822833762684,1.0249673237569235
2022-10-25,149.58316497802736,149.67812927246095,3.5067205342140118,2.831167499232823,3.498235291597629,-17.41083801327401,7.005721367793449,63.19514533009964,1.5171906953479275,1.1924045835983308,1.0110437965435888
2022-10-26,149.84845275878905,149.78258270263672,4.231354264758994,4.566154443368986,3.5164627571059093,8.158038820890523,8.006878162513607,76.38305684262784,1.1904087868505555,0.9183578696546039,1.000810242889286
2022-10-27,150.20126495361328,149.88866973876952,4.046906626069288,4.3607450915978285,4.728640372991988,-11.968059048303337,8.841562990272188,83.8079125871137,0.9923924782696572,0.9563908159161943,0.9540333968473916
2022-10-28,150.72322540283204,150.05578857421875,5.227042875236964,3.6512171804246263,7.045789018915616,12.669498599491735,10.0114739026584,85.68601643366951,1.6011912448910457,0.7435689883382679,0.9561125549290024
2022-10-31,151.21162796020508,150.1608154296875,4.34735839031751,1.7487334813357291,6.599263684478496,28.582953291954105,10.653525448642647,79.8301708025586,1.0001755940420272,0.815492397514519,0.9849125337126319
2022-11-01,151.550382232666,150.26058227539062,3.5874742260648227,1.394176655235535,4.510345172263097,-10.563380281690138,11.13613492878169,76.42283581489862,2.432264603928232,0.8818089500023808,1.0000548237611688
2022-11-02,151.79163665771483,150.33858184814454,1.8334505500086342,-1.0336257097127821,3.222105019896082,-1.5418754473872531,11.196059304572643,63.27964273594399,2.141647193646873,1.1053982601958319,1.1206578802598193
2022-11-03,152.19115524291993,150.4318179321289,1.7389458374298727,-0.9227636414194884,5.441279080943717,-29.91580998356913,10.863665009345311,66.06772257013087,1.4819580372578325,1.1131182677473987,1.1217677952587959
2022-11-04,152.70268707275392,150.5107241821289,1.8495455314103466,-1.938568308948696,7.041220347270594,9.979460154775,10.108942418541854,63.50086674432993,1.901093181746805,0.7673593852561458,0.9219154872189601
2022-11-07,153.27271575927733,150.66871795654296,2.358358521868764,-0.5690664582974736,7.836153422677161,24.90331830443886,9.31212696774703,68.31322798099237,1.3932268017311,0.9419132287795057,0.8653205329681831
2022-11-08,153.7765365600586,150.86534881591797,2.53022874579088,0.4332974285193858,6.8272555511616595,-22.241353269898813,8.92874270418997,74.63652308785052,1.4438620677063942,0.9434768292085235,0.866761156058749
2022-11-09,154.2191360473633,151.04710510253906,1.4184925627036322,1.1852277421829038,5.9991228675220665,19.4545878331132,8.162190103032042,68.78193764136509,1.5424782308971143,0.6318112253721854,0.8799540540290761
2022-11-10,154.64178314208985,151.2852749633789,2.3260514404514576,2.19659299358399,5.643349964060018,28.089430894308954,7.985527520244036,66.03558310828089,1.5647452096218366,0.7522935361215867,0.9530594928422871
2022-11-11,154.85900192260743,151.35619995117187,-0.874696555824461,-1.3004412900043283,2.912559185830088,40.586480482386534,7.291157280268193,45.863217027631116,3.716391897271972,1.7076124186683554,1.2502107552623265
2022-11-14,155.10025634765626,151.52253814697266,0.5265857446508896,-0.6185605111957759,3.193479189320003,-40.57175363666736,6.9290955472022215,52.57510652139851,1.7509129443985632,1.8452293099148773,1.3811543920606413
2022-11-15,155.38957901000975,151.68960174560547,0.6195596749716993,-0.834112963329825,3.843137723861534,42.0800729317025,6.373843766593129,50.403910280419,1.4385960533206974,1.82980087626323,1.3784879954195375
2022-11-16,155.78728561401368,151.85993041992188,0.9856478739914439,0.5857015877921645,5.325167726101432,-41.173136562934445,5.295226448381177,52.47315049183697,1.0722936344743512,1.8146766279007833,1.2822612381429574
2022-11-17,156.22943420410155,152.0317105102539,1.512589713712521,0.22353172605720228,5.905173309769696,-18.847824901379774,4.082867955947913,49.97741835000872,1.1494966022012072,1.769167147335504,1.2972365736169216
2022-11-18,156.56909408569337,152.22199249267578,2.068606054677114,4.106353953074682,4.439572072954734,46.8537891176273,4.080894993488835,54.94896831465507,1.146426962228784,0.4742327840517704,1.3066140138075157
2022-11-21,156.84688873291014,152.42997497558594,2.411600948980288,3.022388731609249,3.582747755610649,-12.952087496377196,4.57647358644587,58.90187297540615,0.9774400231695624,0.2128675795496223,1.2932731732967597
2022-11-22,157.17572402954102,152.7316567993164,2.69100744992928,3.231819399504521,4.2477324734013555,-17.500788560614023,5.08075295608611,68.14656210299138,0.4863706451355677,0.14554180985004844,1.2929732795035278
2022-11-23,157.44520721435546,152.97640228271484,2.625375653118104,2.70522497535719,3.450730348269593,14.471420378512722,5.611366550795935,67.9941673387261,0.7852660486890052,0.2799554902971798,1.2426034123510543
2022-11-25,157.720654296875,153.2177291870117,2.5792799738956913,2.0153324364284186,3.5250510376392263,-43.24575076078082,6.065531218620155,67.1536154147118,0.7108973526208416,0.2795667061927342,1.2076726176737547
2022-11-28,157.88411865234374,153.41498718261718,2.525118744455935,1.2909176495750518,2.0613204742607305,102.15458052703852,6.4877279878552265,64.67997083738246,0.682347432116964,0.2226083103197768,0.45453143412148933
2022-11-29,158.03179931640625,153.61355102539062,1.7130434077336065,0.06819600895182631,1.8719187050679764,8.367970759004372,6.679053461969935,58.86413016195384,1.4765125213232124,0.43367704713191657,0.44516414226376055
2022-11-30,158.30655975341796,153.87074645996094,2.6378326508304295,0.6673183422733819,3.5004180471163604,98.31355868965002,7.087805371001532,67.05861184061143,1.814604341314085,0.6335906586965242,0.5081950484857459
2022-12-01,158.73572235107423,154.1721078491211,2.785882592421803,0.9773426268062657,5.552819513524154,-52.71974714027694,7.207348711547387,64.77052282401023,1.2252446985014809,0.6451681097973543,0.5017914733801692
2022-12-02,159.15812606811522,154.42342193603517,2.5934115816943626,0.925305468224269,5.456084400383854,-7.301117371788745,7.232930064397021,90.60262911535602,1.1180679480136613,0.6469064891760522,0.48318356080957386
2022-12-05,159.54149932861327,154.66311492919922,2.289660492456011,0.8176750999446591,4.929990011397467,-12.076100207764561,7.219385026986062,87.4204806156299,0.7607118355731036,0.654202579201816,0.463256818000365
2022-12-06,159.7345314025879,154.87238220214843,0.634519024215082,0.005676754582317756,2.4607716080151443,55.128305276725385,7.064228608825886,68.7293498712069,2.3111909046875976,0.9494270132864566,0.6958752921356766
2022-12-07,159.93740005493163,155.11496978759766,1.1175670504286588,-0.4662745218833808,2.5733741750737282,-28.210486561339465,7.028742860759593,68.74597126341179,0.9313140894769436,0.830268184198386,0.7063287181269182
2022-12-08,160.20467376708984,155.33234741210939,0.9659665115544571,-0.8615677381155762,3.417675493652794,-15.854171781292747,6.764635235554501,65.04760534435573,0.6377002834500933,0.7875154611079249,0.7056923742569804
2022-12-09,160.3137062072754,155.5562664794922,0.06597886440540994,-1.7553717633569277,1.3780743929321604,-4.94946337397103,6.6610074214124,52.880437516618876,1.2689175246587825,0.8190079183458179,0.7511290275199818
2022-12-12,160.75530471801758,155.83974731445312,0.9835576287861081,-0.5257728951319041,5.753559518683171,7.046700285025209,5.3924895519407015,57.2876806920857,1.2764220987493529,1.0808263842532988,0.8537998336634818
2022-12-13,161.13880310058593,156.15114074707031,1.5192844250885178,1.7660444170389367,4.919263477160696,87.97107979682124,4.795334338079303,58.9511656705971,1.0546282678656815,0.7819822215479192,0.8403133193504465
2022-12-14,161.52563858032227,156.4286785888672,1.5869810004147795,1.4618734560158053,4.948254097292737,3.8801416507763475,4.163392896559468,60.02916440089834,1.3684866100641764,0.7689775189659124,0.7810778265058973
2022-12-15,161.7603446960449,156.67402557373046,0.1586156987409507,0.16366067102666637,2.983752084200786,-20.2567760342368,3.364815008843479,50.79366258620653,1.9381386753851653,1.0466783101092425,0.880057798174736
2022-12-16,161.84849548339844,156.94419067382813,-0.9224275926724322,-0.03984495376359032,1.1116636989524586,147.84015574029254,2.9441629083490994,45.251638124600746,1.2181928684204542,1.0910561575262328,0.927774466321898
2022-12-19,161.86720809936523,157.24190643310547,-1.0410162466580373,-1.327047583956209,0.2341888845497575,-69.55704868961564,2.866696280858401,48.14369039903712,1.1967123865144975,0.8656530712519886,0.9271635882209184
2022-12-20,161.853515625,157.5392803955078,-0.9255006395636487,-1.9753405401724766,-0.17048527269236669,7.648186889818698,2.9086368476412052,42.08030491047687,0.7229488732842883,0.7033344005382858,0.8047625090478212
2022-12-21,161.89276657104492,157.83126708984375,0.18381724447162284,-1.1570953281547336,0.48636491691136374,-11.380309974573667,2.901393201332994,46.68348026929659,1.4239075211543029,0.9639825545392728,0.8668652133237841
2022-12-22,161.8936798095703,158.11211242675782,-0.18325587993858825,-0.2591839604307422,0.011303944462781601,4.332967836257318,2.9007591474635666,44.39045900575784,1.2257799152168778,0.791478586810066,0.8760133676737686
2022-12-23,161.90463333129884,158.35655029296876,0.06370951158140523,1.0303488551119067,0.13540526559265853,-35.48194986950658,2.9005408241099135,46.14013249713625,0.9634926498941068,0.5739740105609078,0.8292818408396256
2022-12-27,161.90919570922853,158.61259124755858,0.03269238420120877,1.111224680994316,0.056370582851084095,-16.72639409241462,2.9005559992639856,54.67977282245049,0.7664998402140083,0.5640419837063736,0.7349484030180031
2022-12-28,161.9352119445801,158.81593872070312,-0.41741051418848796,0.5635707544593416,0.3237079118010744,-13.754768037035825,2.8464080272285686,48.16682389275778,1.018908080179041,0.6386888396796706,0.6881121848222079
2022-12-29,161.91513137817384,159.04623779296875,0.10232469769251848,-0.067539680620754,-0.24717217006647862,6.932788992212902,2.8305624991329794,51.217851568685106,0.692721189711193,0.40195800553882444,0.7055239735974796
2022-12-30,161.81974258422852,159.2838671875,-0.351999852447222,-0.21464680204875686,-1.169281857922544,49.05967194570135,2.758355218146049,53.1974278672772,1.341641923500643,0.4379011245977307,0.6030397269426107
2023-01-03,161.78824996948242,159.5419937133789,0.5362868308006313,0.40005304529138197,-0.38573622605910796,50.47431579945929,2.6718174905157817,51.28011670663273,1.330046772268198,0.5996391473400428,0.5573002508295369
2023-01-04,161.8498649597168,159.77023498535155,1.5921501407644498,1.521732371742024,0.7551113069222737,54.27823921574808,2.95145289348719,53.23033724352225,0.9493180855569708,0.7402085375021878,0.6219223819606954
2023-01-05,161.97309646606445,159.93301879882813,0.7653191057729256,1.2113598721003926,1.533225259630333,-36.09737659365806,2.9676348503659353,46.80425313119757,0.883669912800453,0.8239302223757418,0.6983484245192194
2023-01-06,162.11367111206056,160.12717224121093,1.494401755570938,1.5149789194782715,1.7384425798512737,-8.78135341230637,3.2787798092321636,59.71825249210109,0.8543652072858883,0.8585386186868561,0.6536935299081533
2023-01-09,162.03973083496095,160.20885864257812,-1.0900654439664368,-0.6057331929431253,-0.9142413933108662,38.89414651244305,3.4306542416444668,49.736023976964226,2.608498566631539,1.565127161602694,1.0841046239100898
2023-01-10,162.0132583618164,160.28106384277345,-1.3105275926542663,-1.7004419494255907,-0.33004063158008634,-36.311559183879474,3.52265532561616,49.07404003722413,1.0390454597960068,1.4663707231221317,1.0785761006585333
2023-01-11,161.87815856933594,160.3017205810547,-1.3860601439534381,-2.914566913935135,-1.6644421217270944,28.67360079247152,3.7546588955190723,47.72596918173384,2.0642729354740315,1.2545941498119648,1.0780499457815065
2023-01-12,161.6403678894043,160.32263671875,-1.7379455923362046,-2.6845711623113333,-2.9072082538347033,-34.26433454455873,3.978155304390817,38.66990282268151,1.0977032540858431,1.2517404553387739,1.0803720936347003
2023-01-13,161.35145874023436,160.34910919189454,-1.884471310009899,-3.783641568606144,-3.521370894474085,42.596149341827896,4.121752384590487,38.86138511444696,0.9398545193221692,1.0291144555076222,1.056073458788266
2023-01-17,161.1173194885254,160.40429870605467,-2.3480917741461096,-1.8339006426035365,-2.890306133740994,-0.5699737187910614,4.666302680492075,34.74373993847527,1.4446539129418603,0.1882775719293161,1.0596880525115258
2023-01-18,160.8475799560547,160.40676055908204,-3.65986874303158,-3.0829065807082334,-3.3642679051660407,16.42905522607503,5.789820561024627,30.160337538147303,1.3489593309574606,0.524462973187342,1.0493755872138686
2023-01-19,160.57601623535157,160.39123809814453,-3.6276566207977563,-3.0592148465436453,-3.390686547725663,-1.5366497346689711,6.719267287564255,31.02715407533536,1.5159512085972804,0.529938640599811,0.9081364593056723
2023-01-20,160.25972366333008,160.3340835571289,-3.88744886027213,-3.022982262350138,-3.944890609647178,24.22508826284315,7.661988988239734,26.391848152420295,1.5586137235956496,0.5322145736132459,0.9076397782208326
2023-01-23,159.83206481933593,160.2534783935547,-3.8758732877951374,-2.952204898304678,-5.273542292079814,-2.264343549172909,8.428734250480586,27.087873986820043,0.9981628892754468,0.5427848704284862,0.7806800697874618
2023-01-24,159.434073638916,160.1980874633789,-3.635921100763478,-2.3497509952914553,-4.925724860229829,25.11928217057944,9.057091813607167,20.348026934310752,2.9588325462332907,0.603644073969862,0.4250714356536008
2023-01-25,159.07031326293946,160.1279623413086,-2.7269317015040135,-0.1472599748569947,-4.49065312203375,-32.650970422508486,9.310081330152869,16.645771645771646,1.4335394693693144,0.4485222444357216,0.5566428870426356
2023-01-26,158.68053970336913,160.14120635986328,-2.8446356545462836,-0.3775185611402665,-4.813144469515329,-2.1648497140764555,9.556824198662342,17.42282702351018,0.746053508306312,0.47336485769365594,0.5536167592202811
2023-01-27,158.29578399658203,160.09414978027343,-2.9891009533623367,-0.3022440655997438,-4.771889259641671,-12.784152258101667,9.866354763328134,8.32183769472067,0.6538613045607352,0.45879354046985504,0.5512183115411171
2023-01-30,157.5856086730957,159.92464965820312,-6.160654312086771,-3.749009560853833,-8.763225221914105,283.9339066704082,11.258490714898278,7.509472094195814,4.604932996961793,1.7103464387947298,1.1989872600156484
2023-01-31,156.98177642822264,159.7616635131836,-4.97400664856932,-2.9053411311773414,-7.489385806111438,-50.07330464205408,12.034578815263538,15.429877661600969,1.4563637563885952,1.8459049810276649,1.2958290870033873
2023-02-01,156.37611770629883,159.60066711425782,-3.7303606090796686,-2.7078007769595236,-7.447116587461123,-15.045855758880522,12.1086552030745,22.63733821222442,2.17075058865044,1.8835126793409447,1.3178788929577978
2023-02-02,155.710213470459,159.4266827392578,-2.9551949561926873,-1.9835569298694122,-8.099706455310528,2.3689092070185325,11.48572572211162,26.421379440151014,2.05388065384751,1.9286504430171403,1.333972524019353
2023-02-03,155.06256561279298,159.21928955078124,-3.0973402430185257,-2.151812488517213,-7.936243047601099,-31.98831567481929,10.989953764154091,25.901618080408937,1.4883645824420912,1.9303001288047683,1.3361995915770533
2023-02-06,154.29168472290038,158.9735565185547,-3.352741834961939,0.8394653878272207,-9.37034425599953,2.2202809929387834,9.926413185395294,25.64923846205336,1.0712536688672831,0.790604435696342,1.346338858408975
2023-02-07,153.73577575683595,158.72508605957032,-2.9795038480420333,-0.012254207499529102,-6.937008820815793,4.127617148554341,9.679723856277922,30.02512655150943,1.505512121025929,0.6849687016478951,1.34694682559288
2023-02-08,153.2086212158203,158.47625061035157,-2.5205383993805444,-0.7943163813221354,-6.59396388031821,-17.181430212835803,9.255890458236212,31.38370122415337,1.0146101435833423,0.48094443831758743,1.3109193619240123
2023-02-09,152.59337921142577,158.1854248046875,-3.4495529195814756,-2.500904266136783,-7.708136705320934,31.294696681916534,9.010694922932537,28.810724471232035,2.3110259408877885,0.6051906316147292,1.3490417467917184
2023-02-10,152.05253143310546,157.9309295654297,-2.655885253087006,-1.4944518987353383,-6.810349117575121,-11.591924020378642,8.550190249452372,32.539733681046485,0.8880587337773644,0.7397372083448547,1.3795871745804231
2023-02-13,151.5650848388672,157.65251922607422,-1.981445749747305,-0.3733790719029684,-6.158095100953165,-8.726522481502563,7.870432608879614,34.75889663489957,1.0261219218029825,0.7362446964972233,0.7314661791220445
2023-02-14,151.09406814575195,157.34763702392578,-2.1048245534683643,-0.8322936099672718,-5.987469753322894,-1.5386534054593337,7.30306997482969,28.957854023658555,0.7467333769451192,0.7497626557907531,0.6825354463627331
2023-02-15,150.61985626220704,156.99145263671875,-3.4147717355614717,-2.5915543553522435,-6.120412083727167,99.83850538315389,7.626634201525848,25.95960482837455,1.6878976744827232,0.9657662816273931,0.7440792905758274
2023-02-16,150.1045669555664,156.61646514892578,-3.7703605241255955,-1.9578594012547579,-6.6595981976685925,-11.446861778827111,8.028255701193773,25.357781974418813,1.0932732984604114,0.8651583339192883,0.7063559183233038
2023-02-17,149.776114654541,156.35071685791016,-1.5459419668381202,-0.37396943462740806,-4.264791558088465,10.959112463093845,7.7952854517077235,48.68415345840421,2.7994298336869115,1.4036629564886558,1.0647811178786386
2023-02-21,149.3574203491211,156.02148651123048,-2.741162731839961,-2.2203636282215333,-5.450429575977833,-24.012449705287096,7.864121112622286,38.31580195238942,1.556966274599485,1.5019266696630804,1.1317216359572428
2023-02-22,148.9286148071289,155.68766387939453,-2.5969147287843026,-1.928648555414303,-5.582054444407591,4.20526533600738,7.801208313308881,32.392042536005434,0.9380219278606982,1.5079298257403224,1.128394859640099
2023-02-23,148.44274139404297,155.37957641601562,-2.3090621748707783,-0.3171822801671942,-6.28016970275983,-4.430663326612494,7.241067056953749,29.750031945771283,1.2172688904790694,1.330991199052937,1.1231975873266518
2023-02-24,147.90425643920898,155.00078704833984,-3.0474437654879885,-0.7256226341865735,-6.985751226361325,-7.409617372217669,6.911706759984511,28.30302819795881,1.0514838602378331,1.391897695107648,1.1007361729316543
2023-02-27,147.38026733398436,154.5907354736328,-2.9148313462708395,-2.967762150219233,-6.8243670173860576,-16.371106022072112,6.524573317850541,29.867679669952608,1.1694352042204994,0.6594875032256478,1.0712458600762178
2023-02-28,147.03167419433595,154.1270639038086,-4.1666075991619635,-2.999965861254883,-4.71462665381801,24.703114034484173,7.619696150432791,25.918720218926794,1.4550509371371854,0.6706008716111475,1.1000603097736623
2023-03-01,146.58655319213867,153.69214691162108,-4.3083629889061665,-3.3020530104908907,-5.967829738936281,-25.328007238780437,8.542501028419656,24.174696242366977,0.8717321670099816,0.6297146851173409,1.0999478358998482
2023-03-02,146.06745223999025,153.28824981689453,-4.043848634998544,-3.3475137604156657,-6.89639374463813,29.48869513817054,9.027004892100434,27.117669978570035,1.0036069596094064,0.6180908048968058,1.0315728026590107
2023-03-03,145.59222564697265,152.91668975830078,-2.739215225194281,-1.2502470028984858,-6.289865211331691,-34.4114122681883,8.834200947143982,30.485138865274706,0.8310600855669262,0.9122154069613815,1.1109749969276113
2023-03-06,145.23024063110353,152.56997955322265,-1.52185286801904,-0.044960221508005827,-4.818123482661408,41.776865256124715,8.445691933042655,33.97539244053938,0.7456855371081971,1.0710042395954442,0.8951537638112868
2023-03-07,144.85773239135742,152.1595428466797,-2.2016182859572657,0.54155238809237,-4.996131036008478,-8.474264254682017,8.343048303018003,32.64729350333961,1.8820130867711968,0.8804099548857562,0.8288815503559746
2023-03-08,144.43145141601562,151.74019470214844,-2.6322926781072487,0.255591193330007,-5.715938028258927,-16.455475548761676,8.265118041125993,35.39795915552912,1.124477736144863,0.9330757436876429,0.8414813664440083
2023-03-09,143.9165168762207,151.28100402832033,-3.382703174641281,-0.7937012523553277,-6.895816451855774,19.40293716395154,8.282763824816785,34.262742218959275,1.9108696672052603,1.0765829188626976,0.8722114633890756
2023-03-10,143.51946029663085,150.82953063964842,-2.8783567302577886,-1.5647021083344481,-5.390045272113242,14.314326424173984,8.444827891189167,22.10963399100794,1.5764127564321475,0.9040620724773493,0.8568675070353508
2023-03-13,143.1548278808594,150.4187759399414,-1.6997579183889284,-1.6071227003800925,-4.926992663494101,26.989875709934985,8.093293311113069,33.31101766190076,2.835487003212073,0.8883489678757033,0.942480782293525
2023-03-14,142.80234375,150.0074041748047,-0.903431572677492,-0.11032498857221906,-4.745282864802968,-22.02303789029223,7.337578637887582,37.50009405416445,1.3838389476035384,0.8790158823507292,0.8322333840059425
2023-03-15,142.50203170776368,149.62055267333983,-0.4171655974164719,0.9087485315421029,-4.060635801948875,-7.8789246188191715,6.543440635184121,39.31738165276979,1.5289928843726854,0.7848954501906034,0.8157055310438637
2023-03-16,142.3088737487793,149.1997021484375,-0.4887263371029821,1.8447729786211786,-2.65552053451088,-1.9619217035977132,6.266738711909644,43.254678600488205,1.1491196699988375,0.42948296879941017,0.8201720597490554
2023-03-17,142.0914390563965,148.71309478759767,-1.40406015952646,0.5078838861070301,-3.0106208800791623,170.07691801985408,6.255898063179149,39.6432322766473,1.7390693080252575,0.7818247764068535,0.8263606655039168
2023-03-20,141.79263763427736,148.27853332519533,-0.21722089383633486,0.5422709474517617,-4.052625511926655,-65.29329574941458,5.160700363177463,52.12398076006258,1.0981886075177414,0.7913359151090475,0.8250309008363332
2023-03-21,141.60370483398438,147.8175,-0.0840870898892906,-0.019495058574137136,-2.601246326802331,17.503156122878384,4.624419750926672,54.66745854382241,1.2736413812729166,0.7500726250449027,0.7704156514231835
2023-03-22,141.29432983398436,147.3895034790039,-1.713277640369962,-2.138009091130011,-4.265445018798275,-5.172619616082519,4.332844889075603,45.8481892368118,2.005957443283616,1.08029924929948,0.9465275642359507
2023-03-23,140.9909309387207,146.97064544677735,-1.449598658023313,-1.8827632264291738,-4.184376417209701,13.948511361490535,3.813615767121453,40.59868652642172,1.04545873089851,1.0996073888672697,0.8787070814279998
2023-03-24,140.83831253051758,146.5848486328125,-0.35056036120296724,0.17716335395736582,-2.1286143161337034,-37.06899408937745,3.478089264211458,40.52103775063927,1.2643254195542444,1.1612190494885364,0.9338473041045596
2023-03-27,140.73120346069337,146.22706970214844,0.14992854544643813,-0.38338770473937966,-1.4971455164869418,18.8915417295741,3.142854496449892,47.281478875491736,0.932806684484178,1.0695086210871507,0.8921815114247749
2023-03-28,140.66500701904297,145.85248321533203,-0.7702658897421573,-1.3451085740304736,-0.9395867334446639,-9.70128316819987,3.2247725612844627,46.169427022975526,1.132921313216631,1.1381610776722755,0.9192886293028767
2023-03-29,140.69902267456055,145.52482818603517,0.17936359378276728,1.4961953444033504,0.48499886596093944,-1.6892057625954582,3.2176326818012586,57.06488245210172,0.8544762764692189,0.8124892655810194,0.9791751138890761
2023-03-30,140.74407424926758,145.2468475341797,0.22570244109651694,1.5218801500850088,0.6428559919839483,-24.223220226214238,3.2034377351495475,56.31944124291181,0.6452489998198007,0.810640700442215,0.9786715263726239
2023-03-31,140.78912582397462,145.00193359375,1.218877449145544,1.5394847125175692,0.6363030673256054,117.09067761266105,3.3528457451122833,56.68052012180067,1.2580625472530145,0.8144538378985124,0.9560569990009888
2023-04-03,140.8484245300293,144.80545989990233,2.3838389751933176,2.3157184077408743,0.829236264907518,-30.82002022244692,3.7477369016692754,59.445534129249104,1.957278894464036,0.9089447992906216,0.9771892478458436
2023-04-04,141.0506904602051,144.64699310302734,3.3060073612559937,4.393364214974538,2.855481696801121,21.523261082447863,4.836733209311203,62.38043810575049,1.5016750585671248,0.4466714611754804,1.0094124232008403
2023-04-05,141.6322036743164,144.6194467163086,7.503698472316571,8.022958866086638,8.270140048594342,100.9044440435384,8.546028709442313,74.61733001775397,1.7511075083542924,1.694188069095645,1.4193798981722054
2023-04-06,142.2716377258301,144.56153381347656,6.72325963794142,7.6386357387030035,9.19729747584297,-42.43723135498857,10.46537329550568,78.59374721282427,1.4713852652664057,1.7778056937489675,1.4457815601628892
2023-04-10,142.85590896606445,144.49967834472656,5.752631550248555,6.012911786306763,8.383351786247161,-44.31848909041746,11.591100177111755,74.08788976408134,0.7302804860971536,1.9965988051572903,1.5107713830973237
2023-04-11,143.37122650146483,144.44895294189453,5.340448534743607,4.730640717509815,7.323932452189119,10.268957788569288,12.518236250955884,73.91710370029881,0.7548581365514331,2.069786083819128,1.5284179737630958
2023-04-12,143.8309196472168,144.50552856445313,4.780033093527091,3.4260634743047413,6.4968684444765445,-2.366272570209016,13.209051951459216,83.49817704283518,1.06148746572195,2.13022014500054,1.4538175142954994
2023-04-13,144.37152023315429,144.5764501953125,5.782341093294102,0.3019290871515645,7.619052534533677,-2.1425721274787035,14.185896311091783,85.13134489858672,1.5170695702856394,0.7316989306746325,1.4635939290163331
2023-04-14,144.91441802978517,144.61502227783203,5.214740402168386,0.41781628283596994,7.667323867599829,28.090983228734533,14.853572246834258,82.85996626091558,1.2421596744349963,0.7200273415285997,1.4789560620042117
2023-04-17,145.52534942626954,144.63914916992186,4.665625817559542,0.8215414990619951,8.721586580284368,11.36731671533957,15.111567392798639,81.57213186835531,0.7846943116593202,0.6578985040812783,1.50193339441245
2023-04-18,145.8526512145996,144.59456756591797,1.4933008987347123,-1.9845492375853757,4.626676101181393,81.09340823225293,14.916733178017047,70.17997556787205,3.1302457716113343,1.5012441799211436,1.8443942894377283
2023-04-19,146.24982681274415,144.6007568359375,2.1732125219061005,-0.84796764578845,5.614399045246099,-53.66297224033217,14.750637935778773,70.21924291713405,0.9290558777930008,1.6200159021506284,1.8399679098749793
2023-04-20,146.82582244873046,144.62552215576173,2.4298559240626765,-1.5231155512792416,8.295252349740444,40.68127962085308,14.097477784986467,71.3863079231084,1.7483803511051377,1.4844800755171994,1.1195370587765456
2023-04-21,147.35722808837892,144.6300881958008,1.5051945732570344,-1.8994309753220473,7.649033789554394,-26.156988251147517,13.190006017862471,66.68106725651484,1.8439977595307155,1.4856098415316383,1.126913986548336
2023-04-24,147.86427001953126,144.6932049560547,1.7726783059679154,-1.201188084651783,7.22567124136313,-24.73981352114283,12.475285324719941,65.38976750447827,1.1852410363000194,1.5506835085355013,1.14232325624504
2023-04-25,148.41038665771484,144.77021179199218,2.327428619234535,2.58991079374824,7.74951205981993,18.644035689253435,11.832483061229835,65.17003116108928,0.7204277116914491,0.610891993034605,1.1811506230777322
2023-04-26,148.90685501098633,144.78919128417968,0.40563915312741233,0.05536651314423935,7.11366920379457,-11.89347128418834,10.395170178629092,41.45226597484032,1.3220968890910667,1.0397474506661892,1.2866254567073732
2023-04-27,149.35229873657227,144.82812042236327,0.3401094442404947,-0.35454887371759725,6.320529933238728,4.01399006922547,9.07566833457437,43.8254581228569,0.7852753247220207,0.9925062760591232,1.1966545134850763
2023-04-28,149.82440338134765,144.92866638183594,0.4534819157448565,0.6208172291267022,6.693588986115384,4.968900813631372,7.408747555985435,48.205928087293344,0.7330464084379883,0.9707861756035844,1.2122819269051008
2023-05-01,150.2197410583496,145.04800323486327,0.12793605542629835,-0.048842992946918073,5.548397569432728,-18.780394695347635,5.794129824296067,48.06701475213276,1.2591671648779177,0.9333296452070434,1.212431031083172
2023-05-02,150.59577102661132,145.13332244873047,0.750919166478522,-0.09081049623846926,5.215176972338309,54.119834879633785,4.446244812623758,53.014717946591325,1.163423730926053,0.9229921630744397,0.7887990571171553
2023-05-03,150.79711685180663,145.22287170410155,-0.7005198110098045,0.15375045479619764,2.763578666196409,-21.27504408820292,3.295572638323762,41.18604214373948,2.253329820698206,0.8237467802418693,0.8843923172003466
2023-05-04,150.63714447021485,145.30285858154298,-1.0467105771698801,-0.5337308662183404,-2.101307390628371,-13.629320218284713,3.3195225558019135,40.159152501483575,1.0176980489681722,0.8392586508371306,0.8667394500803406
2023-05-05,150.52360000610352,145.3938772583008,-0.636152714260218,-0.6231003671242186,-1.4956106478031583,1.296801872074882,3.2911119244758487,42.22562462294773,0.8851748870410453,0.8257778412361649,0.859805925437758
2023-05-08,150.4311996459961,145.51045562744142,-0.8012458813998308,-0.7885348219752952,-1.2232473044037517,-3.842525748387715,3.360832398532052,54.35077479551153,0.7578159108061825,0.826050559603713,0.834632942885073
2023-05-09,150.2831787109375,145.61011749267578,-1.4743528615168116,-2.411672443942592,-1.9601800972421701,10.522733187851617,3.620021335160283,44.95915794710036,0.8320469241152715,0.6144446331680052,0.7797400542018993
2023-05-10,150.17882919311523,145.76439056396484,-1.0385847012275988,-0.749066838132717,-1.3848082866762645,22.391087763789507,3.7428104117900296,43.21862112079423,1.1815674198741188,0.5008051024568496,0.6498650027653532
2023-05-11,149.94346466064454,145.91921478271485,-1.2879396510010743,-0.703155334066341,-3.0823099664989084,-13.157505254121894,3.6024863734182246,43.928534170444415,1.7392402982908728,0.49417153372000705,0.6495694658427779
2023-05-12,149.7108596801758,146.07238525390625,-1.263522605000249,-1.167919477329027,-3.0511307587866354,-33.46172199877292,3.4505382518140926,39.03178504980303,0.9640521604217231,0.4192582402867762,0.6202135849518218
2023-05-15,149.42952728271484,146.17406982421875,-1.834414912222882,-1.7004464466939373,-3.694086134233854,30.74381435377287,3.4988283573726235,28.262304410402052,1.3099318695798712,0.4814768258102705,0.6449145257961246
2023-05-16,149.35275955200194,146.24357513427734,-1.9132180810152482,-1.0617853922452625,-1.0371868292806674,9.691448721716123,3.836854782761292,34.528208532705364,1.0794535334717688,0.41808605081518674,0.5159284699982708
2023-05-17,149.1900291442871,146.33367553710937,-2.0219118888715673,-1.6455198055914555,-2.178042245405176,22.172810401485933,4.286624429513952,31.031006668624187,1.4403378872964798,0.26774041074098354,0.3905181915118887
2023-05-18,148.9555862426758,146.43517608642577,-2.1825068554671403,-1.5591023339576848,-3.1177269668280494,-24.379084011870134,4.6985929459228855,24.855096679495432,0.8644593350083286,0.2642620916876526,0.3846173553003832
2023-05-19,148.7818229675293,146.5762106323242,-1.8025369820728065,-1.1630784101666847,-2.323422966014088,26.176300019331133,4.98545253283197,28.10427333473835,1.1264195109697936,0.37268614696922764,0.37397139923332984
2023-05-22,148.5231819152832,146.69469360351562,-2.161665985307977,-0.9378814024511128,-3.4374232233678192,-13.041013620137576,5.283674889550457,15.5871926908939,1.504430856001855,0.2983110187091459,0.3861773788702557
2023-05-23,148.19280624389648,146.78540313720703,-1.9810591858932751,-0.8452806181038386,-4.35092599979463,2.0631089342659337,5.19752540400461,19.659178675125247,1.211663277122028,0.3055508204456688,0.3459797431467045
2023-05-24,147.97316513061523,146.85751983642578,-1.9294767920375804,-0.7220738924231807,-2.9381288370638137,-13.428275504919728,5.448968863109946,21.213471728889715,0.7787573038326221,0.30546967227231314,0.28809392172266457
2023-05-25,147.63184356689453,146.88004516601563,-3.1145142676888193,-1.833017799540848,-4.555197804921207,37.30733185778947,6.081026815372702,11.238516742512445,1.6643947959832497,0.6636985063896741,0.47710033260939827
2023-05-26,147.25556640625,146.90734344482422,-2.9046641614115627,-2.1366799208924037,-5.000233691785782,-0.5910457298035188,6.424573083476942,11.63140691650861,0.6997096134420436,0.6005453263099267,0.48243169900029215
2023-05-30,146.88480911254882,146.96535125732422,-2.646991707673359,-1.593685824533686,-4.929892235231293,-18.29403687147574,6.603134471398608,13.789203219289575,1.334454637398886,0.6256143379699898,0.4672161302112478
2023-05-31,146.48027420043945,147.0083770751953,-1.9417965476898118,-1.116017498280386,-5.33241830186304,102.47447748118219,6.123712675024648,14.853582152197077,1.1866350876184848,0.7117886316978727,0.517152008347213
2023-06-01,146.15094909667968,147.0417694091797,-2.050412957677433,-1.353247272975422,-4.398603543518509,-30.22888225632694,6.081454744962354,15.12048799940402,1.2229839988080355,0.7092056020993259,0.5190377302238525
2023-06-02,145.96818923950195,147.17240234375,-0.3856846070992091,1.657918051945484,-2.4521582589837054,-3.0577246782175105,5.804044201998479,36.62139055341042,2.0513481529351134,0.7477435057548032,0.7616187782547654
2023-06-05,145.8226760864258,147.3265753173828,0.5713109328891451,2.572062036930811,-1.945804716607702,-16.04762588613131,5.352329651231487,49.8217343842325,1.1937842990229155,0.744459822562427,0.8078177954712528
2023-06-06,145.68768615722655,147.450205078125,0.5754715002999412,2.4680953411947426,-1.809202705981705,-21.101003032423606,4.914992015319761,50.16942486309866,1.3971468050305187,0.762588523361434,0.7841027854961642
2023-06-07,145.6263641357422,147.5681817626953,0.8341002036365173,2.23141156088964,-0.8282983382712827,28.19891201513718,4.735713135225561,53.67909881633017,0.8579362690490427,0.7729364648976711,0.7837341432673565
2023-06-08,145.6180503845215,147.74560791015625,1.946715693701237,3.7013003001463263,-0.11187998728118265,-10.545331549897764,4.695181654470342,63.4526729667795,1.622358001900255,0.670228570499553,0.8377108346922337
2023-06-09,145.62849960327148,147.8910055541992,1.7803988257704941,1.9366948758751557,0.14119394033051957,7.6653375498418885,4.738713122066172,60.55314413417321,0.7874473783461693,0.5655191765888035,0.625657403928429
2023-06-12,145.64350662231445,148.032158203125,1.6999473178999636,0.9979780950061246,0.20304555952161962,3.9301449460443116,4.796542272631321,64.98530341443067,0.9505968295689564,0.5215654860969016,0.6278367958457155
2023-06-13,145.75396041870118,148.16000366210938,2.1567065834640777,1.6183934302869796,1.5059652864672035,-6.81657604521857,5.1613503246364,68.04417506054331,1.0513888165059988,0.5088106103029562,0.6175843465362838
2023-06-14,145.91204757690429,148.26902435302733,2.5666222913787737,1.917736960030858,2.1582554719611124,10.422298411023935,5.673834075757785,71.19406302901797,0.6808653875577546,0.5103167820620512,0.6183628975394835
2023-06-15,146.18672943115234,148.38809112548827,3.748935271445046,2.1652370581819014,3.7582979466115107,6.556104551357644,6.670941715963323,90.59282695881133,1.5146955665076085,0.6003047580154186,0.6204036307392877
2023-06-16,146.50801544189454,148.38550079345703,3.8375546329799004,2.6373225223544683,4.4101005163108775,88.09240295308408,7.567348337458922,91.44312900671477,0.6819767430516676,0.5172852271191218,0.5160515698046799
2023-06-20,146.80490264892578,148.3895166015625,3.564470248075203,2.645400282740007,4.064165046442714,-40.448065779869815,8.25998461187404,90.66695768078222,0.9139096785325826,0.5150429111070093,0.5177766532543728
2023-06-21,147.12957839965821,148.4041613769531,3.1785202386772586,1.9534761890658947,4.468652209282031,-10.234122914530131,8.716088991461147,88.1489587875368,1.3607491219771932,0.5973906333805697,0.524308877121618
2023-06-22,147.5376235961914,148.45196197509765,3.9856270110027814,2.5129882212598487,5.6182510039325395,-23.56809474050854,9.391683308011583,93.34903240608269,1.1653230234698888,0.6716507846489771,0.5657647471023475
2023-06-23,147.94613189697264,148.50360473632813,3.6108354447205593,1.068819255386999,5.630013363185382,72.27255327293607,9.843970442681854,90.56236976365489,0.7493386059821436,0.5064370960873422,0.5359304069761252
2023-06-26,148.37316818237304,148.48070434570312,2.157658490550901,-0.3653354950153509,5.9711229039462355,-26.155734495857452,9.526655911777357,74.15842667494039,2.230638506121432,0.7723508297832642,0.6942659106123217
2023-06-27,148.78723373413087,148.4564697265625,1.6616775392217689,-0.5117953292391064,5.792006061754118,-29.39330543933054,9.002572017811566,72.83303450245396,0.8818681490683622,0.7746706083983586,0.7021749619944629
2023-06-28,149.1850898742676,148.42924743652344,1.1856502050341255,-0.5613862060882768,5.564546824569172,37.603247082699134,8.276867414853733,69.85694858016788,0.7916011493530742,0.7758272711566593,0.7038137285876023
2023-06-29,149.60379028320312,148.5088327026367,1.6083437350896543,-0.9177477276857027,5.830023485858971,-32.93168544628635,7.63025029263779,68.14762916773707,1.2736206696794818,0.6449255441890961,0.7173170429425473
2023-06-30,150.11234283447266,148.5867758178711,2.140369824947492,0.024188979839223634,7.104959124394283,66.68499175371083,6.747193649650342,73.44675696817951,0.9606067525671084,0.801827327489359,0.641542481716368
2023-07-03,150.4078399658203,148.60520935058594,0.6032365491604416,-0.17113651761346826,4.064464078907992,-46.78496042216359,6.081660487867487,62.4908006340853,0.8754163589532118,0.8712256575193269,0.7764703978004789
2023-07-05,150.61579971313478,148.63000396728515,0.13223859055470577,-0.2939488541704338,2.836025304973888,79.10603168307013,5.603483280861111,57.66111775614788,0.730914845065323,0.8791403825018671,0.7815184602408647
2023-07-06,150.7742012023926,148.61417755126953,-0.7163653583404873,-0.8345568520501834,2.1620928125357652,-12.348088475486529,5.026534281763559,50.14386681772287,0.8477692236656943,0.9332949145284896,0.8095980534083244
2023-07-07,150.80801086425782,148.5272314453125,-2.182101383439301,-2.9555346787025205,0.4604933778942888,10.891433083300427,4.842110427145817,34.09089047866958,1.1554137129611517,0.932119061270631,0.786259136389973
2023-07-10,150.77327346801758,148.49217529296874,-1.9998249684769949,-3.6309925025330037,-0.4679924070336461,-18.270627438694433,4.983871473685767,32.947946607632744,0.8149978662948862,0.6744651920258198,0.8006814976365845
2023-07-11,150.70935745239257,148.43382904052734,-2.499121573049651,-2.8894710782637945,-0.8624405473886765,15.11534708670197,5.277747006912752,31.190193173303896,1.7020720324864316,0.5929395538365712,0.7604381154784776
2023-07-12,150.62506179809571,148.35242156982423,-2.782807407452476,-2.905225818788504,-1.1382124374082592,5.050933143626923,5.668283878994058,30.563053887521704,0.6705450065256191,0.5912583144926885,0.7596880483635282
2023-07-13,150.53567276000976,148.28637634277345,-2.2758777239993186,-1.7264822173065575,-1.2006792685862466,-7.761800472595237,5.965857782495276,25.521231771986706,1.0830560085290188,0.7386328190969491,0.7992255958875131
2023-07-14,150.4573974609375,148.21367492675782,-1.5724349659688435,0.389327790747096,-1.0460622404841025,-16.23787431463517,6.125190231457996,31.08561565093953,0.7818853056721009,0.5193456745774294,0.7950178262223755
2023-07-17,150.24156341552734,148.16586975097655,-1.9242804487901937,-0.27584111609543216,-2.846153691373754,2.323673119242109,6.350857742829262,33.45418683880223,1.0812856864948852,0.5742741365166893,0.6911337106673057
2023-07-18,150.002108001709,148.1314862060547,-1.7738922054841968,0.27104731406981664,-3.1480296818038545,15.413355690019692,6.468860099548361,34.27501726849198,1.6974707592633913,0.5035347202382412,0.6181972544010093
2023-07-19,149.75246353149413,148.08106201171876,-1.8080725654700616,0.41750971144864923,-3.2839807208872362,18.793525463876826,6.576149098933792,34.30060043607911,1.9402807890083773,0.47805346850327846,0.6180047620045566
2023-07-20,149.96088714599608,148.21603637695313,4.010183644992807,6.026068514411254,2.745918438527961,191.02836785154068,7.464470159818608,59.753889122469815,4.65613262296021,2.753975190572784,2.069394490111424
2023-07-21,150.17255249023438,148.4077114868164,4.98005610489333,6.455248086411913,2.759330072206212,-44.822293985721394,8.535107421464575,60.456802764245396,1.5512160588554065,2.7400300312441637,1.9653976074426998
2023-07-24,150.43192520141602,148.60484313964844,5.347104531201358,7.550149832832154,3.3841179140100763,25.45860927152317,9.702519624109849,68.36120479853508,1.6541979195495933,2.608090386500372,1.958098653749271
2023-07-25,150.837654876709,148.8383804321289,5.868225066045178,8.380488921314955,5.353532811400519,-9.008670176966627,11.119779997372678,71.9523703115422,1.6996303069522452,2.5184801352031174,1.9067258105898954
2023-07-26,151.2744171142578,149.0818927001953,5.764639905009532,8.80684630574895,5.775001969645954,3.612011515507496,12.341980201061029,76.55215923688635,1.4184878356390302,2.4516861834817987,1.8765166614614286
2023-07-27,151.77139053344726,149.3659927368164,6.01034293520141,3.153576063904051,6.584439470065195,-12.890357077868453,13.539219994103844,86.91229414662698,1.2954113468672597,0.3258252910073507,1.874161657068067
2023-07-28,152.25215225219728,149.66858978271483,6.156245055213754,2.5207148665130186,6.3253987127041,13.59750610618331,14.687677611782322,87.25756594321135,1.2207731172452627,0.2074715685415395,1.87848196288289
2023-07-31,152.34524688720703,149.84886291503906,1.8654654444951857,-2.0750708992667177,1.2143414520646045,60.07511245650268,14.768519923970963,67.01063969790486,2.0951438741786177,2.012704905014303,2.4126095247216024
2023-08-01,152.6018394470215,150.06371063232422,2.51973815813627,-2.0302830626059976,3.3914984888958832,-30.143995192796268,14.919799260134555,70.04077489400115,1.794066427998699,2.019483283593619,2.4056858413069793
2023-08-02,152.93068466186523,150.28954864501952,2.9171330584844615,-1.6269063848836973,4.360909406392888,-7.682966167624905,15.098913040077507,70.35952260242227,1.4066266483057148,2.057385874081801,2.3882932406103388
2023-08-03,153.34938278198243,150.5446578979492,3.077082274751614,-1.7560090240156145,5.5940494699833865,19.383923922277944,15.204550676092,69.99629936599882,0.9669533293338324,2.0442091986167994,1.4698271921628707
2023-08-04,153.80281982421874,150.7712368774414,1.8095560253968301,-3.117831149837891,6.147580874808867,34.37801294706395,14.831517331107788,67.97697544284848,2.833644981294348,2.0038846418685985,1.4658778114746995
2023-08-07,154.43225860595703,151.07581268310548,3.8298921362758005,3.3247928192820853,8.519856460590125,-24.25229873030651,14.751469454508479,72.08941546250789,2.299246439748244,1.1901196448256692,1.656599451869443
2023-08-08,155.10615768432618,151.4235546875,3.426537895141875,2.5401078776554398,9.172254815212334,54.364470805800494,14.333882030641687,72.8915410953896,1.2472593564276346,1.2150040127732886,1.6414760895154301
2023-08-09,155.8004364013672,151.7703695678711,2.900244995919604,1.8597875642012207,9.482514911693784,56.962894512887765,13.550720543495148,60.65419672452594,1.2711601404862842,1.2383773963389113,1.6411538596307733
2023-08-10,156.4192207336426,152.10014099121094,1.9602008081081996,0.8966277056155825,8.412558517138136,12.19190960199561,12.578319649443193,54.69194623589598,2.514957238255747,1.2992857863968221,1.6380507813682705
2023-08-11,157.06672286987305,152.44825439453126,2.53069047121104,2.8454832178232303,8.744619450264835,-4.787426006661988,11.7333249260393,56.3270945331736,1.340236841675652,1.1601695186006384,1.6648603984572123
2023-08-14,157.7322883605957,152.79840545654298,1.8572708663972517,0.1964221123660792,9.033773432543946,39.49692412254715,10.292414321642628,52.50123209537831,2.219791310725042,0.5648355969994118,0.9373123654418005
2023-08-15,158.37515869140626,153.0942739868164,1.1513675753673074,-0.13856673222778504,8.726278731027005,38.91693695353773,8.25181249595492,50.51986186838885,1.39932816860299,0.5834949053076763,0.941794812302162
2023-08-16,159.00737457275392,153.35494140625,0.4287684003944651,-0.39289335115566537,8.598954209571087,-3.513339426089357,4.765145405484475,46.86595566907796,1.5082028272706671,0.5984558943421451,0.9474503864722007
2023-08-17,159.26813354492188,153.64821533203124,1.2065439406348224,1.068701282200446,3.343608279867505,-17.392555517885377,4.550667826254841,48.9104685741167,1.5114102441450212,0.6790974809223801,0.9774919455252031
2023-08-18,159.37466125488282,153.90703033447267,0.2554501446646309,-0.7822894437779282,1.3514351909162947,-30.00174883857374,4.45268161909156,65.36567542714609,1.5537178092770842,0.6643651662543456,0.9693746902354924
2023-08-21,159.2019012451172,154.03838348388672,-2.626491214924213,-3.5113055853037034,-2.1802716038399117,204.88478129904883,5.069689432226781,46.13455322168113,2.3244692248425944,1.4345690516217764,1.1001966257463498
2023-08-22,158.90686798095703,154.14972778320313,-3.220996914717858,-4.001379970126051,-3.6950947255849464,-62.44053145827206,5.908506957818971,40.385536125487334,1.4636746254947015,1.4156335194762755,1.1002375833328883
2023-08-23,158.52753677368165,154.23550476074217,-3.8600980715600817,-4.5594391722504675,-4.7417929388059,109.39881903340911,6.9186908951747865,35.44539925446341,1.8416087046602243,1.3892452237277098,1.1021717738232175
2023-08-24,158.12921676635742,154.3160952758789,-3.289869789526042,-5.126132968336094,-4.951353848920192,-40.54762821040674,7.464552574250664,40.100205100089504,1.702100442744282,1.2017424559433547,1.1335054579667383
2023-08-25,157.8039405822754,154.42534698486327,-1.7010325644161008,-2.9178168963847395,-4.025068476842586,-74.29796580034514,7.359611906346432,34.54583513031176,2.237594719219932,1.643839702603764,1.202989388649495
2023-08-28,157.70912399291993,154.4578207397461,-2.8015252662293038,-1.115732765112032,-1.221964086184657,1.4984465645706768,7.664583644939101,30.901598740495274,1.8503917883953505,1.0906415126775995,1.2282339902007715
2023-08-29,157.55224990844727,154.48140441894532,-2.6929005296845188,-0.3114395314784191,-2.0054597177328493,-33.8574060028172,8.045008014113224,31.140429745714485,1.771035510047139,1.0428809176942617,1.2365941080559375
2023-08-30,157.32107315063476,154.49601684570314,-2.8939111557053763,0.23628822939010252,-2.937594536179644,-18.589355044804478,8.504520633366104,31.63840582490903,1.3131431083961114,0.958303136803319,1.2362865636549596
2023-08-31,156.96044998168946,154.4770065307617,-3.8894153930496977,-1.3544800743787166,-4.562884460876083,54.269501262689786,9.266514731678337,22.687932102477987,1.4163833799238448,1.093164973726067,1.1572151326320423
2023-09-01,156.61794967651366,154.4033673095703,-4.394124541066687,-3.470664389384892,-4.374597666852664,-43.84595317289506,10.164103886858586,21.822119940435897,1.5391334038272777,0.5393263989025004,1.1551951583614022
2023-09-05,156.09673461914062,154.33605377197264,-3.955360275463949,-2.1973368690443085,-6.50109516199805,4.75836517578192,10.621189515045817,23.11427791235974,1.0517815026394184,0.5660251892220556,0.827547302548899
2023-09-06,155.44725341796874,154.2531887817383,-5.1566999802657945,-3.834216838306592,-8.097212818830467,8.137652719572497,11.422186857155731,20.94256442458081,1.6771052392953172,0.7075001971892735,0.9216209132997852
2023-09-07,154.8971046447754,154.2143179321289,-3.6030688628575858,-2.2598175397774645,-6.863174890460044,1.8249297709610701,11.581615683937514,22.35656716078573,1.2997574498037032,1.1741334299287038,1.0443715098928965
2023-09-08,154.41336669921876,154.1914517211914,-2.9808132198926116,-0.6927242910591103,-6.066236689669536,-29.952274512173016,11.620034038595739,25.754661537639578,0.9279959249072935,1.1160050233685055,1.0438484155193963
2023-09-11,153.94978713989258,154.18665313720703,-1.4159050869299965,1.3584194019909734,-5.757264860732714,-9.3100474342389,11.00841083370333,40.8495196301715,1.3771089651621926,1.2093648672145585,1.0224873313601146
2023-09-12,153.54811630249023,154.17271484375,-0.5989841317925941,1.804825978257818,-5.000203245623669,-4.176374558191876,10.256709145362631,46.664016414015094,1.4671682782856783,1.2116334253822083,0.9876664363292
2023-09-13,153.1887336730957,154.20663146972657,-0.1160316040930332,3.7845974429050244,-4.486712644081059,22.357669787290348,9.43393409093745,51.83883530034978,1.1890949953797465,0.5121416339217412,0.9919074327751184
2023-09-14,152.84316024780273,154.24588562011718,-0.04284182840579223,2.318320115410666,-4.328076512786716,4.878675228117602,8.565627628597976,49.536489600388094,1.1176265846229547,0.5398284742696711,0.9863276333106193
2023-09-15,152.3157211303711,154.26482330322267,-1.0995121888962087,0.5542989616914351,-6.5443248139649075,72.61419880387709,6.952172752216601,36.04651273347881,2.2359867937989786,1.0008636321701425,1.0079264483512862
2023-09-18,151.90626754760743,154.3463330078125,-0.20641356694871682,-0.11681614622538472,-5.12515973180051,-56.77302290156136,5.217137134038071,44.403465436156566,1.477192022190093,0.8305067408654665,0.9904701567669031
2023-09-19,151.72228393554687,154.41798767089844,-0.25143233540960125,-0.8436061069392209,-2.373668502007298,-4.114700293660389,4.858605534964691,43.61000116882371,0.906289302318666,0.7631276141343953,0.9948312337174496
2023-09-20,151.6330223083496,154.51919372558595,0.24416041313734116,-0.6586038233187042,-1.1608363077632577,-30.867622685018382,4.694763822176759,47.536090589862106,1.154005022259218,0.7927281661793752,0.7804964017591063
2023-09-21,151.5544578552246,154.60726318359374,-0.47344601016023485,-1.27030998843638,-1.0309739718518562,17.962683066659714,4.693659924687721,49.93681550126369,1.1814942588406212,0.843249484863069,0.7660269086782683
2023-09-22,151.3958396911621,154.66016204833986,-1.0840664711878758,-0.588407610382391,-2.0744302012068783,9.941016634634492,4.731789074500406,50.06324095944092,0.7165071006133147,0.6431063296464576,0.8023977667575768
2023-09-25,151.11639099121095,154.68894439697266,-1.049337411245846,-1.360251560678749,-3.603008522297191,35.079470331745945,4.25042925792079,48.67426393308238,1.017100298691798,0.49338753275681585,0.6575551757548845
2023-09-26,150.87053146362305,154.70940795898437,-1.6549679742286298,-1.9605634893420487,-3.2077518870563315,-27.03904797322425,4.325685685206811,53.50444247480289,0.767199841482103,0.5337981359418751,0.6322964238605961
2023-09-27,150.5346336364746,154.69441467285156,-2.619374391166778,-3.5602410636353166,-4.381956413533472,108.19605284619146,4.7486907897521515,39.790331028583324,2.2277385184921257,0.37483120965137173,0.6627150401953757
2023-09-28,150.2150650024414,154.68105743408202,-2.5550677081489557,-2.956809686837425,-4.183702353596641,-23.01010615378589,5.145189865940594,36.85718624427624,1.109131462906198,0.45110079498951855,0.6629964824672546
2023-09-29,149.93841476440429,154.468017578125,-3.0784728872168357,-2.959512826056787,-3.6677488523966018,-2.3047863747948982,5.899969908323303,23.484280849984998,1.444622792937412,0.4512861864572068,0.5821015630894674
2023-10-02,149.68975448608398,154.21024810791016,-3.2914731908961588,-3.188585868749083,-3.321316738366775,-5.481271238298591,6.671771922254568,16.837321571483344,1.3535229953845072,0.40235848907040456,0.46770439548864606
2023-10-03,149.4406311035156,153.9395361328125,-3.01159887704608,-2.3141529709989395,-3.323361143103276,-20.92235216331253,7.258044533627215,15.37245875281016,1.0364366218018637,0.5147879591117953,0.4958447022062985
2023-10-04,149.3244659423828,153.64791320800782,-2.823692826750413,-1.0120406681568994,-1.5758547506131704,-13.684503901895207,7.630456930063782,16.908240548597433,0.8744761536785397,0.35764507197832246,0.44062614079020396
2023-10-05,149.18964080810548,153.38040740966798,-1.7226988294090455,0.1657256815700503,-1.8059027076277712,20.949709396189853,7.807673695471566,31.65964968440977,1.2536502288187044,0.6660854877206224,0.6314858778526398
2023-10-06,149.05341567993165,153.10426177978516,-1.3198795767723552,1.2134993136187822,-1.8186314567334438,-3.188560559291209,7.903267168537284,28.495204587751815,1.0847543266226936,0.5169402645494503,0.6369158806777624
2023-10-09,148.8612060546875,152.83027465820314,-0.628366726228012,2.1849925351832944,-2.532906632842702,-23.923684119816624,7.747319693756095,34.5698759412648,1.1290580425919878,0.38719257524353284,0.6797735630607217
2023-10-10,148.61768112182617,152.68168853759767,-0.5785262704886758,1.9441206898602736,-3.1910830865488293,19.469427516368,7.403983055947158,29.920671120015243,0.8651240027129841,0.4447438358661031,0.638495865352354
2023-10-11,148.25332412719726,152.46722534179688,-1.7061861557182776,0.42440438797963775,-4.762494555097629,31.27714041907652,7.062928056245391,27.651034642827128,1.9272697571919752,0.9194232784584399,0.6753172206088726
2023-10-12,147.90762939453126,152.2366635131836,-1.3818385250705414,-0.5154618253842669,-4.525461231320483,-16.329861763133945,6.596727412548563,31.466640694616657,0.9531057486874552,0.7571866979140635,0.6761141536007854
2023-10-13,147.6930290222168,152.0022817993164,-0.9100261985731061,-0.5011393822500376,-2.8491630410736657,-7.46840687797804,6.429724033474979,35.21256210631722,0.8351912703970088,0.7592104533998005,0.6381144682979778
2023-10-16,147.46256637573242,151.81023162841797,-0.32490069503836966,-0.6370438557420255,-3.0405504701664254,19.558565618120085,5.946848975125778,43.20889926460614,0.8950699378121787,0.7309060613486191,0.6252920263494911
2023-10-17,147.17751770019532,151.51609130859376,-1.044783321022497,-1.4334647498451258,-3.766977127364235,91.07691827530782,5.505880471116543,45.14275123391703,2.7804448969911952,0.8109200502409623,0.7111509904282878
2023-10-18,146.70259475708008,151.1577685546875,-2.861437798196723,-2.209010573437631,-6.248852478270495,-25.70236189605044,5.308254301638101,34.77620267440953,2.55352190504983,1.0960333155501814,0.9936582463253056
2023-10-19,146.26686096191406,150.7938330078125,-2.833593007116296,-2.5650858967193213,-5.7775479403705425,-14.987963461686437,5.327376133048479,36.71579096710775,1.9432816252212337,1.0630185455878554,0.8968693801659712
2023-10-20,145.9169662475586,150.45926025390625,-2.1657881613365717,-2.4545916241125787,-4.67290748068282,-6.811657917194647,5.254597522125879,41.724452233116295,1.0065315595639337,1.0866239644135658,0.9076587886539159
2023-10-23,145.50315780639647,150.06351837158203,-2.9199754339876325,-3.897688998773763,-5.5347634127858925,-18.49590675731927,5.464273824195385,36.29406771197443,1.5126450197273638,0.9671634081709333,0.880416145335076
2023-10-24,145.1397346496582,149.67238647460937,-2.779752428796226,-3.113586540399793,-4.898755293317425,4.788900238338445,5.7784216095892935,35.09375252152745,1.2100786105632624,1.0075808960848338,0.8807588002788903
2023-10-25,144.88127975463868,149.29686309814454,-2.3873406334640723,-0.7594980894496839,-3.5261904699946167,-4.459571426250553,6.137700016488743,28.75667058356848,1.2799382118234277,0.5758321425779932,0.839414761741545
2023-10-26,144.51365661621094,148.88357025146485,-3.798361434832597,-2.1796360022692474,-5.022964233879401,29.446673921915377,7.050014427642022,21.54138189590533,2.073823045564168,0.9070403176585303,0.9324921179095763
2023-10-27,144.0401351928711,148.3768182373047,-5.684500594466151,-4.836578840031702,-6.516831092260677,49.5671592775041,8.85404039198913,13.405025612754386,2.5480814274344907,1.0521603857972655,1.0410496779351324
2023-10-30,143.66131820678712,147.9249108886719,-4.507059841599486,-2.8799681979161162,-5.233624941131032,-27.93391768694339,9.828033122063855,20.073898221915826,0.8433690426845475,1.365077003687144,1.1209497480681303
2023-10-31,143.3347496032715,147.59267547607422,-3.4367401846844228,-1.9109873391330412,-4.506256742303993,-7.658464650896368,10.33417069796705,28.294482038576916,1.280837227578549,1.5152854673102973,1.220303165151586
2023-11-01,143.01611404418946,147.2916116333008,-2.9932455831676528,-1.9001079274509114,-4.391702116070184,-24.335810159827897,10.670084350800046,29.08001372057845,0.874294015484345,1.5163949957156913,1.0877130100110504
2023-11-02,142.6942123413086,147.04707763671874,-1.760893974179567,0.8322366868581232,-4.39097919950745,-6.696319553462415,10.557496094164181,32.86677241293947,1.9036212099191403,1.410349858446993,1.1632657187648674
2023-11-03,142.40030059814453,146.8126953125,-0.8373896463184068,3.94228687008098,-3.9964587132398033,-7.894786038772883,10.203482911722716,34.29724020397698,1.4008262371325193,0.3241387496764818,1.1823839363723763
2023-11-06,142.0811981201172,146.54117767333983,-0.3782596995216695,3.176222317209798,-4.314358315352285,-1.5304051311195943,9.555082275430776,38.21796501379926,0.6987459327078346,0.37337956059686583,1.1367642789785675
2023-11-07,141.73316955566406,146.2913067626953,-0.6602914855535669,1.7257663173057436,-4.710795034957027,-0.22673867337263953,8.826964294914088,44.306179292181476,1.0404290177080953,0.5959604652229468,1.1499494011161302
2023-11-08,141.4611846923828,146.0307992553711,-0.8320554680921638,1.1164128728103684,-3.7328806497232803,12.800594992149406,8.471981276853711,43.923511976223104,0.9910245644673924,0.6780649712539862,1.1513439328302155
2023-11-09,141.04551010131837,145.72643829345702,-2.4780775581283114,-1.877013184809384,-5.6994899955844165,27.721611721611715,8.306923212544195,34.88625088589653,2.197805951300424,1.01261601853237,1.192979695769093
2023-11-10,140.5976448059082,145.4571597290039,-2.280242285629076,-2.7025248433197535,-6.120511176632315,-0.615177239876108,7.838468670801843,37.837858612956474,1.9422754569450411,0.8368208020010843,0.917701944361311
2023-11-13,140.13578414916992,145.21736541748047,-1.705158911256894,-2.6829270396148797,-6.2845255975785825,-15.025899259815024,6.7836453781650246,39.55922932956681,0.8467113450224664,0.8415698376623706,0.8690977303487879
2023-11-14,139.7425048828125,144.9743994140625,-1.4084896135522778,-2.1471085831998638,-5.400710261620856,13.99657005077004,5.855276086766413,38.452458458988325,1.063248020108619,0.8783945798735298,0.8168803905917922
2023-11-15,139.5591613769531,144.80253173828126,-0.5167989168599968,-1.0309276107822951,-2.573155670607119,0.23087464251667633,5.580186024726718,49.354925838628056,1.444888341659862,1.033038156373482,0.8539637201340163
2023-11-16,139.4555923461914,144.6172280883789,0.4268602259170982,1.8179385736041054,-1.4574639547422774,2.177111352186767,5.324653243531446,66.79094641366483,1.0193195983228185,0.4430817968560853,0.8327084401628679
2023-11-17,139.30583801269532,144.41624877929686,0.32718598952670563,1.7249584383826955,-2.0980355941145667,2.1481761591715554,4.850786757748113,61.237736432002535,1.1482649302403634,0.4687678919453171,0.7921506495990822
2023-11-20,139.2927993774414,144.20072326660156,1.2211178667210902,2.35758315463539,-0.1846119611050967,26.033346147822243,4.80847950901192,61.27090025094938,1.9078117140186692,0.5204404609371885,0.8469210917930412
2023-11-21,139.3441261291504,143.99079040527343,2.0005279971626067,3.1627813532867366,0.727496198690436,-33.16199148186224,5.015218209137485,63.8302076239804,1.111694501100581,0.4674102786369109,0.8657680487202526
2023-11-22,139.36548309326173,143.76756286621094,1.782454469071027,2.1692115580793425,0.30203070413516997,-21.68247046295827,5.098003983028235,57.503768357874556,1.0940152608117804,0.57947129845732,0.8574732549121086
2023-11-24,139.5857421875,143.58060302734376,2.753823744646206,2.412562399396667,3.1686369717849994,-27.67022768965145,5.707630870156701,59.52042828523755,1.1934374199538995,0.6328133026949682,0.518734308816698
2023-11-27,139.90724563598633,143.41342803955078,1.6975505267840454,1.8035097863204896,4.733136640186331,92.4479322074357,5.3543681824823555,52.95858096683128,0.8923890232741103,0.8212625585108957,0.6304858213464252
2023-11-28,140.17849655151366,143.23380249023438,1.735600284538439,1.1473604638012391,3.9544864892401055,-8.383335659022906,5.281012779804449,57.519315324249526,0.6397158804108631,0.767937653795807,0.6309850192673977
2023-11-29,140.41120529174805,143.06824401855468,1.888507525071686,0.6551225336686617,3.362631525739923,-12.167879505838552,5.4359797168069175,61.57677055481177,0.7428766152713634,0.7046183499952954,0.6206838547453926
2023-11-30,140.74750061035155,142.93740295410157,3.3490444012302647,2.546068008454161,4.84801404639339,140.4990366088632,6.172056759358123,83.9064312799122,2.0819870324961163,0.9429152336750095,0.7389191481681868
2023-12-01,141.18642196655273,142.89986328125,5.50585786075078,3.855727691459232,6.2621857820714055,-17.13681410682668,8.03659756126099,88.54567899225972,1.8878680395144596,1.270460965100513,0.9581904662492365
2023-12-04,141.59753952026367,142.89337524414063,5.531640454418733,5.023792418534656,5.822870874385866,-13.754362896286343,9.556987167993306,88.63331348825946,1.2714024486283555,0.9947239290040775,0.9215023447450245
2023-12-05,141.97634353637696,142.88515869140625,5.031471310633958,4.56373473534597,5.352464993253703,-18.52067755568759,10.643707612950548,86.82684259273017,0.8893116587636283,1.0928721936229864,0.9580190877943655
2023-12-06,142.301708984375,142.86377777099608,3.5157114529229356,2.9649514615814443,4.621756348259454,-8.603230510993098,11.095898751427983,76.2037575748417,1.5898388269652033,1.4537253715106895,1.1041537235317098
2023-12-07,142.595361328125,142.85509033203124,2.497861559886771,0.4784775323889878,4.186536333400115,-1.6634301284077724,11.241377138418368,68.97552713485587,1.2033431085159207,1.410962301446465,1.151237875042604
2023-12-08,142.97962036132813,142.8322604370117,1.5777446224738423,-2.5003178061917986,5.5871786952925495,-4.251117506582569,10.810197584455754,66.3667371095076,1.301651204156823,0.5831185707590687,1.1473018904349874
2023-12-11,143.40190734863282,142.84255676269532,1.6983806554156438,-2.404325594722301,6.14719892635589,-2.6268246278798313,10.26013062913777,65.04969534223505,0.7287434811137838,0.6184218477875529,1.1011420158482017
2023-12-12,143.80693588256835,142.8642379760742,1.4184859176048088,-2.1948960360874015,5.880792322166295,-12.577170629186918,9.630748834825575,62.413616937963276,1.0769416062789912,0.6490019678399834,1.1039157448627286
2023-12-13,144.24442291259766,142.8959161376953,1.5803480354937918,-0.529949172114974,6.350780962996283,102.17489294568401,8.882487646853123,65.21732651135065,2.676679086368836,0.5781152095881346,1.1061888624579128
2023-12-14,144.67951431274415,142.94455108642578,1.9769452823714113,0.9459357034743654,6.26761617526197,-14.156587332552995,8.337318617452768,63.890582084580025,1.3450632217941565,0.5210595105494554,1.0037610805643378
2023-12-15,144.973543548584,142.9307891845703,0.6607508842647837,0.4792106703065846,4.198891873440758,135.1315376540738,7.783334533739025,61.96051287847493,1.888378361314675,0.708613976391951,0.689041219871961
2023-12-18,145.29520263671876,142.91296356201173,0.6191576231814517,0.24506149608045646,4.602967131754432,-66.71821353289334,7.0175591072682275,61.795622901711184,1.0808079697525732,0.6899428452231411,0.67898254504303
2023-12-19,145.60322265625,142.89752990722656,1.0651593720090842,0.8963596453187783,4.369272626625165,-8.019194070304502,6.504411496239268,63.031695144925145,0.9970583482376304,0.738932624968087,0.7330429532549995
2023-12-20,145.70432891845704,142.82544952392578,-1.064113400788865,-1.617562584117882,1.4227119021817725,5.364203563106074,6.182278583825231,45.98960668871649,2.316175998434201,1.2018262681107488,0.8962825818594342
2023-12-21,145.89337234497071,142.8235821533203,-0.1801962868303932,-1.2940724457592756,2.6654063743511314,-34.38351668735642,5.653518135362956,38.33983139246567,1.1818663616222689,1.2782856241906393,0.9494457822064908
2023-12-22,146.03256912231444,142.83057891845704,0.1239818799660441,0.19335483393359,1.940975815676227,-17.390075240290525,5.421439926261592,38.823534401767866,0.971307372715575,1.206209947162409,0.9330577410450521
2023-12-26,146.26111602783203,142.84066284179687,0.4047992521101301,0.45033813195105576,3.2125851067857036,9.7686172313038,4.859776528065055,42.300308095488866,0.9606763198818388,1.218857442479696,0.9340239562588103
2023-12-27,146.4830795288086,142.84200775146485,0.38750238530755726,-0.07028282043362033,3.112842964876683,26.812949640287776,4.263365872744383,49.030943876154616,0.703553604460572,1.180633906480977,0.93388202434437
2023-12-28,146.6932861328125,142.87455139160156,0.3911067998522851,2.1595978858649945,2.9386602848257004,-17.21979538964845,3.6662217596514286,54.55950812252303,0.7983139515790206,0.3610741328882776,0.9249566108457222
2023-12-29,146.7911003112793,142.97280517578125,0.4267153500058349,1.2270800653685576,1.3448834541686772,-1.457452884066246,3.6000260644459305,59.57095356146561,0.5869581068666139,0.160757355682995,0.8980979921807212
2024-01-02,146.86587219238282,143.1394677734375,2.444074348121153,2.9010704786012864,1.0039192853196877,123.05909080371839,4.038433619347116,66.68934978134874,3.031822258239707,0.840694547344381,1.019480775665791
2024-01-03,146.96415634155272,143.31225128173827,3.0155196008299128,3.0933680514787287,1.3154522315705686,-14.446950249945434,4.6528425948483765,68.78981023358094,1.0188229963419404,0.8371205236323391,1.0228723756512685
2024-01-04,147.06197052001954,143.50868377685546,2.7295673819812056,2.7374375007458207,1.3118868261623895,-17.801263362487852,5.130289432218518,65.79642123789966,0.9711744451056036,0.8986356707945898,1.0312289865887772
2024-01-05,147.27405853271483,143.71750732421876,2.900937360320067,2.9058599517929773,2.8795838635242044,-17.203617769633194,5.80342326999508,64.45055434910621,1.1605505247439791,0.8833411863254423,0.6410118638190444
2024-01-08,147.56232833862305,143.927509765625,2.954862445960493,3.0560227186157585,3.94465429973907,17.265506470325743,6.385925206573553,73.71565734111141,1.2691159953259263,0.8659298521940432,0.6174537409136818
2024-01-09,147.9013870239258,144.18735260009765,2.782435241310939,1.0376923735355925,4.669089125704229,-3.23906359402113,6.727699993326889,73.3585812205676,1.658103442937065,0.30957133702557754,0.6281723524286363
2024-01-10,148.2216339111328,144.51515625,2.712641420453861,0.5591076933900041,4.391834310722942,-22.210162026112947,7.061902880624278,71.69214076063199,0.8772460689316093,0.2040689103762542,0.6324677880811143
2024-01-11,148.50755233764647,144.80273162841797,2.0589075512312656,0.32371722844077855,3.9208044763997307,0.01819983417927773,7.153287153900269,89.40017327029842,0.881165512086499,0.3004581360669491,0.6804175791844806
2024-01-12,148.81792526245118,145.0891864013672,2.629737004562482,0.7819774653877509,4.236479385366199,-9.08006469874646,7.450610751606408,89.03846895924596,0.480324393268392,0.4343754639505174,0.6927325130820515
2024-01-16,148.98957061767578,145.3339337158203,1.331023120680737,-0.6252762670519774,2.326767616438441,53.95494674108829,7.503451482900966,73.168510413231,1.289563461950309,0.7186599272461961,0.8431392025954776
2024-01-17,149.23739852905274,145.54806365966797,1.1060345692746978,-0.7424394706462611,3.3964974459846475,-26.737635775363987,7.3128084768218775,70.76481147884704,0.8913594713304487,0.7129732268889358,0.5507445614911257
2024-01-18,149.508740234375,145.75633941650392,1.413230309290935,-0.40771326669242214,3.71205663528833,5.843733364878445,7.16816025223608,72.29364161505568,1.042114388570848,0.7622471674678694,0.5356142543090244
2024-01-19,149.75421752929688,145.96673767089842,1.5421651794275013,0.3288943817039369,3.336329011530914,31.71835708298407,7.150591905736063,72.89054330761411,1.0143490004586666,0.7449237509451975,0.5354921878903125
2024-01-22,150.1868583679199,146.2069250488281,1.744379010198988,0.04926365275548239,6.002486644816263,-3.4944069690155954,6.419380868414179,74.34164186695963,1.3787194413331714,0.6871451609040088,0.5473067497396731
2024-01-23,150.4205795288086,146.40734008789062,-0.07690331078637967,-0.44230203239411514,3.2097836146729897,34.07871984994577,5.740418777649918,49.285718424437675,2.2526693571887737,0.895450386291487,0.765710089715119
2024-01-24,150.5851707458496,146.64644317626954,-0.7170183842183251,-0.9162877200880937,2.251380050793883,-20.78624669391681,5.139805326584688,40.90500660695933,1.5349788238234714,0.9165900167253929,0.7743602598412328
2024-01-25,150.74599990844726,146.9000048828125,-0.44859347860919,-1.0235213465750514,2.1903395305777007,-24.40706963396294,4.594206470207701,45.269656748339976,0.720728198847008,0.8979127284053804,0.7878850670079138
2024-01-26,150.894132232666,147.1453469848633,-0.5837077818759929,-1.3483321952568073,2.0147108341033615,2.062457792622596,4.006393976270359,42.50236938530309,0.8652068230799436,0.8640861209849786,0.7809211895063686
2024-01-29,151.02486419677734,147.3874951171875,-0.7569689738350305,-1.9142052211334137,1.7754412337168235,15.939126236163027,3.3791145803501954,39.773785476948106,0.6965365249122937,0.7713605593291358,0.7194930525491064
2024-01-30,151.1203285217285,147.5972720336914,-1.1868433396749722,-0.6507666403191226,1.295156105607287,11.063980750246794,2.7570929260096237,37.11717057741945,1.0266357499280776,0.3489446229228773,0.6411233722350312
2024-01-31,151.07001037597655,147.78523498535156,-1.0730058111468406,-0.0377424387800418,-0.6688779709711046,14.669814596208596,2.907829275795511,36.48778716330923,1.2271850365913373,0.27161186361959827,0.6438356556460023
2024-02-01,150.94727249145507,147.9688250732422,-1.3290342160847968,-0.7520712819517938,-1.6214163423246108,-2.9648289894390056,3.1612712901219417,37.09530727531412,0.909322073665181,0.19672411576223503,0.613409729723292
2024-02-02,150.7582275390625,148.0948550415039,-2.297055719485659,-1.8119216480059763,-2.502644954890576,3.5434348477284106,3.832680329742508,24.469933012488852,1.513310202382338,0.4541196667237823,0.652734291364778
2024-02-05,150.50757904052733,148.18288848876952,-2.640506423540525,-2.2339199099549956,-3.3078782538092044,9.9531093672778,4.54705752288023,26.998089828653832,0.9948671510891284,0.4286662652558688,0.5893616530378566
2024-02-06,150.34439849853516,148.3190759277344,-1.1210375591807566,-0.44719755077491374,-2.148206394701535,1.1872917032099695,4.587964360979151,40.466587831752726,1.9802541265149187,0.9589173121582396,0.6806854972253201
2024-02-07,150.1727523803711,148.4221566772461,-1.0581329699280762,-0.5789903526452256,-2.2582542263471783,-5.84621718545163,4.581580840824094,36.231675589997934,1.063421142686099,0.9549433550615561,0.6641967436843951
2024-02-08,149.91551971435547,148.51846588134765,-1.8796037217209176,-1.2376900495707055,-3.3792523168715505,12.251590854170736,4.743972922596031,29.43911653589072,1.297953234346327,1.0364306728182364,0.7050248879972167
2024-02-09,149.7090751647949,148.61496307373048,-1.5181314871052702,0.09577194570886682,-2.7241684667314248,-33.068170169144025,4.851190098159764,26.99424519496003,0.9760135448525716,0.925322934166761,0.7167648110954938
2024-02-12,149.49557647705078,148.72293487548828,-0.6917294436416549,1.3157782384106032,-2.7957397680262397,2.6389144152422883,4.516896009354033,40.9593582327454,1.3050348298642651,0.9072111334040807,0.7678090527233418
2024-02-13,149.30512161254882,148.75698211669922,-1.4343531082244434,-1.0059414843087255,-2.523037869673217,28.642841154965314,4.627156419851828,39.050143973790775,1.7255684330402654,0.7252237581151144,0.8037657640079628
2024-02-14,149.0845687866211,148.7073223876953,-1.7490807930884176,-1.4178980554004017,-2.9233975254527977,5.5422804779027945,4.8152400243250435,33.391221664813855,1.0402018228050476,0.7276716829047548,0.8054324502025336
2024-02-15,148.92985153198242,148.6892642211914,-0.27029742809027224,0.9718683076431534,-2.0408333732527817,-17.983690156943776,4.5526978124903446,44.19959261950424,1.64006862203722,0.9060846449704661,0.9467940368722668
2024-02-16,148.7445037841797,148.67400177001954,-0.2607046335232846,0.6242868608526742,-2.4377649414563773,14.452261306532655,4.1114848322039075,44.065848195729984,1.0156475930345037,0.9160001510186594,0.8697925883215053
2024-02-20,148.58407669067384,148.71987213134764,0.6824875606874572,0.7656349904841653,-2.099739183984084,11.248097412480984,3.275399517914588,51.002479000643696,1.37463458796098,0.9397816940852584,0.8727050401746677
2024-02-21,148.58759231567382,148.80423248291015,1.2030757612488012,2.182370884329954,0.04677991168260398,-21.3561783680815,3.289654305849904,53.26350991703989,0.9831091697749116,0.7440550598798554,0.769251878231731
2024-02-22,148.71494979858397,148.94057495117187,2.244325302758664,3.806494787131931,1.7037169566122223,7.929073268651732,3.8640087555523306,60.12870935984082,1.851044734928339,0.584038748231524,0.8271371121291157
2024-02-23,148.87995529174805,149.0912240600586,3.015797355882075,3.2603939742456456,2.1990504904335184,-16.60260384376937,4.71439393091946,70.20705085516592,1.2913966789316518,0.4744040204339511,0.7215233364273993
2024-02-26,148.99802856445314,149.22178405761719,2.266330878745414,2.70840237275507,1.5741701864712354,-18.742194469223904,5.121552282555322,69.13424993852202,0.8955701491041437,0.6963053952447066,0.7969205706451354
2024-02-27,149.13169021606444,149.34240203857422,2.2954179914636446,1.976455886048889,1.7835625519972087,-7.077249606616165,5.526538979311316,64.62563211885552,0.869669482942389,0.6933329992375818,0.7886092261695409
2024-02-28,149.32010345458986,149.4535076904297,2.528077731234226,1.8086877815198132,2.5235025488237195,19.54278738234947,6.009640911699807,66.36470816151441,0.8170890122458468,0.6897959188706534,0.6775271289829181
