Date,sma_20,sma_50,price_vs_sma20,ret_5d,ret_20d,vol_chg,bb_width,rsi,range_pct,vol_5d,vol_10d
2022-03-15,126.72544708251954,134.66322845458984,-5.7397275298612795,3.2579709487329467,-13.122180884191915,-4.372612735875947,26.954076350502298,32.445280556843514,1.8266894980298216,2.4714730950108996,2.451092073269486
2022-03-16,125.98969192504883,134.2604296875,-0.9525587900665098,3.7170147612248794,-10.548107984421895,34.8310215545222,25.389753889743666,43.587021046665186,2.93353540204596,2.631121649344126,2.797748481859284
2022-03-17,125.32021102905273,133.77930389404298,0.8356845540945649,6.286972978935612,-9.580634475662631,-16.233928931117326,23.34917247294943,41.55142101364004,3.0467388215619757,2.396220076355188,2.8138952053728725
2022-03-18,124.80942153930664,133.35227783203126,1.2122333363418671,8.697333360993476,-7.482001621114131,38.74373185537081,21.894002826850024,47.883444488877636,1.7059238297837953,1.6861523204730744,2.617034917070276
2022-03-21,124.246333694458,132.88575973510743,1.3443577131182551,7.282780955005852,-8.209569745645329,-46.41599560374527,19.9362405008704,54.53774262947537,1.4536332746291512,1.9101141618745434,2.1708447069145644
2022-03-22,123.82931632995606,132.44322555541993,3.848246752776858,7.653987601537482,-6.0907380038726755,6.883031847334742,17.8938414966766,54.71750969488829,1.5495663516621418,1.9323521730123787,2.1370736363083487
2022-03-23,123.42762870788575,131.9465916442871,2.1115825919165667,0.9971498649643307,-5.992312085531748,-10.74206929129209,16.286092353630053,52.000066329280806,1.7098293107171043,1.579077796903737,2.066267150855697
2022-03-24,123.25360717773438,131.4633023071289,2.9214322008890785,0.3852929740799649,-2.6703768909464576,-17.163364535441406,15.675244951833477,59.17713494480253,1.1372564331157695,1.4982940471576331,1.9813812454249928
2022-03-25,122.98085517883301,130.98506240844728,4.051506330748211,1.2990802260992584,-4.0886691957981665,-16.312290368950645,14.170283059107348,70.96677025604035,1.676993837887632,1.5346546156009138,1.6954323921622225
2022-03-28,122.93892707824708,130.49167434692382,3.3168914640054408,0.8736167946153284,-0.6558683184071379,29.040376930876132,14.026805726975308,70.64041675732595,2.1793195361899853,1.5854141255861953,1.7804325337950069
2022-03-29,123.15217018127441,130.1903398132324,3.3649574888676184,-1.0096737210494866,3.466484666155112,4.6070936670949525,14.356269257088488,65.10541240535281,2.379941057276982,1.1784284009550117,1.754251094301265
2022-03-30,123.2089744567871,129.99684387207031,2.84893969698291,0.543678156188121,0.90464884857131,-22.493703883709625,14.479524180137506,67.58509180822928,1.5725000431576075,0.6943526212921535,1.151161197911559
2022-03-31,123.12016296386719,129.76944564819337,-0.16731725883008916,-3.1060938805947513,-1.42451221497778,97.85543267586365,14.446476396773441,64.32713157804571,3.000301772983444,1.4712099263154572,1.4485336335918915
2022-04-01,123.16118850708008,129.54673629760742,-0.9400077865409109,-4.657556037073462,0.6770843957437656,-9.407683575449898,14.392771622689995,60.015630410050996,2.6679481749220435,1.2162280701675041,1.4531700686420834
2022-04-04,123.46324462890625,129.3813720703125,-0.7441794922320911,-3.520971773144821,5.185364424136352,10.782187223702877,13.448167169368192,57.16079971481659,2.9799153429696483,1.3709971646820476,1.4741014406474802
2022-04-05,123.73502159118652,129.18983032226564,-2.1147156819391775,-4.853099490883006,4.698656532729717,-30.466112399807077,12.205565185170526,39.61941373924595,1.7924099709677792,1.2733407706454503,1.228637842793351
2022-04-06,123.69105110168456,128.9361880493164,-3.438493374355231,-5.745921463774984,-0.7309085292065531,6.642279712311017,12.361016149984536,30.51905990796058,1.216815558510073,1.244312554080307,1.16534182667097
2022-04-07,123.70014305114746,128.65021255493164,-3.739337405367375,-3.1237933026103115,0.15294373045247056,0.6155775976213196,12.321898921744188,29.982515014372694,2.433444603342474,0.7295944153592991,1.0948023843500994
2022-04-08,123.95213241577149,128.45490356445313,-2.1762690470066604,-0.6138048849001043,4.336613511051501,1.0212248541657143,11.094340628925176,38.27335009307414,1.8053699184570955,1.308883000788648,1.268412617323303
2022-04-11,124.12416152954101,128.22725006103516,-2.6704327435947075,-1.415769635279751,2.9314251763870924,-20.267542222459223,10.204411019968871,27.939958180343396,1.7518696032072314,1.2719104806972141,1.2670298967281042
2022-04-12,124.12574157714843,127.93718627929688,-3.740069430425299,-1.3499396670082597,0.02645499266131779,24.110486891385776,10.196394851764714,30.041776345457706,2.949676965827813,1.2607181331257185,1.2531366228217242
2022-04-13,123.66786193847656,127.52411102294921,-6.497960380258509,-3.186566310890393,-7.338428254890528,137.39982601867604,11.9126142719907,21.13811662536368,2.5451671532578155,1.8148745393473646,1.4941294884856082
2022-04-14,123.07749404907227,127.11141906738281,-6.920322214214878,-3.7912731206073746,-9.343667060309436,-38.92210908619236,13.470784199475174,15.463163593771583,2.600702772963026,1.8080850605934802,1.3015284254517003
2022-04-18,122.59565620422363,126.76359909057618,-4.820733727506337,-3.768066900550382,-7.62869979640437,-37.16870540265036,14.04568375349425,24.90410023614929,2.880277428194555,1.8168851739875675,1.5299716416672873
2022-04-19,122.25491561889649,126.39449447631836,-2.579101580277076,-1.4135245887145542,-5.412160955667689,26.879267220982904,14.061925064942324,31.966488108510305,2.3566288222616323,2.226817717023189,1.7096581581063273
2022-04-20,121.80117073059083,126.02454986572266,-1.8731302075421892,0.03040050898663882,-7.056983421326235,-10.557161314383901,13.353257406999997,34.044174987436804,1.649185391965204,2.185135274137938,1.688780052424484
2022-04-21,121.42913284301758,125.58413864135743,-2.335506726258083,2.560860917250962,-5.903774662647487,-9.3520573036887,13.170736249403065,39.02300044655041,2.182897440272648,1.4131102936287303,1.6483366942053548
2022-04-22,120.84575881958008,125.06388153076172,-4.682714227643345,0.5471033974873807,-9.197538686491546,17.61594190994069,13.29356611860289,34.6319223440446,3.020268042576845,2.038659230348906,1.875257764777319
2022-04-25,120.20511512756347,124.55461853027344,-4.204943067954995,-1.3155753405158843,-10.012918228928536,19.76562281755454,12.775036723613123,32.942165861063,3.163210729997126,1.7990367083863819,1.7248688457234227
2022-04-26,119.44149436950684,124.01383728027344,-6.4443531243690035,-6.177549094492596,-12.023944744007364,0.3527902501603508,13.163558859713383,30.184293150485217,2.877581703890309,1.5669792545925376,1.889179399659111
2022-04-27,118.59123191833496,123.4697769165039,-6.999077801127897,-7.721520983157914,-13.35880456693771,0.0331212411749382,13.427959937100976,30.47692402890725,1.927191873808733,1.2934668869362869,1.8942810969288586
2022-04-28,117.85702209472656,122.92038208007813,-4.939964223670134,-5.530015907499131,-11.587987690532241,-24.3947209442818,12.729359338834065,35.81102214966707,2.035026926184035,1.934104121123997,1.8136053387848692
2022-04-29,117.13230056762696,122.2936344909668,-7.438229579090345,-5.8749443709494535,-11.792319406999308,14.284397184916564,14.020273077792297,25.545109841835426,3.946044789198992,2.0192261954958126,2.034260021620833
2022-05-02,116.50261917114258,121.75106735229492,-6.088089183036819,-4.98540583080358,-10.322352778440314,24.6739451959018,14.698887294851165,28.721584452144597,2.067246099507586,2.1912741593727096,1.930654676843807
2022-05-03,115.96306419372559,121.24256637573242,-3.6302138869831593,0.008138438665139525,-8.805865118778943,-15.2283634402804,14.34195616462467,36.09928311261827,2.7554250372136946,2.237411502833617,1.9418120034081343
2022-05-04,115.67966003417969,120.81287384033203,-0.19827646405860272,4.677950151542065,-4.679787906038257,8.953685857679904,13.752473322169312,49.671465344857225,3.666407331277984,2.4913456589769227,2.2981957924649534
2022-05-05,115.33585128784179,120.38275604248047,-2.405222382061893,0.4702463975628346,-5.757111000532089,-12.103219779899,13.6372870232781,46.60909213306265,3.1794664866280624,2.8704316826744325,2.3987040900969
2022-05-06,115.00112762451172,120.02366195678711,-2.279128573528582,3.652815666629672,-5.622084425260587,-4.234361093029748,13.501681963232013,42.178199817267355,2.513741173348073,2.2312333402254314,2.248642530957107
2022-05-09,114.47292709350586,119.56910430908204,-3.304132500806191,1.170602331874493,-8.712255513923884,-0.7324228909896702,12.930803341674213,34.305048475190404,2.322338599113947,2.4366147721181606,2.2825892580940583
2022-05-10,113.83209266662598,119.17185592651367,-5.129723780077605,-3.365031974907262,-10.609006372316475,14.463782900023059,12.843336984955812,30.17802995714561,5.231727859899959,2.4112885050175046,2.2221259838469964
2022-05-11,113.22350273132324,118.85746047973633,-5.221485498707834,-7.0495623897515625,-10.187024748606744,-10.695014161539218,12.992832071807339,30.434753844838852,4.189941572554233,1.0506621874351507,2.1992186399143234
2022-05-12,112.80294036865234,118.49021423339843,-4.948642594976215,-4.744987289964497,-7.2741535198270535,11.541116723512168,13.70188315489127,34.389406812349705,2.499150224806666,0.9987191480438269,2.1060672089475743
2022-05-13,112.4836582183838,118.15989624023437,-3.8309265579658276,-3.742310276013694,-5.5740533228518245,-36.00509841409908,14.129928355623644,36.80409815080415,1.9229162700030624,1.280548927764817,1.8870229296692695
2022-05-16,112.0204044342041,117.88464859008789,-4.106246610965131,-2.954198305441169,-7.940201727175255,-1.668071089321277,14.275267099277858,40.909098200636215,1.8856719831361104,1.2113739407654287,1.8684147703993974
2022-05-17,111.6143756866455,117.77420715332032,-0.5672329175515134,2.767259385220666,-6.818177741780184,8.678547083455058,13.033501400906388,51.33330307631371,1.7678864435375772,1.6666327138109023,2.056801017379454
2022-05-18,111.09253311157227,117.64220687866211,-1.8090400391920516,1.650587179731433,-8.732329129856653,13.482733284349745,11.379229653943025,44.33206695033331,2.0318115711661395,1.9112454209807397,1.7330664021407292
2022-05-19,110.53617401123047,117.38517913818359,-2.7775601676989874,0.22872374300313414,-9.38265174864441,0.7966900646669162,9.839539813726802,48.01660812255867,1.7073825662624318,2.0837310701053386,1.6326940018366152
2022-05-20,110.1060733795166,117.13902206420899,-3.197996829679867,-1.4694843591211648,-7.46787424400297,3.0103871281079053,9.530232741941216,44.09864910524739,3.9628444443519735,2.054219587853262,1.6330258341912438
2022-05-23,110.00751876831055,117.07831512451172,2.8833915306539737,5.361073632357316,-1.7117522053580414,85.37273480810032,8.928519487385238,52.52983251564877,4.911719760456598,3.5013372203746114,2.625647731998194
2022-05-24,110.15921173095703,117.0264990234375,4.19294051283336,3.421171885870322,2.715002255822263,-20.723887974992515,9.637417209937837,48.71169921526001,3.466284609260406,3.2976582571941715,2.4646857778748794
2022-05-25,110.42353897094726,116.949013671875,4.667433418583087,5.953879028409048,4.7932720782587035,-33.86563449228716,10.570421465589456,56.283162264530034,2.1141170123928545,3.018474750943088,2.424176504094621
2022-05-26,110.70058364868164,116.80473876953126,6.210660366515419,9.407495318505287,4.9456840691111115,25.120497011048172,11.978670893471818,60.06334020267564,1.529662925057006,2.620855848973005,2.42092333886473
2022-05-27,111.24150199890137,116.66215087890625,7.18850069617798,11.871489605014762,9.978227109243942,-30.098993802725303,13.571133854621339,66.57275322974748,1.6226135548769405,2.212451400388729,2.4250938875585275
2022-05-31,111.77651443481446,116.53790451049805,7.45556447256807,6.1235650917220275,9.779969632997766,52.22136735314642,15.14294880268948,75.28427887061514,2.601518032039653,0.45931998826268894,2.3547997399412544
2022-06-01,112.0889835357666,116.37962631225587,5.275947047002251,2.8094352387544985,5.592120174749171,-36.7146635321775,15.896730801270243,71.05547930941532,3.2330050264383083,1.369342757582057,2.3818301546623433
2022-06-02,112.31152725219727,116.20575820922852,6.757669276460179,3.740940309349061,3.8552299481751096,-22.225111441307575,16.85957829357759,73.3132955488121,2.5303002559777363,1.4499516879724077,2.2451800706203815
2022-06-03,112.59493141174316,116.04967712402343,5.0045941559249405,0.5562621983481897,5.035531435648388,2.6412571046472655,17.463501911282208,68.01178030147727,1.367546657356966,1.5866500897196658,2.2346010009876274
2022-06-06,112.86788825988769,115.86937438964844,4.404576753041929,-1.1731628887636236,4.857743288559302,31.72987436016752,17.907133380728943,68.9086770256686,2.258531390022447,1.4136978611890176,2.195792373332146
2022-06-07,113.24076385498047,115.67306777954101,4.3335436680245625,-1.633487092002206,6.737259154793862,-40.63496268821477,18.218861424272124,64.7477114775594,1.3069978560035906,1.3481773284366103,1.2417036285198293
2022-06-08,113.65451393127441,115.4580906677246,2.2993440770252462,-1.4702342525355072,7.662547814933918,25.28785219124692,17.756737970313957,64.79613351575185,1.9921839237213133,1.3061692612683324,1.3391627995849829
2022-06-09,113.98015441894532,115.18865417480468,-0.13668231214760448,-5.068178379232069,6.069066669320899,61.00616235855665,16.91353337639606,62.662811439268,2.258406763694913,0.9688834143015692,1.492806203904011
2022-06-10,114.04873390197754,114.8261180114746,-4.784286542662624,-8.151524367599306,1.279220642915524,-4.5346273257571905,16.579387532168614,53.4073285574428,3.4127994369755976,1.8897744833742047,1.89704573711566
2022-06-13,113.9079402923584,114.47500717163086,-7.505465010142524,-10.591226851964263,-2.603083354850433,29.821091987763815,17.375728116723206,35.01562033151471,2.491593622617996,1.7882014659866838,1.841494422618759
2022-06-14,113.7171875,114.10704818725586,-8.891947818910657,-12.308777761045707,-3.5515133031800206,-20.515185414385684,18.551757666788667,28.719746011521764,3.5945980728387115,1.251998656512564,1.711481146770696
2022-06-15,113.40971374511719,113.75279479980469,-7.563661305962432,-9.835941650410618,-5.541003026424973,5.4319915555588905,19.788612162524803,29.860395762684206,3.275278276884683,2.1184978799098224,1.8963552545895201
2022-06-16,113.10723609924317,113.39109268188477,-8.906560408613675,-9.480476382526737,-5.545834492027524,18.755281002591694,21.237504461757172,22.538640117952426,2.107025816114181,2.1223237280292335,1.629653877342131
2022-06-17,112.86743469238282,113.0557325744629,-9.034933403409726,-5.453773136054796,-4.462834465882226,84.8734521581594,22.431340466504203,17.09958743094559,2.1852549039936866,1.580861857959111,1.6694382087933437
2022-06-21,112.79885520935059,112.77850692749024,-6.7248556843612555,-0.1379333816814654,-1.2868519445617843,-62.22335777282591,22.723693806962967,22.259889991549585,1.7180331799286952,1.8284486453932447,2.058012678061092
2022-06-22,112.37102546691895,112.44587234497071,-6.895152941604292,0.9819524348770647,-7.560200743407719,-15.73391550019263,23.713866565743075,23.592759009076815,1.5714512535145442,1.6361062610140173,2.0131055350887066
2022-06-23,111.80603713989258,112.09924926757813,-7.448329218357035,-1.2910508720490155,-9.84487840428584,20.40903410649517,24.761127057635548,16.59286040419977,3.247890631770399,1.6128668810064501,2.0082234119473896
2022-06-24,111.35549888610839,111.84091659545898,-4.300443066426792,3.429423529170461,-7.7962979930255365,25.225498881998053,24.986198263156805,27.568175455133982,4.253322431597033,1.890375561602675,2.3522946715155117
2022-06-27,110.7623519897461,111.64253479003906,-4.558831501346296,2.9638138940819347,-10.089606718570188,-23.99148311109015,24.929510586372107,27.085549917622316,2.457467501158208,1.9615812018849494,1.9051676584366073
2022-06-28,110.0606575012207,111.45541625976563,-4.412520547720153,-0.008636369470416128,-11.769635702757519,2.7516510792961357,24.37457159077917,25.724023026793972,3.185980358426078,1.680194815642503,1.6555132962911825
2022-06-29,109.29174690246582,111.21634078979493,-4.1722037327680175,0.10418482900584891,-12.803431148018207,-19.43334857517536,23.302205553661196,27.158288270487034,1.812659395119384,1.6713957342906387,1.5619679885505122
2022-06-30,108.50603141784669,110.88007263183594,-5.730190364855727,-1.1499275793208308,-13.31690249892431,62.47537051315,22.866136686125817,27.15830468122131,2.797266236396197,1.9488773605414957,1.6865683455439675
2022-07-01,107.69079513549805,110.5616079711914,-3.801951646913705,-2.787245310018771,-13.59847097988598,-30.311218907767945,21.08010696410012,38.28793459748897,2.858390547658728,1.2846579435481182,1.659612984264405
2022-07-05,106.93942222595214,110.25379287719727,-3.4945294915949505,-2.3748197441411656,-12.710375673461238,18.353257168797764,19.37443068296773,44.168653290091854,3.027877774419902,1.2784392645206346,1.6604147953313442
2022-07-06,106.17413177490235,110.00072357177734,-3.4289894414064874,-2.538659249915476,-12.988719960765094,-14.8471336561666,17.256911597945397,46.920028581573604,1.966214103354188,1.2808873554118632,1.4344943121217848
2022-07-07,105.5230670928955,109.80024856567383,-0.37551877263267547,0.3770920907474329,-11.021161949302549,-2.8978435089431542,13.692176324665414,50.785834214972574,1.3075313668400694,1.8708719129745726,1.6727605284472618
2022-07-08,104.94952125549317,109.66130142211914,-0.1454182316310984,2.4523558289685665,-9.86594272131499,-14.879100063784135,9.830385157850435,55.09644448461894,1.7838412947181257,1.367477844986009,1.6305948606954914
2022-07-11,104.42941970825196,109.52392929077149,-0.9643709094559888,-0.16806601390879639,-9.138668212952894,-9.858307409341716,5.865615032640592,52.054173627225126,1.780969453624219,1.4813845383955049,1.3369716912655925
2022-07-12,104.17596015930175,109.35369323730468,-0.6266661362940579,0.3107797297009496,-4.668093637702608,41.707916115624414,4.5570305643988425,44.67537511813324,2.584755366374357,1.4680765435456313,1.3290482935026902
2022-07-13,104.03561820983887,109.23633422851563,-1.4262783599386055,0.0178953278833216,-2.66408101920661,15.36765947613079,4.63468613302272,43.62826881531644,1.876513300684169,1.508753683394089,1.3474815850217
2022-07-14,103.80377998352051,109.02751251220702,-4.657855411708614,-5.857742923908182,-4.475403213394746,101.88753380226352,6.376187123228795,37.93622978275607,2.0092646280924527,1.3974283054187506,1.6969359653178917
2022-07-15,103.7374309539795,108.86254150390624,-0.22424348982386363,-1.2329552982904834,-1.265818915627026,-28.013570032971057,6.3152092721512805,42.397821773851,5.49800730611645,2.9832158787179575,2.219195592771644
2022-07-18,103.70785713195801,108.60237152099609,-1.2207963965796491,-0.9480905993402677,-0.5740635332223576,-25.90132475256972,6.388821374580589,41.96196769698937,4.0701273683694055,2.959622552461683,2.2075172034931696
2022-07-19,103.8233684539795,108.45073944091797,1.1141953275692693,1.407452570321599,2.2501488799191893,-15.135320756336789,6.3985007335906605,49.49939175569857,1.9814981850884803,3.192791461803096,2.3464546610338086
2022-07-20,103.81079597473145,108.30237426757813,1.1087954893419247,2.35009541599267,-0.2389903148663719,-1.6421773180580468,6.360146376897373,50.52449554083956,1.1000475788062616,3.1279357030273367,2.329672413270996
2022-07-21,103.86348304748535,108.2020947265625,1.7456855415580619,6.777758488415686,1.0071807827374712,-0.6136704521105596,6.524557964065695,58.388850227923406,1.873045472104522,2.218874406994962,2.19916675843115
2022-07-22,103.94773788452149,108.14550735473632,1.1695437425166333,1.6024817452177764,1.6284533457100459,-34.06721341163688,6.60239933350547,54.038742955978165,2.248171647811578,1.3568184002783228,2.203197707281747
2022-07-25,103.89865112304688,108.11097595214844,1.623055433741483,3.068267659552948,-0.9212399876774691,22.869661892616566,6.351037143050485,56.13210381403108,1.4667613465556684,1.1326645844724674,2.150966854114668
2022-07-26,103.80978126525879,108.04527114868164,0.1210912623577995,-0.995119171858061,-1.6813439435150124,13.637428145624874,6.140876595942966,53.435104800884716,2.248283453469509,0.8814301480710361,2.2249049806519148
2022-07-27,103.82973556518554,107.99384719848632,1.7081415046651913,0.611125854521144,0.3793441390826491,-12.531030154284274,6.2196023138104755,51.22287812416049,2.1173159122201204,1.2035545388374966,2.243140869438864
2022-07-28,103.85360488891601,107.94962097167969,1.3053510715753691,-0.44224905414639304,0.45581775914709244,11.217255338745268,6.285476736120936,51.05481246477323,2.133964488925586,1.1743840854173329,1.8339409468055963
2022-07-29,104.02484703063965,107.8442611694336,1.623097858139222,0.5228241704285264,3.3482211617100743,24.648524766967107,6.301249138421178,56.13346482201233,1.4823154259928353,1.1709623204718695,1.2002310267710325
2022-08-01,104.07799644470215,107.75579330444336,0.5586531569391701,-0.8765946961663884,1.0260856923835826,13.873846034995552,6.308063026702694,52.89449094832676,1.7861841624029002,1.2484026552161773,1.196791746131336
2022-08-02,104.069291305542,107.66703979492188,-1.0002965308601883,-0.872845340156303,-0.16870033615871138,1.3737754742069397,6.329120785467375,51.17432824483457,1.894516478725336,1.247365006798207,1.018347071386894
2022-08-03,104.14810028076172,107.6175343322754,-0.03695580565318399,-1.4144282810520492,1.537234708274915,-3.669970353813512,6.170142987486944,64.45127974603682,2.103687507093172,1.060785279042829,1.0909125734470775
2022-08-04,104.03996620178222,107.4132275390625,-1.0340637873541803,-2.1339684994649777,-2.0572122537616755,25.283267914828578,6.189771292255254,48.122156790421855,2.046994516966837,1.1246665457015095,1.0989474684214904
2022-08-05,104.10411186218262,107.23926147460938,1.8978182783201119,0.3467366240739622,1.2241899717092553,-21.400251748096643,6.402350711779404,61.05850600254822,3.5763642996277203,1.927193799328217,1.5034252393977676
2022-08-08,104.1723819732666,107.02346649169922,0.5907064813425141,0.12259146265678478,1.3202199033740092,-27.10552678735202,6.392652354579385,49.367123546155625,2.203757478524773,1.9604513266850827,1.553390192722576
2022-08-09,104.28280525207519,106.7865818786621,1.389284662431989,2.62384290902542,2.1333065270993323,-0.9552383256714259,6.4920574167494625,52.38632708282087,1.4040519637293631,1.7571806921009254,1.4832909464254171
2022-08-10,104.5797103881836,106.57161758422852,3.7389403930781695,4.207365533343266,5.790345795651675,25.53792335202956,7.202166476447566,57.74077602360222,1.579527625832159,1.9944226362161661,1.618201157462511
2022-08-11,105.13595008850098,106.37128677368165,4.715412676323839,6.9241760754562565,11.240713868112561,-9.0478154943062,6.7665574728735605,62.79728273333168,1.573164141210483,1.6737755211977925,1.640700440897511
2022-08-12,105.55656661987305,106.24957473754883,6.025745938695151,5.502760553834007,8.127478240281905,-15.217930833811156,8.688570288044335,65.32146409433365,2.300825040356828,1.426609160143302,1.6833611490554843
2022-08-15,106.04545440673829,106.0959423828125,5.8221228945907395,7.092257602584051,9.544693846864117,-14.641606185712696,9.858841548451775,71.4421578001768,1.7311797831385398,0.8742419541477542,1.5965433804138762
2022-08-16,106.46103134155274,105.9971794128418,6.4161231982063125,7.15028685384822,7.917246852461757,12.994016224781824,11.490998766063605,70.53354388467216,1.9170065274121677,0.8670160957332395,1.3830748451598582
2022-08-17,106.82987251281739,105.88716796875,5.1566066502268555,3.5475984294218055,7.028099970350854,-14.71166928309785,12.367609111160853,68.4885784110443,1.1991200461833966,1.0180236551455213,1.4946247507909507
2022-08-18,107.11944808959962,105.75356842041016,4.059651517632345,1.2485567575347911,5.480409883732462,16.964647270317702,12.872973114435037,64.64554405002201,1.5784266512489848,1.085951916758252,1.4522431586210813
2022-08-19,107.29676704406738,105.60240859985352,1.3169680994630726,-2.8657862325581096,3.3722543496858215,41.258733922239244,12.796787897810336,59.485019609860956,2.427714170190619,1.3014893287592666,1.5560120291373007
2022-08-22,107.36320419311524,105.4641958618164,-0.41865124076041255,-4.72807476809356,1.2584582890600604,-33.39819525418694,12.70658031772792,59.02896021365754,1.4228196521487813,1.2737735012980018,1.6069385146152066
2022-08-23,107.45942420959473,105.40954727172851,-1.48850419767866,-6.559894460169002,1.851533491222801,-15.172398412061195,12.414228217451567,54.0724814067397,1.6533965699556823,0.7207714282737365,1.6277829224896387
2022-08-24,107.48508338928222,105.42470443725585,-1.2732980054701237,-5.538779230795255,0.4859541520925825,28.451426317865124,12.36257423505782,57.65128219182751,1.6925791556250107,1.0137495832326646,1.3603092118659321
2022-08-25,107.65644683837891,105.52532470703125,0.9103785286813064,-2.5402745314109465,3.25757353813505,10.107150532682452,12.211487175766937,56.390332532300356,2.5811872457378,1.8892957173796072,1.5058958772121889
2022-08-26,107.62483139038086,105.53030822753907,-2.363644358603473,-3.338123205333199,-0.5981358323620345,4.808112353493388,12.299216145978706,50.658407310078765,4.7004442973019565,2.1179038982494847,1.657841041451224
2022-08-29,107.63307876586914,105.56613037109375,-2.6095135722110707,-1.9542372170172073,0.15760405676634726,-28.013869920717973,12.270094524310746,47.89809759360368,1.223884547031131,2.045141113441977,1.6351177535420756
2022-08-30,107.7237995147705,105.60958572387695,-2.6745201662017557,-0.9608752033384294,1.7610842435984653,32.376529141463294,11.850959556029114,40.321037297099195,1.9403908309097904,2.019559451320093,1.556715487522914
2022-08-31,107.72929763793945,105.58971130371094,-3.257910095288735,-1.7875678010171758,0.10562181702793438,-0.06607478548960044,11.826347580880737,33.55571930499042,1.4859776589492306,2.0108217034068536,1.5572610748674294
2022-09-01,107.82780876159669,105.5959408569336,-2.6834076800497955,-3.4078583168290155,1.9135037983170067,-7.063501671586748,11.343645341798434,29.157603250077386,2.37533275745875,1.522529423875476,1.620475674117997
2022-09-02,107.73387985229492,105.61039855957031,-3.279042133809206,-0.8371855081748758,-1.7709100643306885,6.881901440910632,11.66619838375318,26.666672587087874,3.74636755002635,0.5551084159450117,1.4824789222325678
2022-09-06,107.70593032836913,105.56363906860352,-3.2284070254368586,-0.5682213110321466,-0.5334502922443751,-8.575366096038096,11.780377503746784,21.9194881919545,2.3562514115621127,0.5588514026326902,1.4202707110171595
2022-09-07,107.72975692749023,105.57354385375976,-1.412455311763529,1.3023485834572135,0.4506997210582675,9.187953116828517,11.726342636054767,32.14105213466895,2.8904214236555403,1.0690283480857077,1.540926442183285
2022-09-08,107.73937950134277,105.64310638427735,0.8752188873965289,4.282075578605049,0.1773911732402489,7.3920679194958705,11.73543052674511,42.578140720983754,3.507591665793404,1.2642456013031496,1.7036143072576415
2022-09-09,107.69493560791015,105.73256225585938,1.401858426548225,4.069513096414834,-0.8073841901220624,-18.673371228683866,11.633586223727841,51.4966423098952,1.1580136813093689,1.2741381109438936,1.5387257459416588
2022-09-12,107.62391662597656,105.89672882080077,2.669333147697633,6.041690996359983,-1.2691350716190875,-7.36690430874114,11.322204176101243,61.1777670408972,1.459613625397359,0.9563624361956264,1.0247478395988363
2022-09-13,107.34579620361328,105.9579428100586,-0.6415282095880892,2.3298737251554957,-4.9567195675036535,49.79917813943771,10.6289982347418,52.11886814183264,2.6978257634802425,2.3221819539448965,1.6230260744687437
2022-09-14,107.00169715881347,106.02208938598633,-0.5532396214455674,0.1898151636771539,-6.074567473232861,-27.57853788571517,9.30608786758736,50.77973294815982,2.5490863024973325,2.1891766994360395,1.6278043608448431
2022-09-15,106.78543319702149,106.13168853759765,1.1499287436660457,-0.6155050985204746,-3.850214072453906,15.790149480509763,8.123114251761649,48.25819401188614,3.0711758995801617,1.9983252380430327,1.6549469300283541
2022-09-16,106.5764991760254,106.17494125366211,0.6689512220922598,-1.7537915143240101,-3.7487671411020274,37.17356349455707,7.037629360378592,57.334177210058414,1.733856121924337,1.9798883177762174,1.6815928631901473
2022-09-19,106.55496444702149,106.24458587646484,1.6181059415120935,-2.0069555882328727,-0.3961873320693532,-44.7504395685828,6.95097185061252,60.94025576920661,2.725119432046609,1.9326991413771335,1.6595799312403166
2022-09-20,106.51647682189942,106.2990187072754,-0.3497135173960363,-0.48113827378357676,-0.7199753721367719,17.286283881823607,6.9540478971462765,53.63360574014265,2.6331718928973404,1.366938464625352,1.8215807195307188
2022-09-21,106.37764587402344,106.29022155761719,-3.0968711847700714,-3.1260810757037127,-2.622918895903048,31.056242852687397,7.526537105450461,47.20721491045491,3.715886198378236,1.8612747931796119,1.9485498103432504
2022-09-22,106.16733741760254,106.27739212036133,-4.009734710560895,-5.650300182990941,-3.9637285453003823,-7.312216907419311,8.430404303339296,42.731300152978164,2.274974193080568,1.4323108505461393,1.728473972049905
2022-09-23,105.73618011474609,106.29828475952148,-5.412336771129662,-6.781712853104005,-7.937611975161274,55.23642432282083,9.63249566269129,40.46724002171527,2.91368214546908,1.431992295304392,1.7202607506032879
2022-09-26,105.37512855529785,106.1853872680664,-7.131850477936363,-9.622541362562387,-6.871873813817175,-13.148754589659617,11.75439256927671,36.78206711215561,3.3242841289662777,0.6259717116357831,1.598801575322952
2022-09-27,104.9838363647461,106.07652206420899,-7.6062196667615645,-8.61607001989505,-7.465671524252516,-18.789356083688812,13.792660383194418,29.95613366529483,3.325457433924291,0.8039789259956206,1.3838907598365315
2022-09-28,104.68967895507812,105.95610992431641,-5.4734358082682135,-4.00036857955508,-5.611404442588652,-0.2423086543271613,14.759672872767451,28.3557206562117,2.861379783693695,1.661334316852334,1.6660393216397733
2022-09-29,104.34283027648925,105.80252502441407,-6.766377579512555,-4.540962035960372,-6.656113921044582,-0.38158368984376745,16.115295926009367,24.757444188175015,2.712883528701222,1.7074712790848876,1.4909203211333466
2022-09-30,103.88418350219726,105.60422103881837,-7.819063166441204,-4.251399463298111,-8.741594690399946,25.637294614555728,17.773793096021965,19.100660897611277,3.0813408810556213,1.6709580145266798,1.493674984515433
2022-10-03,103.61018714904785,105.47537826538085,-4.718526051354858,0.8802188123723464,-5.258984475245587,-23.32189765485119,18.363920853892086,32.72144848369875,3.620162818483657,2.2103596182184075,1.9197939928419685
2022-10-04,103.56574249267578,105.43047561645508,-0.21811373900712328,6.537538131817788,-0.8528291611371364,30.743543896604365,18.364342059145688,44.38483136659481,2.775558523181364,2.842073221646895,2.5552096756704605
2022-10-05,103.35853309631348,105.39304458618165,-1.252532066157757,3.137016629702938,-3.9019500950763786,-31.661212968976372,18.281132025187887,38.985655491684774,1.9204593975079736,3.005622610036066,2.4148985392861846
2022-10-06,102.92359809875488,105.28065139770507,-2.8564519744087367,2.7764826749222093,-8.003784570126749,5.280760268652629,17.903800986707175,37.12138634724688,2.080636224060646,3.075896959462051,2.4750285475084652
2022-10-07,102.36269302368164,105.13619750976562,-4.275120415636917,2.3236405760522105,-10.272547774945828,1.3861162705921082,17.518394757064254,32.47863514278737,2.3023234233994985,3.1567481497860403,2.485747529829083
2022-10-10,101.69141693115235,104.96335678100586,-4.543334544686347,-1.6714504312343559,-12.15015006182062,-23.53716687640719,16.508871698753303,33.885959867681805,2.657396868554592,2.8267601102493884,2.406707051326131
2022-10-11,101.07204742431641,104.7555632019043,-6.730144580249665,-8.776961410224793,-11.614215260413896,42.63466081485048,17.16529215559187,34.20088585162078,2.6382919434685608,0.7653104423650813,2.5616972813276178
2022-10-12,100.54132690429688,104.61090362548828,-4.720462795058809,-6.141859407474692,-9.975038242072765,3.4639748188732833,17.103637663216233,39.175091764666455,3.329798819914332,1.7452263967839874,2.5247570271962414
2022-10-13,100.19670143127442,104.55112899780273,0.922364391718629,1.1374313194412178,-6.381162082569336,69.93171989985585,15.684634384323742,51.7482943645864,7.4426252036487295,3.403902431322301,3.0630066144663566
2022-10-14,99.97240905761718,104.54791839599609,2.8319688058463814,4.916012596455976,-4.181070669366383,49.05820427078358,14.477705540069346,57.92179238658217,4.065110660869261,3.1801149308023047,2.9990571769274403
2022-10-17,99.91452064514161,104.56874938964843,7.213013400382014,10.353358215201824,-1.0692440716179585,-33.27872142234576,13.953345822047458,64.60333630796069,2.321769745585441,3.2262840150065375,3.1134888262162033
2022-10-18,100.10115203857421,104.67052673339843,9.765572059061176,16.55552205889792,3.5165706702812605,-3.3066532592935127,15.626150723596583,65.39627477288943,2.6758670507985216,1.716959888073504,2.8899143226013106
2022-10-19,100.33310623168946,104.71034194946289,7.36471252615866,12.45054687835372,4.500326762798346,-20.74170020938082,16.83142997831973,64.52756912852146,2.712216637344586,2.8638813289473197,2.9510523776047286
2022-10-20,100.60613975524903,104.6879638671875,6.724082218332071,6.180819603510357,5.35831019791897,-28.49461105904405,17.879070146663363,66.69912064782129,2.634976001864741,2.41931141214646,2.829452389692496
2022-10-21,101.25601692199709,104.74631149291992,11.60909615872715,9.928960799271348,12.995804241894549,68.69521765486508,20.850227018117877,69.0828112385313,4.957864184047729,3.034454920957123,2.9722560805156903
2022-10-24,102.0205005645752,104.77096084594727,10.908694008753436,5.627482619703472,15.624037895336574,-38.69753754862019,22.888926515608397,64.88076031933045,1.4463120467319477,2.817964425956854,2.894818589159286
2022-10-25,102.84284706115723,104.79547912597656,10.30953374951626,3.2480645055120494,16.955853926192898,-10.575719649561954,24.26182756200804,67.794129154031,1.9396881113386717,2.710195641458922,2.49915618643963
2022-10-26,103.6323257446289,104.82462768554687,10.727159141239966,6.523046614498185,15.955582477508944,3.3474767696273444,25.870022849864448,73.65923584554369,1.869309228438365,2.2779263441109596,2.5093391838206447
2022-10-27,104.52830390930175,104.88189758300781,10.21145411127011,7.2935763812527865,18.420111324383704,-8.051769949430021,26.787212005658755,79.02111734651487,1.5971090595019832,2.170155303871877,2.1694079514694558
2022-10-28,105.56875991821289,104.98394577026367,10.421429448211669,3.1497914473708866,21.73017231214405,10.55128826578171,27.177575042507918,82.37632878122787,1.768714859734238,0.5071727561279964,2.166558995063317
2022-10-31,106.45197525024415,105.13746154785156,9.331574020671422,2.859943987979019,17.893103341679794,12.105906657110332,27.693439472664316,90.2151423428843,1.4617127481985177,0.5860522041361234,1.9418271318547144
2022-11-01,107.20920295715332,105.3688751220703,10.517009966887816,4.441729271226169,14.655095721574995,0.6897226066550299,29.098230662733844,90.41496102563242,1.5216520024318745,0.7638269637398212,1.8802981743272755
2022-11-02,107.97567710876464,105.59954574584961,8.722094180661855,2.3044071041205205,15.019490609912411,23.599190253157932,29.69908075212618,84.1349628606309,2.929826876379172,1.0756007566869377,1.7355295897527865
2022-11-03,108.85679817199707,105.82933731079102,8.037401603120587,2.0866730623456897,17.62530565495526,-24.608215833338363,29.619202067259252,83.09215921448876,1.7845826007335024,1.0831213758313887,1.7035836139082454
2022-11-04,109.99864845275879,106.07307815551758,9.840958912649773,3.648466179330989,23.30626213911615,19.87109600461745,29.29945000382425,82.21735247888716,1.813586815135112,1.4992805100064988,1.056609803028942
2022-11-07,111.21816368103028,106.40068969726562,9.21016514039498,4.361294891817025,25.12619150298887,-19.674718454912664,28.198708286755508,80.25105936213154,1.377786120018623,1.42747313606762,1.040695409921457
2022-11-08,112.58145141601562,106.73491226196289,7.953402335385975,2.575108235756529,28.923121124138838,-17.709304648994273,25.123776227149374,90.46577306850213,1.460630059733896,1.3519836798970897,1.05230183407998
2022-11-09,113.7894100189209,107.03714782714843,5.417967289118144,2.181609268609397,25.219576837776557,-3.9467427484545903,21.236538317018567,84.38612650530318,1.7034001553164524,1.4594518912591128,1.208704401882639
2022-11-10,114.97795219421387,107.4505908203125,8.622323888542459,6.194976393235074,23.507354243768507,72.23088266273436,20.000060906248457,83.76253053769761,2.013622433989183,2.17146388786187,1.6730358656850906
2022-11-11,116.09252967834473,107.85380676269531,7.754690612563837,3.535382971090928,21.68362824092278,-34.53423518187822,18.659627857680043,83.82206050844792,1.7664444462238142,2.024703658140863,1.6796036441526712
2022-11-14,116.92696075439453,108.24598175048828,5.886605732669744,1.9334924476798632,15.579171335266583,3.5582501144357126,17.937829177215512,77.78888288404019,1.3591158357533997,2.1742582397665604,1.7510856652026696
2022-11-15,117.57878684997559,108.61966934204102,4.536819419053376,1.1335097981142628,11.86469335037572,26.635455004690776,17.45225676969486,72.37705044874511,3.091620682166802,2.232662590205958,1.7459550021844226
2022-11-16,118.34664764404297,108.95709823608398,3.9992001512023103,2.605224785554916,14.256294750535847,-43.77239409330189,15.916458298557618,71.93615125452689,1.1493380674706235,2.0705153303896764,1.6894792959868903
2022-11-17,119.10526313781739,109.23431732177734,2.886544184680385,-1.880376361164393,14.130736231633612,11.741454886360758,13.499222866526273,67.44052793363676,1.2147281514311123,0.5246684456406375,1.7129751779447524
2022-11-18,119.6419792175293,109.52512893676757,3.429622024404424,-1.0790980571367959,9.49848128967239,7.350173465454302,12.96241099041488,70.28534970448078,1.7857138785439493,0.7938707495136991,1.530060370342812
2022-11-21,120.1352409362793,109.77549057006836,2.396963799832341,-0.642234731858593,8.718752834061938,-17.616306701167026,12.07689668605819,63.50604528997786,1.3603889643577411,0.7005282437615261,1.548205670162994
2022-11-22,120.7057041168213,110.13944229125977,3.437306142461737,1.5796560609129484,10.057046883276177,17.75783603615153,11.301398998277215,71.29275505196426,1.17002511078837,0.9017480054204688,1.605707498931422
2022-11-23,121.27755470275879,110.534970703125,4.047399600894976,2.5240379772611288,9.966970288951128,-20.3522867065112,10.938812660161036,73.01580804568579,1.2016408565270114,0.9496695194677224,1.518688874396081
2022-11-25,121.83877372741699,110.90323379516602,3.7654437267237215,3.168884261817051,9.743202847088206,-55.98124709548673,10.444407027068662,67.88666023351277,0.7898214038821868,0.8284075862990227,0.8418592926010092
2022-11-28,122.22108612060546,111.2417805480957,1.632856947152441,0.3810528007057057,6.55933160605382,207.61993479273406,9.710722021206946,57.99351461425238,1.8757008991270956,1.301875851040776,1.02854557538817
2022-11-29,122.71481056213379,111.60139999389648,2.889055012495851,2.6381124401126055,8.484285963011473,-20.0022206744794,8.994155167558269,62.301350031167395,1.632978740045924,1.3934907875157603,1.0958775611413434
2022-11-30,123.17848625183106,112.03367889404296,3.7177214942632104,2.3252548325968903,7.826780033571179,86.25414810795806,9.059986089915405,70.40607370839528,3.611224850824292,1.3459465521872487,1.082989010379001
2022-12-01,123.60702667236328,112.49129806518555,1.9070105965154767,-0.17586416009703898,7.300927601824636,-39.98794135978104,8.082216175809236,53.35642980447584,2.370824175054949,1.5142899994817218,1.2238570913140019
2022-12-02,123.97500801086426,112.9524055480957,0.7990924851945678,-1.1555019678980982,6.257863758875293,0.8285827171643056,6.688195061524388,49.61404846308544,1.4871335536878814,1.5427167922234892,1.2506295158318896
2022-12-05,124.00690650939941,113.3813687133789,-2.052600422734138,-2.218091113128151,0.5280178109083655,13.688017107222429,6.53595440445669,43.81691962815061,3.021999975840535,1.8462316460480148,1.5304861982174651
2022-12-06,124.01707725524902,113.85746917724609,-1.8966114733116812,-3.6394343762963244,0.16747269680603694,37.541976463636814,6.4935535426121795,46.589233653339384,3.9820697917712624,1.5196731453090542,1.5264229325666971
2022-12-07,124.01938819885254,114.34913299560547,-1.965549225839778,-4.834293850892102,0.0380291102858088,-15.947217309743888,6.483840294570253,45.88827673504987,2.0912547528517176,1.1926657610062532,1.4212962278984225
2022-12-08,124.16454772949218,114.82709533691406,-1.0525340029586017,-2.466217773385393,2.4202435285499035,-24.124742320731897,5.781298363549541,50.829337958589186,1.166468238110594,1.451426889476858,1.419556590832862
2022-12-09,124.02955932617188,115.32528244018555,-1.481585333164917,-2.2195912916033844,-2.1616869299872166,-10.659795897746793,5.92767197154945,45.783156486312315,1.3317149349781103,1.4426410099433769,1.4127311921084333
2022-12-12,123.9791690826416,115.89180099487305,0.08725032338299891,2.1618374685706376,-0.805630675039759,11.106084596245203,5.875184223258518,52.73839471921791,2.272548722444565,0.8518431552790853,1.430206558297727
2022-12-13,123.98702659606934,116.39671752929688,-0.01603909607431929,1.892233516184283,0.1269285852010471,13.388979370249722,5.873426512010287,47.51556588583106,2.990747652202951,0.8800664063957157,1.3083237546053885
2022-12-14,124.00875320434571,116.79687362670899,-0.5331050730397486,1.452463485099087,0.3535278830181898,-0.5914975961058944,5.837140648862181,41.725043860741714,2.2112376329010632,0.9529646878457577,1.2189373197339575
2022-12-15,123.86914138793945,117.16134155273437,-2.891608612414898,-2.0921306266996065,-2.2686432827091707,21.289170287273862,6.407966282515785,34.629667902768816,2.3289766619119265,1.4369084583648002,1.3621803895745377
2022-12-16,123.71889801025391,117.55243728637696,-3.3790119752344165,-2.171610989648809,-2.4520865840194084,74.83495756051556,7.089764796743293,37.36270485046331,1.1369798878787585,1.4391611061434608,1.3585050909621634
2022-12-19,123.54415321350098,117.99771301269531,-2.666093194762851,-3.092169044788451,-2.8242668086025047,-57.33260148483228,7.530433025002272,32.508146244688916,1.722286279572559,1.1433797998021926,1.1005653515440843
2022-12-20,123.4350528717041,118.47294494628906,-2.108169822702645,-2.5283376355445752,-1.7737753027341374,-5.182318236259597,7.783593282694063,28.709602815060663,1.4155681911055586,1.2357989307319799,1.1134409025385066
2022-12-21,123.30191421508789,119.03138900756836,-0.900195796429764,-0.9369457991576291,-2.1326970632801645,-5.826968736476445,7.762630360678506,38.08418208362875,0.915550409768206,1.4349361907398124,1.1750271645320223
2022-12-22,123.03286170959473,119.53158462524414,-1.8107112365986993,0.43043704417415896,-4.264374856026221,7.408373386986589,7.652261634450739,37.17225367717108,2.2118470141192303,0.9341220151804097,1.1729326885800893
2022-12-23,122.7804500579834,119.93673324584961,-1.141988728738716,1.5391616362886662,-3.993016707521224,-41.1218519460697,7.292598211922244,49.68678454141461,1.3711175110413485,0.8501316959964025,1.180382161596352
2022-12-27,122.65979309082032,120.31673416137696,-0.6979881477846466,1.2917145842001654,-1.9426838401895852,6.266815923329205,7.24589839456507,50.51334621076056,1.2676469556029857,0.8364209038881332,1.052352279081706
2022-12-28,122.47025489807129,120.62369369506835,-0.0007428785859952435,1.3543609999898454,-3.0023448312951118,63.14359637774902,6.708582622061515,53.149680056051054,1.8118745535456635,0.8410413109046746,1.0774080188277684
2022-12-29,122.2409595489502,120.88960189819336,0.7616536908633562,0.80206324397738,-3.58952854518525,-25.40299285204527,5.39467181018409,51.16272375539375,0.7206175537236024,0.730195366889452,1.0883738202404025
2022-12-30,122.1420295715332,121.21486740112304,1.5093876003511235,2.6327817096765127,-1.5707630767862746,41.11188726234587,4.788768909097174,56.56289604886305,1.4093954538596272,0.11637188599322557,0.6675375006974854
2023-01-03,122.14017944335937,121.56602142333985,2.2830333058873777,2.9250442099959306,-0.029610179845518392,18.964756524078563,4.7765866457443105,53.30899606674879,2.1092408277870818,0.1524500781833492,0.5930584015671113
2023-01-04,122.37178573608398,121.82767623901367,3.0414529935871486,3.522081707620406,3.8136564430349518,5.724210297789201,5.536850178034193,57.72849879772501,1.547136879321534,0.15704356343299924,0.6119233152743071
2023-01-05,122.59182357788086,122.08599838256836,2.8337031751631336,2.936544552924558,3.6171112962676277,-28.288955816420824,6.113098398376795,60.32212735011287,1.485045936449938,0.36263710057732984,0.6319123973559954
2023-01-06,122.93663940429687,122.38664993286133,4.507527800575709,4.3078213736253534,5.672165341780455,19.66043453879469,7.387317308115484,82.71530448000075,2.820066203276171,0.6968686240742319,0.7641309663919111
2023-01-09,123.19111442565918,122.65061080932617,3.8607164719469544,3.1951670304997126,4.1425987292837085,-15.423118724511674,8.219239192165908,84.18157278058217,1.4559220143334994,0.904098429006832,0.6106218891474893
2023-01-10,123.53615684509278,122.92842361450195,4.497992532625945,3.333200607866349,5.647547219196092,6.677434186482434,9.194199927493077,84.72033159022396,1.017318614731001,0.910791752527168,0.6171879591768217
2023-01-11,123.83439674377442,123.19805572509766,5.02101411396808,3.139311694815672,4.806935107747123,-3.812702377137045,10.310108896253562,85.15953104059903,1.181690065734203,0.9005691477717714,0.610602027797087
2023-01-12,124.13212661743164,123.46877807617187,4.664071430363923,3.058742647296886,4.8033676211661325,26.402564426623165,11.183105333037021,82.52739194756371,1.175711036679831,0.9151238894217775,0.6563880705583262
2023-01-13,124.62475814819337,123.763095703125,6.881079525822395,3.6755263133203986,7.987691793077234,83.60798785642218,12.872276146130481,94.99606445105324,6.076500087545187,1.144590025548606,0.8955713940147667
2023-01-17,125.1674861907959,124.03806518554687,4.773128765715846,2.4969034528438794,9.023860447672538,-29.243069306930693,13.183795421194567,81.99323601352798,1.6406232304871409,1.487750059903903,1.1626630601699552
2023-01-18,125.55066719055176,124.22998489379883,1.315305185052073,-1.4646535447161768,6.41100985822185,-6.298931637386396,12.508713884378459,64.37783536849275,3.1632070247854576,2.1190361382818073,1.6151513737159806
2023-01-19,125.8134937286377,124.32365112304687,-0.24370360100786434,-3.4949502510648323,4.371322594983962,-0.666039454624201,11.837872926246147,57.66946423012558,1.714283902481445,2.0721153518853823,1.658071285508171
2023-01-20,126.06256370544433,124.41070495605469,-0.1969909428987874,-3.1615231384485187,4.122554640003373,-1.585309018747083,11.215139287678658,56.80722012975195,1.4361877517832966,2.102278590970167,1.6604361594817207
2023-01-23,126.34566879272461,124.53707595825195,1.1938585103076895,-4.01367720674034,4.633776192024652,-19.899942715295015,10.87016796837773,59.37406521503614,2.287462148989227,1.7785147911505017,1.6250617406872823
2023-01-24,126.7530689239502,124.71704818725586,1.7356783367443827,-1.6690296078370914,6.74475098623768,-33.775781674628824,10.155573077017454,59.678877804461315,3.8208691966316217,1.8513454861087473,1.6420573431929666
2023-01-25,127.1630084991455,124.81075576782227,1.8984248567880724,1.867156379564916,6.754741786846918,29.114470842332608,9.477906236498713,58.60163215509054,1.344159849640827,1.087768856559813,1.6247110739833073
2023-01-26,127.59173355102538,124.91641571044921,2.183848186690851,3.8812705169309014,7.039609717403272,-16.498271439723432,8.821338492469815,60.25705468636302,1.2144570653874671,0.5275606543176842,1.6192545426877873
2023-01-27,128.00300674438478,125.05411209106445,2.102921082902019,3.879193168183104,6.7163451073871006,0.03071745285538885,8.187881342658489,55.856368646711964,1.0761077736740656,0.5280558151866621,1.61966101859656
2023-01-30,128.3237289428711,125.18757873535156,0.9840170375030044,1.3549816276762439,5.207712246015683,-10.155008745110084,7.416318095452999,54.20251168059785,0.8481223563350978,0.664338268116136,1.386615828176944
2023-01-31,128.6424217224121,125.3331770324707,1.3347541706082338,1.090619294361539,5.140802030934144,36.547634969461896,6.79915514234388,53.310538065624534,1.3003767054252535,0.6146584740580046,1.3313578711038565
2023-02-01,128.8967315673828,125.48260879516602,0.8674740921329009,0.3378487782274231,4.071280415608225,-3.775289213925803,6.27335161811456,49.89938046052599,1.977226046302152,0.6249476303753961,0.8517858042858488
2023-02-02,129.06252174377443,125.59589324951172,0.268821541707167,-0.7429724656742631,2.6296352790759148,33.706937501413734,5.927619861796549,48.65130659193387,1.770553239269311,0.572629479011134,0.7079080670224136
2023-02-03,129.32983627319337,125.76383651733398,1.6099659214636888,0.5487544679263712,4.240876051558717,-2.714407761734383,5.7034780022818925,44.95269972876525,2.976821218553159,0.9607617370173979,0.807627086781641
2023-02-06,129.515185546875,125.91044250488281,2.061412735520963,2.0052803754054382,2.8853066240281944,-26.91023545369179,5.984981754362479,53.17450956536761,1.5572200834137049,0.8033334825850446,0.6982876668499307
2023-02-07,129.80764617919922,126.06264739990235,3.0728086187190593,2.6364824863263303,4.571584084522806,24.28802550498441,6.537211427729224,73.381889716918,2.1997938018615484,0.8853660638799342,0.7364465784931566
2023-02-08,129.99578781127929,126.19122924804688,2.199954962811697,2.1849493964959166,2.914827570800127,-33.402884790244926,6.828880468420541,77.52964417840009,1.233871644957153,0.9977656352457133,0.8085108911736609
2023-02-09,130.03257751464844,126.32265228271484,0.5808973792554755,1.065195421424825,0.5657685228737774,-7.400114975567695,6.848698926986415,66.46121074727205,2.471158856253669,1.313707991585228,0.9747498195924581
2023-02-10,130.1047622680664,126.42475875854493,0.9689656621438241,-0.03543802948764441,1.1112036324639973,2.1697630022815106,6.904959927696617,62.866882977099536,1.9072621734665924,1.1117102509674408,0.9814443190504815
2023-02-13,130.08427047729492,126.52540939331055,2.0803288226781467,0.45801176006403654,-0.30768388347717224,8.380804812468678,6.819840769090357,63.73329925742926,1.3957986477825997,1.1965689692009887,0.974019175438468
2023-02-14,130.19603958129883,126.6736703491211,2.443418393141681,-0.31324699377771603,1.7045522638566624,29.641465534157497,7.151062825623955,63.63651296697424,1.543290155150545,1.0567221379139933,0.9691008645807137
2023-02-15,130.53274230957032,126.85307861328126,2.6072798453621404,0.8132583775926738,5.293983083408693,-27.25690315047462,7.227491068941911,62.99320622495241,1.8011100715751869,1.0033326054105045,0.9540830948883616
2023-02-16,130.86199417114258,127.06568618774413,0.9398640009729705,0.9970228615949095,5.246753916217894,21.357549455285874,6.299386835424715,54.5899885602452,1.205758444193206,0.9265888352618407,1.0717743987061925
2023-02-17,131.1954372406006,127.28204895019532,0.9814792710791517,0.8508026039691474,5.300562019021249,-2.6514641225674485,5.216571975448085,59.98707909738867,1.9403785153597917,0.9194471786391717,0.9661947687159653
2023-02-21,131.30534133911132,127.45145721435547,-0.9544181859656569,-2.0621300296292278,1.7192117453501687,25.75860507246377,4.715327204421133,49.0490551927573,1.8548995540495192,1.1041842951038892,1.1180090432112717
2023-02-22,131.31046371459962,127.57541458129883,-1.7172445048348493,-3.2402308519619005,0.07944556133128167,11.116112961795865,4.690635227102568,47.14684678715644,1.4361939011535363,0.9979740302344704,1.0183649978053482
2023-02-23,131.33607864379883,127.73336349487305,-0.9492269082152194,-2.8720375280998245,0.3953619686374088,-27.36439342786405,4.609572265402035,51.97192572531111,1.5966175676766698,1.1090040347238033,1.0710320003632807
2023-02-24,131.38031845092775,127.87687545776367,-0.08934290857773215,-0.6275777494993529,0.6786383975960097,13.12469013386217,4.557375473462528,49.545852234849576,1.72426599081764,1.164573880650005,1.006595814366513
2023-02-27,131.46600952148438,128.04570526123047,0.7170072728611457,-0.05620557973982088,1.3113155945297272,9.727289660235128,4.577914518563225,50.66611876496654,1.1184554705483825,1.2421126288034408,1.0345227451584882
2023-02-28,131.66253585815429,128.249091796875,1.4084850804257276,2.6641958902966945,3.0331308113979105,10.036246717325525,4.565834764435694,49.141931172673765,1.2975239143055295,0.7252892551365974,1.0105856449235067
2023-03-01,131.78315277099608,128.49878158569337,0.7502228293789057,2.8795958846903558,1.8505276511636914,-35.21479518684549,4.5211676304244754,49.73946352157288,1.1645062269880533,0.6323243624255181,1.0179574508207463
2023-03-02,131.8520767211914,128.73588027954102,-0.34790532645094197,1.0023530477075937,1.0602471288885695,55.574854325414606,4.35115942295177,51.96615265990817,2.048627801518721,0.9299668819878221,1.0486623965443795
2023-03-03,132.07189025878907,129.00698806762696,1.312807815697073,1.9371811372762782,3.397178556862368,-14.348867360535888,4.167174629709472,57.0811475206597,1.851596543437219,1.1686125516044554,1.1322810362595694
2023-03-06,132.1524559020996,129.25079772949218,0.6589809637991452,0.46423337879941684,1.2261534979901123,-2.6468764125258892,4.184267338621027,50.70188816701452,0.96624391069431,1.1994252785342545,1.152418188845295
2023-03-07,131.99877700805663,129.38918762207032,-2.1873890638910276,-3.2996048419179136,-2.32520878165432,26.84612311446557,4.667933599612897,39.28909948975095,3.246284921735671,1.7022660527768199,1.383015118451525
2023-03-08,131.7263412475586,129.5400392150879,-2.564915799505781,-3.3321442436297644,-4.072393390872763,-14.854949095985559,5.104965035730065,36.111176421958305,1.233669746439451,1.701844977109246,1.374230345822493
2023-03-09,131.15352897644044,129.5404608154297,-7.437190503563349,-7.6061419150748595,-8.623078189103794,158.8162959260185,8.640686138756582,28.80361479712289,6.237536528493105,2.7466599576774615,2.1401699560535374
2023-03-10,130.83824882507324,129.59403457641602,-4.8578443688170125,-6.96786999522071,-4.8212421940243,45.239318451334775,9.791372457265009,35.6690559863911,5.566775272563207,2.971574957943484,2.328026444148469
2023-03-13,130.3823257446289,129.58958709716796,-6.239614585639452,-8.101094356659965,-6.941294539017429,14.099580581759952,11.441537196579809,35.92075185548609,3.405715215773815,2.9378549406965284,2.3054838312035293
2023-03-14,130.01209182739257,129.6338623046875,-3.5583760381737903,-2.8856290318158284,-5.576212962744853,-30.89198179067669,11.82532280946538,43.85522676962887,3.1496104939486207,3.334377901997368,2.4966240644225994
2023-03-15,129.31633033752442,129.54339065551758,-7.620295557101733,-6.92309228685426,-10.432984140396528,15.62494729847781,13.668141241163012,34.70917722262388,3.3213802578195355,3.8266496615897734,2.816386305071876
2023-03-16,128.7085880279541,129.48044204711914,-5.38218788201574,0.3145475623805183,-9.075108605551652,-28.360355419683437,14.242346032335988,36.79299420321027,4.535373082352413,3.2518957059681637,2.9671850369566037
2023-03-17,127.96299743652344,129.30217086791993,-8.42656903623496,-5.866072065538996,-11.288966007668444,56.34505364741331,16.185206650574425,30.650836546669566,2.408392685871975,3.2968748217525667,2.9616625032807886
2023-03-20,127.2597869873047,129.14923431396485,-6.947129898027322,-3.131436973554824,-10.615851908432806,-40.42217939368684,17.21808136720348,30.879922149183415,2.7214087628463237,3.404014174643196,3.0486054311488213
2023-03-21,126.83692932128906,129.01157318115236,-4.132821085645095,-3.0232989448335856,-6.502894429102469,-22.153395554195534,17.586541290423447,36.6667067128727,1.179619494548968,3.430823801280067,3.1894993328301644
2023-03-22,126.30695915222168,128.82175247192382,-6.21566744546533,-0.8420290827850674,-8.213055571057382,-3.131212165455588,18.531029379853297,35.188756323598426,2.814909437383448,2.869074106648266,3.253694564762144
2023-03-23,125.70946235656739,128.60268569946288,-6.02181958511946,-2.9904313414164885,-9.185941205594172,-3.3193818042689394,19.255906017807277,31.16034601524997,2.7672676108253262,2.6293217814188794,2.8110804082224656
2023-03-24,124.96340827941894,128.32848007202148,-6.899259941746201,-0.7153511181792749,-11.367322417990799,33.778841080251354,19.99793502917697,30.417656916896334,2.0574810819606206,2.0785732085725805,2.6545598239472663
2023-03-27,124.32679023742676,128.12357070922852,-3.740562027939166,1.0618114345355423,-9.615959929620544,-15.495426043538863,19.612184266835865,38.771827372638406,2.404859393868999,2.458694438656801,2.8327980823127525
2023-03-28,123.65291824340821,127.86035583496094,-2.922191520332639,-1.2791997940982291,-10.094176466763095,-42.608691040050076,18.63990817278548,40.01790421665754,1.2414636976278353,2.0656923496119206,2.675265149229313
2023-03-29,123.02841224670411,127.64315200805665,-2.2325835652653048,1.5411286783836076,-9.407206986882699,34.88563375075089,17.512913826128646,48.39913751126629,1.8971694201766516,1.5994523795191462,2.202794074764893
2023-03-30,122.45466690063476,127.49748016357422,-2.0711480933897612,1.5058338590109743,-8.733247435400893,-16.858851822161924,16.493083022662805,42.91088120013625,1.9184416243173572,1.6026876006563044,2.105417615296716
2023-03-31,121.83295211791992,127.41477142333984,-0.3788034417197689,4.323110256564955,-9.292796871922782,7.997725530915467,14.07075471465013,48.606159246460955,1.1434197393066732,1.2491008339590053,1.6975704301749543
2023-04-03,121.24337348937988,127.3231216430664,-0.009592796833698417,1.2997341358727432,-8.864290092839767,-10.147117174861886,11.153679696064655,42.68859455825831,1.5596179488183566,0.5846966711320695,1.6848898084340498
2023-04-04,120.768355178833,127.15826217651367,-0.9582569810976768,-0.3569316878676121,-7.358267757480752,-1.6602408410754665,9.411394784615371,50.309150441609546,2.4762441373015367,0.9188529808853557,1.5099483065791908
2023-04-05,120.34044380187989,126.97498916625976,-0.45786754207126806,-0.4092527491723619,-6.668003742067452,-16.970785585367754,7.364015668383611,45.465739910936975,1.3243435498225546,0.9152844990291581,1.2460718535401571
2023-04-06,120.25337562561035,126.77660766601562,-0.4950779748071982,-0.2171657107214675,-1.434408779604357,-8.887432785214312,7.337381524062795,57.08210713980438,0.9570888907350024,0.9075598931674561,1.241631892743943
2023-04-10,120.0318733215332,126.57009048461914,0.017004582720110874,-1.0868787667997704,-3.558775024595262,8.185886166982481,6.559968742467716,54.90518995688512,1.5716588602928905,0.6535662923643017,1.0968068781477396
2023-04-11,119.95170822143555,126.36906768798828,0.5768662382906753,-0.48508230319948,-1.3115269745565206,10.963037996053737,6.353177527783371,46.61814011945575,1.0893257697929408,0.7292827443913693,0.6506416236926357
2023-04-12,119.71366424560547,126.18983642578125,0.7611737128032491,0.8475880080093479,-3.796985426568056,12.406454741686712,4.7720799297429455,59.90758225618357,1.844354176799616,0.24627856224799238,0.6464046325494219
2023-04-13,119.79480514526367,126.00434402465821,1.0768886084359832,1.081412303718432,1.3584381633335418,5.322730733440495,4.871424813687755,63.28164832405033,1.71330441194162,0.2628813765731092,0.6535274484516311
2023-04-14,120.2171401977539,126.00860549926757,8.327274160392829,8.833442777354517,6.935961857678974,252.85617901720454,9.089113692716747,87.66496340033008,3.041880884211261,3.2496421009288583,2.4387420902009413
2023-04-17,120.9211612701416,126.0456266784668,8.550502811673354,9.336135829999105,12.016051012593177,-63.46454577943288,11.868817839921212,85.90489378727958,1.71636549027876,3.2053859494796564,2.435507665033013
2023-04-18,121.63693122863769,126.07207229614258,9.123341165002376,10.021756140372307,12.088780651229891,-14.269960437369555,14.465357217630824,86.81267917675716,1.944837424825651,3.1510695577277246,2.4145231965016696
2023-04-19,122.18545036315918,126.07967910766601,8.49521629484805,9.898848528064752,9.022068306225894,-33.44452438572394,16.472500502470396,85.77259309390521,0.7789308129210997,3.1689787677004464,2.316330302878094
2023-04-20,122.8716667175293,126.04736068725586,7.576033783372509,9.163493918246889,11.585999044330176,15.593845885063494,17.63612098793123,85.66456020631747,1.1291785849431504,3.264583507809746,2.339514805948335
2023-04-21,123.56104431152343,126.02878829956055,6.770720454011582,1.3046862431703055,11.670572438374327,11.867336721391997,18.30863346532427,83.00429389312983,1.6578923739599996,0.6490905397356876,2.344027548467709
2023-04-24,124.3492202758789,126.05513717651367,6.237398919091773,0.6436425649449129,13.549310257089587,-36.09879670677644,18.31884277384459,83.91679084960171,0.7532245076131935,0.5770648145334887,2.3510390830820542
2023-04-25,124.82705230712891,126.01248672485352,3.5295697268255295,-2.6378816384741266,7.985409858137804,40.45986124876115,18.21088316558981,77.83823015225526,1.6924543197824131,0.9328058111426877,2.555491745572801
2023-04-26,125.17219696044921,125.89552642822265,1.4142431792356014,-4.241629990731832,5.750515942628809,35.626052515217374,17.849807636562034,68.44144905768452,2.817420453277336,1.0394061128059884,2.6694018018973367
2023-04-27,125.59065818786621,125.80099945068359,2.4366991453880606,-2.670244046259207,6.958019830944195,-37.28470252009905,17.558987255620973,71.44140869860696,1.6417365559271626,1.4425010137098888,2.6803265135824343
2023-04-28,126.08313522338867,125.71763732910156,2.9225596923707156,-1.6365314286923782,8.21353241271714,9.359480594175484,17.191422715229823,72.39294894586934,1.9169625650835884,1.576582201844159,1.1771369403931387
2023-05-01,126.64189300537109,125.72673095703125,4.66252295847738,0.33399332706374185,9.207401021774796,106.48508692969769,17.31886357962595,74.92144862316653,1.7988621395394675,1.93558042113635,1.3467516477982233
2023-05-02,127.10061988830566,125.68519470214844,2.6008217994353116,0.9079501188276717,7.567768508756445,-30.870208368028685,16.962226535221006,68.80859411676337,2.8649661954990027,1.7826488424525004,1.394432076645277
2023-05-03,127.50238952636718,125.63708145141601,0.11300746580008546,0.5546140032583358,6.7179332329102115,-8.378562217467088,15.979128393136275,61.59202681880382,2.140023351625997,1.8813832734433436,1.5238286153782683
2023-05-04,127.80794105529785,125.57398010253907,-1.4924475671920188,-2.1379171125763152,5.101476704539731,32.1578544416862,14.96011509078851,39.649755390799925,2.9153025681912683,1.8318596456061518,1.5555755375035794
2023-05-05,128.24303588867187,125.53939056396484,0.09114602358279465,-1.0850640398143319,7.272304949745334,-34.10224001123516,13.656372598043948,43.505740136680984,1.4406911961120306,2.07101793454774,1.7363464132167923
2023-05-08,128.6739070892334,125.4875259399414,-0.003263161409541234,-2.924927595160076,7.17805918124077,-33.53490684994761,12.220141605617,40.39928723422659,1.0870397705893935,1.6691950235781596,1.7393536153492513
2023-05-09,129.04423065185546,125.40035614013672,-0.7703484812722923,-1.8067689127910902,6.139129641819552,-1.887800772221404,10.708692853307808,39.557144732588654,1.2755591141871028,1.5675464456951347,1.6086716674286987
2023-05-10,129.4187789916992,125.29233367919922,-1.0067464833918873,0.3677212655712747,6.210133413482377,10.754943079688427,8.797545552527177,40.45847517852435,2.337340666228171,1.219462452040445,1.4948780306028873
2023-05-11,129.750146484375,125.19114151000977,-1.570660943903976,1.4390232181779927,5.473310005428189,-13.230629257137238,6.528303018340012,40.175168586604194,1.4038982868546834,0.9731223144037618,1.4322921712355356
2023-05-12,129.5328338623047,125.0809083557129,-2.8186948011864477,-1.9306849246023328,-3.337419045888279,41.53571479177589,7.04868392863106,36.52994999362619,2.8784492428523287,0.6511167923624677,1.4506444622272892
2023-05-15,129.31692924499512,124.94364227294922,-1.8361811099263345,-1.3424076708941968,-3.289711228056713,-23.517810303746266,7.1593582472089325,44.62082165252906,1.2645060335011844,0.8278366381837362,1.2530858749706566
2023-05-16,128.98462715148926,124.80494079589843,-2.2455277332694017,-1.5321332705108048,-5.007027346297921,-15.214346488644548,7.054666900175352,47.848799384849734,1.4740884600756374,0.8444812108171725,1.1873094064355207
2023-05-17,128.85461463928223,124.82201416015624,0.8618269295435447,1.4434266163947163,-1.961485318959777,96.2499228061508,6.60923255890581,52.9837803905483,2.260736506331266,1.755193013350225,1.4295303736556049
2023-05-18,128.79312858581542,124.87407562255859,1.675257109429714,2.5358052916172102,-0.9303349499034885,-13.467332730204928,6.348258758586943,52.70148099974977,1.4121872549843175,1.7266898842866198,1.326613707341814
2023-05-19,128.72929649353028,125.05909530639649,1.4923400694395956,3.788220853809121,-0.9676879479905587,22.660824029964722,6.087768973347765,45.1159975633241,1.6956464539045952,1.4488569641061613,1.2180942387247982
2023-05-22,128.60257148742676,125.16086624145508,0.7529441881053087,2.0705769758619708,-1.9185442529607855,-15.488208001660219,5.6149406395454085,47.72391854015497,2.8834280683454008,1.6071215299920942,1.2585848972565774
2023-05-23,128.55188102722167,125.28030883789063,-0.25886830469852284,1.689974694187657,-0.7844822211894864,-16.554264415698317,5.603454679132317,51.68977865711954,1.8815375461846764,1.6771506886401268,1.2981902960204303
2023-05-24,128.55704307556152,125.31350692749024,-1.1756383425952006,-2.2463267520558494,0.0813289628531777,-9.846661551881786,5.588560880730471,53.49761674412015,0.938380602058128,0.7447757395060559,1.3312137281519356
2023-05-25,128.4922710418701,125.47137573242188,-0.8847123829810892,-2.745506052909885,-1.0069423729553328,-1.2298904173467018,5.652662783529425,46.46859573207957,1.245671455896794,0.5444960667003255,1.3317924173397324
2023-05-26,128.431254196167,125.60670379638673,0.09063136757770433,-1.6094268095861564,-0.9403990252190741,1.2676305694895307,5.578139646134321,49.59594928933748,1.4385871079168755,0.8702503564236251,1.261331647486965
2023-05-30,128.25571403503417,125.84381759643554,0.6082248186567067,-0.4129631350292984,-2.6487312489365755,-13.753074045152037,4.733111327097273,53.291556176992735,1.2367211299362573,0.8622779601510658,1.2441919641828474
2023-05-31,128.10505142211915,126.02330047607421,-0.5558119332044246,-0.6442664834932721,-2.310664982040189,92.16340761361641,4.49786320466485,47.81615935584964,1.7979532242974543,0.929954842539792,1.3025141314947144
2023-06-01,128.18014945983887,126.17436950683594,0.7554118513994315,1.6551214976629813,1.1766566478664808,-13.866482886658837,4.538662480926849,54.01150973784511,2.0206416210915967,1.0056544676127879,0.9310051829846573
2023-06-02,128.4781921386719,126.44247329711914,2.633237540170672,3.538005568649072,4.734575940276908,5.506160139123617,4.884630687823184,65.9170777119239,1.52345651815446,1.2720726854501794,1.1361168869106706
2023-06-05,128.58849029541017,126.69100173950196,1.537771499781181,1.570028081195085,1.7185762195745413,-34.131166569936155,5.089928667830314,59.52617540503992,1.4235356816956508,1.4601087319834205,1.1825495513827693
2023-06-06,128.6950340270996,126.98017623901367,1.636076228239862,1.3676714570702408,1.6560810331647913,9.60537600300755,5.313539617257419,62.80604417021206,1.3563940285065816,1.460820977461667,1.1467166056285951
2023-06-07,128.8959197998047,127.2280079650879,2.4608506150410014,3.6696102130244768,3.1376111280719154,-0.5155688943673242,5.769912025862185,56.658745398722616,1.7343111799450424,1.1822227325217205,1.0992925504909645
2023-06-08,129.09539566040038,127.4693246459961,2.3315948035693905,2.289566760933992,3.1139916731388384,-20.614346973516927,6.138757240869226,53.88996043724657,1.001921200110911,1.1506410864789192,1.0209493227487265
2023-06-09,129.32819633483888,127.71105514526367,2.35063106806697,0.3844167049309011,3.6457073525814288,-1.6150703709232994,6.436828733027881,55.80210952067312,1.127577051152606,0.6974197616522863,1.021790745292511
2023-06-12,129.65205345153808,127.95986297607422,2.0877320634620626,1.373217404799898,5.145420188628003,4.793698528093149,6.231035586669415,60.15019299099375,1.1063920690658196,0.3989568364688,1.0093895105396236
2023-06-13,129.97074661254882,128.19876007080077,2.57408140918129,1.9233221268837308,5.021065776030786,1.3821972987915654,6.376227955077017,69.1060398078243,1.92226140361301,0.43899300243552813,1.018323101296579
2023-06-14,130.30727462768556,128.4305012512207,1.9273883667456015,0.5686062215322751,5.337976181241455,17.750856964786532,5.989181783707679,72.79469576245403,2.0566849594546,0.3993395156835428,0.892784694522011
2023-06-15,130.5250556945801,128.72469436645508,2.9080118229524508,1.6769662188088175,3.351377193540661,3.025792009880135,6.5715966465987945,75.13545807957887,2.355157735296635,0.5960703729141121,0.8663988979577095
2023-06-16,130.7015350341797,129.01851211547853,2.8911645037149314,1.5956294055344156,2.6953545029426706,47.84707431152402,7.09822507521937,73.13320854539548,1.0261072714427593,0.6016808352160307,0.6269380405133371
2023-06-20,130.85876922607423,129.30125274658204,2.243861833175688,1.0850943174577576,2.406945888273282,-38.982879067578814,7.3976699115527875,68.27675153935763,1.3751538136909685,0.7030869164642802,0.5397277675218067
2023-06-21,131.06012191772462,129.57216567993163,1.9363700821762289,0.21125059044750927,3.1079930335508488,17.77163467242484,7.551503402703183,76.80454401337312,1.6371569077752686,0.6526580449065824,0.553907949894858
2023-06-22,131.20046005249023,129.7798095703125,-0.13307606159264934,-1.3499129694328649,2.1890363249076117,1.4980103762655572,7.263782672742271,57.57576130739591,2.6149943454588525,1.1096880511101757,0.8114227059260938
2023-06-23,131.3652057647705,129.97412353515625,-0.7799739117686718,-2.9631673581856033,2.5934878845236042,-1.5453787517865636,6.656012815743316,42.66293665108404,1.1235127763917685,0.7892877391640007,0.8221885605368464
2023-06-26,131.53042030334473,130.1656217956543,-0.6619347228293995,-2.8409780079046376,2.5945414107619635,-15.018902162407377,6.028410308206665,50.50008533879501,1.6667806773021023,0.819324120087322,0.8243634970872183
2023-06-27,131.63649406433106,130.17444534301757,-0.734876489409963,-2.3363574146368693,1.650341462441851,-3.270579024164566,5.675443918713582,49.282593887350174,0.933910258806394,0.8607187293002064,0.8246055758966755
2023-06-28,131.68953056335448,130.1511653137207,-1.2096659900983762,-2.6208518236705447,0.8220431881312384,-7.301937699288697,5.479476467928077,38.35891447303213,0.901941000815382,0.8432196393180975,0.7718975398687427
2023-06-29,132.05187454223633,130.18927780151367,1.9598610800863379,2.7582677868677186,5.688599821088691,104.04836874553487,4.886821241458547,59.76850071218788,2.586621797760556,1.67127680444822,1.4060248637799144
2023-06-30,132.4207893371582,130.26850509643555,3.1006793433507696,4.746136180503835,5.713035357812601,-7.847917423102857,5.292353927682713,64.24443826531999,1.6089083461294316,1.5795578815792708,1.4295092177791162
2023-07-03,132.7089744567871,130.37739639282228,3.7043885546653774,5.330834029844267,4.371033171389205,-43.5607339862659,6.3161652209111425,66.78641502973281,1.009478017446072,1.537114773374154,1.4430471063646235
2023-07-05,133.0160903930664,130.47302017211913,2.7756911008142677,4.621656111053252,4.704382473471869,11.385509125361516,6.6511945843481355,60.84006452581911,0.739762216499479,1.6750045029707803,1.452909905894722
2023-07-06,133.24389266967773,130.5380451965332,1.5856154499543604,4.043229620058919,3.4831997164771034,8.669375146895874,6.623077894492056,57.69070349644271,1.361634562407552,1.7999196112151592,1.5004487286073442
2023-07-07,133.46173248291015,130.68188003540038,2.220051816784731,1.325568541577682,3.2989073965832505,-7.497811421803391,6.884959055499111,56.547961651194555,1.9675740681344955,1.0363050171482246,1.3197907614014586
2023-07-10,133.71597595214843,130.88683624267577,2.598246473649585,0.4859950627086107,3.8491009924392916,1.3204921226966482,7.231505860760108,58.12743632714216,1.0265281128614363,0.8596415485937006,1.2782979073427754
2023-07-11,134.0643539428711,131.10053344726563,3.9320153450219872,1.243054688596601,5.26377067405166,23.7447940132526,8.051845167597591,65.27913945990707,1.4312851964178457,1.0591756714940541,1.3142190622115526
2023-07-12,134.44769973754882,131.30568878173827,4.14886763349424,2.4267384906581535,5.7925226898082105,0.55324174799527,8.84843299944035,67.25636093123248,1.937222568630562,0.9265627580855275,1.2965283728641197
2023-07-13,134.81719665527345,131.4688815307617,4.368167625346442,3.9522330287962815,5.5431619281500755,-0.7798148933163773,9.703386262306399,78.92612590266904,1.0881945122066312,0.45553619928641187,1.23787840302763
2023-07-14,135.2541015625,131.69189392089845,4.659968451309087,3.7619651916410257,6.578961728952892,140.57535002536738,10.52911743824851,83.18765305459037,2.991250316978756,0.46195097327663676,0.7966151600929614
2023-07-17,135.7865119934082,132.03834335327147,6.762406837061534,5.670010788686342,7.927449356139893,-36.13236447588463,12.252030264873751,85.78871603230795,2.2167126015428686,0.8543800627702757,0.9681778389885909
2023-07-18,136.3241744995117,132.42500549316406,6.535456441358424,4.232793919078004,7.996150818824677,-21.843428491982575,13.637373054052615,85.96790044555918,1.028235412345783,0.8941321570981786,0.9739695233780788
2023-07-19,136.9239814758301,132.7736309814453,6.4760147631289176,4.117415270453706,8.966055695724396,-7.276325444532561,14.78186369214734,88.78775765712088,1.9384152305763729,0.9060289042865727,0.8812111685864887
2023-07-20,137.62343673706056,133.1519775390625,7.239754820821771,4.890187135816948,10.471049311550695,-20.57633892885692,16.049045489303687,87.02579010618531,1.3960888639076223,0.9000031211881013,0.6794059933347643
2023-07-21,138.39478454589843,133.52003112792968,5.82249923995357,3.458623210143985,11.77397786002441,7.05019172898278,16.266981076677187,79.6631840832318,0.9357837862536476,1.1970398152454982,0.8558646525415732
2023-07-24,139.34453353881835,133.9444253540039,7.170024899082862,3.012109126868223,14.573341773198113,35.20928133579031,16.642586472421215,81.62314063208208,2.569618707970731,1.0446750725020797,0.9393588488625533
2023-07-25,140.22255935668946,134.3545869445801,5.703598492066972,2.0564869109441553,13.439879555090961,-30.850264925528805,16.381417874443954,80.75756488614348,1.1223022730749048,1.2074381733324424,1.0260315796134478
2023-07-26,141.14453887939453,134.81912734985352,5.642570414630798,2.275528406714611,14.111665607134993,-12.22862429233662,15.889273921114022,87.67472366510242,1.2487330687741391,1.2099501773916406,1.0250983163162066
2023-07-27,142.01292114257814,135.2295620727539,3.838560024569994,-0.08324834805998327,13.349814672896088,23.48372018422198,14.450042772306453,79.31737615954796,2.0702446090813025,1.2843362717993678,1.1644573438540093
2023-07-28,142.6961929321289,135.67390411376954,3.9308341593028295,1.2649287367320294,10.149617606369898,-15.536628813181919,14.02998196710253,79.4000673210966,0.7392796093532206,1.224882113788091,1.1640893906000045
2023-07-31,143.33474502563476,136.06055725097656,4.160212683849591,-0.025309455866118213,9.35424261038047,-2.318811924690789,13.928742726135464,78.06182404929557,1.411756705206802,0.8524407187071837,0.9532022315381352
2023-08-01,143.88152084350585,136.41275329589843,3.2519992866793053,0.22956083454768184,7.945877516826516,-22.926670190155974,13.70960620645115,73.97772225870781,1.1769984665489068,0.803272463928137,0.9858004001448475
2023-08-02,144.39001846313477,136.73730895996093,1.723207831597055,-1.4959288226787826,7.439167462579976,21.090182232013888,12.937773031292057,66.41534641692107,1.1261261703560543,0.8763778135884739,1.072495907760792
2023-08-03,145.01099014282227,137.1014126586914,1.9068015921918382,0.21150198277934962,9.175342012361543,-26.69349591536737,11.609465284377473,66.49953081595922,1.6437428622344683,0.8159520679895415,1.014821295145451
2023-08-04,145.56296615600587,137.48631408691406,1.3061057063358943,-0.5671887769322592,8.092027425960712,2.0611439842209034,10.219030918604743,57.92319596569992,1.3459851596006414,0.7632759911237902,0.9816202819493685
2023-08-07,146.11163330078125,137.90867233276367,1.404375634165771,-0.7596803026538534,7.998631950082857,16.78745128353787,8.734212189904447,59.053793454634615,0.7017038040777549,0.7170273751180689,0.7466989599846886
2023-08-08,146.51143646240234,138.30819961547851,0.5599642607691173,-0.8270693372599003,5.738700390187379,18.913924818665716,7.562349223848883,54.6813364119398,2.174749347869843,0.725703163180368,0.7303161640305944
2023-08-09,146.77797012329103,138.64437515258788,-0.968496885728846,-1.0360481983484604,3.8069233391248014,-27.200408191664536,6.364406037598315,43.29536709109237,1.3329885826470385,0.7976361312324056,0.7915096563054067
2023-08-10,146.9996109008789,138.96644027709962,-1.265688762541629,-1.7844626735168179,3.150404432161813,-4.5031699002835435,5.165338115139257,45.82081423716111,1.5303504433952235,0.6642676373404954,0.7328325049716192
2023-08-11,147.22077865600585,139.33818481445311,-0.8426280178501937,-1.006290011022104,3.1247894675400234,-13.584427282280531,3.887759099675714,37.73320926745346,1.2236966183183522,0.7900901119420357,0.733846841904852
2023-08-14,147.286466217041,139.68087005615234,-0.6815063582290882,-1.2694683621061076,0.9062293929332554,-2.6328488428204677,3.6661833085859294,42.46869617616496,1.292240062537654,0.7406167837454799,0.6893562857353092
2023-08-15,147.15272674560546,139.8948193359375,-3.1218820968839727,-3.2396634470987618,-1.8417155318307565,104.19681620839363,4.5143553145696735,29.139119836244987,2.0155197958076068,1.281399206080538,1.0146159895100517
2023-08-16,146.9608596801758,140.12257873535157,-3.4070311436645766,-2.340847687700265,-2.6320802229550466,-32.25245866625244,5.473694378657232,31.205593293377277,0.8522631448689904,1.2220285001491316,0.982551550354944
2023-08-17,146.6054786682129,140.31615539550782,-4.17860425838674,-3.2104642711872633,-4.81588385097843,42.64280186867673,6.73963734054977,24.41290569772825,1.9242417522670037,1.2290361569443913,0.9435518449600814
2023-08-18,146.3228759765625,140.49081359863283,-3.773921164750804,-3.5480751360776774,-3.8593001075648337,-14.430524718954384,7.62978386212246,20.943726232567073,1.3828271072790164,1.1491051740471103,0.9684910852646377
2023-08-21,145.92023773193358,140.6743621826172,-3.1780590598875778,-3.4179661728027,-5.392395678448725,-2.2365717640152605,7.981838172554079,24.671063811708734,1.3914917651228476,1.1774526951316742,0.9552007285644274
2023-08-22,145.42686462402344,140.79405426025392,-4.864325214478063,-2.950335838560303,-6.657295085891002,16.167887594571884,9.104930256161616,22.69980318230948,2.58914685046428,0.9962586575325487,1.0824919534714887
2023-08-23,144.93585357666015,140.93264739990235,-3.896451783663341,-1.8776238599484407,-6.585946832318379,-18.76608809816712,9.549871909264912,22.886317129690553,1.4453346641761682,1.1522620801886232,1.1208191749628071
2023-08-24,144.52045364379882,141.0494448852539,-3.711779061367694,-0.9419473871550399,-5.633909934922787,-16.849071010435225,10.061046988723984,23.15192768363366,1.643685552653073,1.0916648238473303,1.1224121239222837
2023-08-25,144.05448837280272,141.1727896118164,-3.5184257165789408,-1.2888621524377197,-6.283863542572188,2.471686562595643,10.331249712428326,19.291393257646774,1.883705512537047,1.069524560618726,1.074267208140576
2023-08-28,143.56300430297853,141.27573669433593,-2.8523437850786584,-1.284453905396954,-6.583943651405977,-23.917556567844077,10.141726252088223,23.05692791083088,1.002978959085013,1.0701514217292125,1.085111599427462
2023-08-29,143.16509017944335,141.3981753540039,-1.7901192056905972,1.625868759892235,-5.356928631529123,24.39881431459925,9.770685589329325,32.7146761231308,1.122622673703863,0.429729539711548,0.8699206558783156
2023-08-30,142.82294158935548,141.52297790527345,-1.9518956763911977,0.5360735838910058,-4.658944439671398,-0.9420861606438402,9.659723304984013,31.90340315807356,1.3228883684074744,0.4769813461174474,0.869168009422431
2023-08-31,142.34941482543945,141.61712982177735,-2.840818205680693,-0.6112894239626798,-6.408707303060557,74.18157488092014,9.505448647518179,24.400827771257454,1.6332941705336717,0.7766402702729223,0.8937994065803742
2023-09-01,141.914640045166,141.7719860839844,-2.2167996806758414,-0.15639085263370323,-5.896683557852411,-27.71563668956182,9.151490383477867,25.20270835074814,1.6210358017193214,0.8027948693501582,0.8994374725535347
2023-09-05,141.3683349609375,141.90992401123046,-2.9220455691935276,-1.5993665770951404,-7.374350016153364,-0.6174479660909671,8.63983507427752,29.467386223000446,2.2038652026776027,0.8903954392750766,0.9287224946665608
2023-09-06,140.85227584838867,142.0369418334961,-2.727403537993974,-2.5544385973860773,-7.005397937349955,9.860338396119527,8.11780702702127,30.35307302955799,0.9864739304295604,0.6561103867769544,0.6845399349616272
2023-09-07,140.37638931274415,142.14033325195314,-3.232516518012394,-2.996737836843022,-6.547856678492803,-2.9608770222036784,8.153695710860065,31.10086201753863,1.308102467885085,0.6680061517459623,0.6637484368668328
2023-09-08,139.91656951904298,142.257255859375,-2.840201172741729,-1.7084416787262913,-6.336265575730781,-15.116376273331976,7.987504027345009,29.85891542896617,1.0220407439261583,0.6139759839552816,0.670339428911123
2023-09-11,139.4444610595703,142.29521942138672,-2.084252827244752,-1.6074166536915735,-6.468113911187268,-3.569267997580161,7.163949181416328,30.512228506106723,0.9414374547589024,0.6434456976827606,0.7030819895403875
2023-09-12,139.04607467651368,142.33098419189454,-0.5257989154936202,0.7851237647870768,-5.4468010801955185,22.01569840389834,5.515640219959779,49.828242451598435,2.234525320685885,0.7943258962780336,0.8343854726023096
2023-09-13,138.8371925354004,142.3461065673828,-0.3284733975673862,1.0002749709298042,-2.930470131170393,-0.4460015305146392,4.993512710609268,45.53074305229867,1.2840581770369712,0.778124088705762,0.7764558335359625
2023-09-14,138.7927703857422,142.43325073242187,1.637436904424103,3.847736405938895,-0.6258674539034725,20.5263094680455,4.781004858708,57.51495495495495,1.5946329139185664,0.8311005631197668,1.0115904328128
2023-09-15,138.80127639770507,142.53910888671874,1.3315869875804631,3.462400066089444,0.12109976267749012,97.94317830770612,4.808124286170986,56.4234243258053,0.9542357316323398,0.919423107269325,0.9150692486024702
2023-09-18,138.80836486816406,142.62946655273439,1.5374941807386986,3.2258028466187527,0.10068795306734657,-67.21407211252857,4.83444136826852,55.77776050417656,0.9321348143527536,0.9404361070143309,0.9134393209802173
2023-09-19,138.782373046875,142.70092102050782,1.4271242668254176,1.7698720628907427,-0.3679403311981355,21.973466003316755,4.729485153501396,50.680666034170315,1.6853519306216425,0.9058558243952507,0.8097908637667492
2023-09-20,138.87310638427735,142.7175552368164,0.9320662415946782,1.2908885673275972,1.3116224376704677,-7.696955963441344,4.798342072626907,50.559047858519826,1.4227920208573115,0.9680783492257913,0.8286053550109743
2023-09-21,138.86223754882812,142.69846252441405,0.15042510525494265,-1.413736471811422,-0.1560622106081766,9.8254228041462,4.792538734872919,53.4177915347433,1.5087679964060672,0.36556099124405256,0.8181992903072606
2023-09-22,138.79135131835938,142.63910675048828,-0.7586223577177674,-2.069745209386209,-1.0188010863030228,-12.178977696090609,4.843788065611739,45.73215827620079,1.591979780035957,0.47467287973791583,0.9020878853944199
2023-09-25,138.76299743652345,142.57634796142577,-0.24793127245018226,-1.7904991008800608,-0.4080105052495009,-0.3818035267333153,4.848598940441463,55.26550941384324,1.925576908830796,0.5752517632358077,0.9043517520274837
2023-09-26,138.63870849609376,142.41661529541017,-1.194755382955593,-2.6858305902563884,-1.7823279429586836,6.014450579868558,4.958540162162543,49.88594705684478,1.1108815922962574,0.6253909160151432,0.872717460404161
2023-09-27,138.49787979125978,142.2676574707031,-0.5142241056079574,-1.6992565983712016,-2.0032210068685163,-10.050345455519249,4.805185486952918,58.071960504973575,1.0838262068082014,0.8091457375521658,0.8986381907746118
2023-09-28,138.47094268798827,142.1417623901367,0.7405900431189346,0.30583163679831493,-0.3847190680181356,32.008991038732916,4.742616366809664,63.00133641329893,1.937801125629084,1.0129030583631689,0.7410929023216377
2023-09-29,138.4090362548828,141.93136962890625,-0.9693284628635754,-0.4871922326638134,-0.8952127158996515,34.38955356840812,4.830399390961023,51.70738958250684,2.6892799486870267,1.2447091742685206,0.9044762146022457
2023-10-02,138.26489944458007,141.72003204345702,-1.7205804961191895,-1.8299660747897906,-2.0773680872419154,-23.051234288207556,5.093685577815751,41.851730142594334,2.07970379461672,1.2329246349518215,0.9070157002322553
2023-10-03,138.14722900390626,141.43100219726563,-2.362081417008954,-1.5317569154909338,-1.7148439914805413,2.8405993064793966,5.517727935989183,38.961882120853666,0.8688880779475883,1.1986144812769821,0.9100632198495862
2023-10-04,138.071142578125,141.1763751220703,-1.870199052444449,-1.6669023645052072,-1.110664272522588,-13.80962984169397,5.742702950172733,29.738809941987327,1.0742996019196522,1.174361969325554,0.9507654977394533
2023-10-05,138.08221893310548,140.9154052734375,-1.464339513297766,-2.4633016770109983,0.16308099288668831,5.5051853309877385,5.705882171729484,33.511721306892,1.588526500641643,0.9323237190158561,0.9639505784228315
2023-10-06,138.19283218383788,140.7292202758789,-0.027432463672128447,0.7934231110864776,1.6273516023660228,19.75700193558918,5.511882111250691,41.132746936560615,2.577536413400208,0.9879590597280012,1.0678167133112058
2023-10-09,138.2579658508301,140.51992858886717,-0.30175951954658,1.4385732016487518,0.954073239638098,-32.18604560590423,5.400293745806984,40.78351880833993,1.3124223529817156,0.8553909677677031,1.0577040119456094
2023-10-10,138.2761474609375,140.30754516601561,0.29105284781871776,2.8131749686049368,0.2629015478878838,62.08129334233084,5.40639325541726,45.37483480875736,1.023004157640427,0.6350876935689398,1.0116652351190933
2023-10-11,138.31482315063477,140.1194274902344,0.6071944540521795,2.7055535152532117,0.5589733846719014,-22.94840904259089,5.434560508022478,50.26992116822867,1.5121392729194616,0.641333429093425,1.0022923439295188
2023-10-12,138.20310134887694,139.95848388671874,0.4543147285043528,2.0364158032164514,-1.5839715526341447,20.535283162033522,5.123860614172611,53.77613231230091,1.255059228925167,0.7311957969054739,0.9214414377902902
2023-10-13,138.2164321899414,139.8212857055664,1.9532560068184368,1.998647908504858,0.18956110956334093,180.6741444431727,5.18205475051104,57.867199427756134,3.560813697608737,0.7166804301373435,0.823181478384087
2023-10-16,138.20797119140624,139.68746856689452,1.856147815619457,2.1274956462212113,-0.12006309537599957,-56.966391409250015,5.144144796207916,63.00327113809437,1.89381328114212,0.6909109349901502,0.7364823506223008
2023-10-17,138.19325408935546,139.5335693359375,1.6465158558758484,1.290771431535953,-0.20910473903533733,-9.324436372250954,5.083396774366175,59.528550045900744,1.7081300707057108,0.733078233402321,0.6655432499572295
2023-10-18,138.13118896484374,139.36545623779296,0.5755429157011618,-0.16418411253076304,-0.8855851235633483,-16.21918189972742,4.934270194103785,47.950224437589675,1.446097291065673,0.9445284333804227,0.8175483094069169
2023-10-19,138.09442520141602,139.22504455566406,0.17482294849881735,-0.3566440660566883,-0.5287044945971431,15.834225543901947,4.896572095834624,55.253940344654545,1.4729158844641983,0.9586878899542338,0.8417158429601702
2023-10-20,138.01289596557618,139.0444207763672,-1.3803286804216666,-3.4121628169801688,-1.1838268308454358,19.646254352273964,5.063071920030775,50.84588040423591,2.112629826466081,0.6432259210129038,0.8611140332964909
2023-10-23,137.80450668334962,138.80983917236327,-2.578530878352716,-4.633080128163436,-3.010993311414689,-23.997029903471866,5.615069976495556,47.735219794740296,2.0921964171930485,0.6006900344299978,0.9441071256138912
2023-10-24,137.67604370117186,138.5724462890625,-2.370047971695322,-4.310978614240312,-1.8756141202345034,-12.355181873803467,6.020873109652205,46.02401974992303,0.9704576999058798,0.7113001454478213,0.9061818635079922
2023-10-25,137.47075347900392,138.3948681640625,-2.7575811718563754,-3.7763270199777765,-2.9798482224045575,-7.192559731573855,6.564620117857603,41.307327793726934,1.1894574369971664,0.710989291367012,0.8783391144967599
2023-10-26,137.1970642089844,138.23624420166016,-2.313755710101191,-3.1179096176937593,-3.923960508153601,10.516099289059277,6.78817983847039,32.69532078693183,1.5913651467607042,0.8450862879665869,0.9018146705797525
2023-10-27,136.80346145629883,138.01056274414063,-5.561349367721286,-5.078708268474152,-5.7432001806999144,91.39240784244846,8.587950672527882,23.726740217536474,2.881570927672286,1.5763536021976319,1.1488063466464584
2023-10-30,136.55129013061523,137.81139770507812,-4.180682648306496,-2.5390175471697085,-3.711514593189924,-43.4719266749643,9.440254398342834,27.302757191751752,1.4553922475979002,1.8527917340555369,1.319383056412669
2023-10-31,136.42728805541992,137.63382232666015,-2.9490072236865448,-1.4946598290318858,-1.8386465790994677,-1.8568312109989327,9.780880294404753,31.603590387156714,1.2728349658679745,1.9988605739283265,1.4483139966061
2023-11-01,136.26733169555663,137.5125619506836,-2.9189105454702835,-1.0398540323450556,-2.3611722544860325,-2.4864306022228,10.149995248356738,31.968543946106095,1.4826525999684603,1.994417405285697,1.4434316102047877
2023-11-02,136.19687423706054,137.41981353759766,-1.134972425183677,0.46888934455111553,-1.035680453272536,7.996183206106866,10.210307867185046,32.98856479946967,1.5910055360855335,2.188190837803611,1.6119196845483494
2023-11-03,136.09690170288087,137.35979949951172,0.043035585780496835,5.387290765761343,-1.4472525825532934,-6.3566393748404675,10.127705786982979,38.324546249279535,1.3426560621995256,0.6904135976723137,1.5881952804748174
2023-11-06,136.06405181884764,137.32375396728514,0.8229284391168924,4.846473338740598,-0.4766352739991375,-20.061433948022266,10.087824336281086,41.98792216772749,0.971688740617199,0.6884907497954007,1.5238155646234717
2023-11-07,135.98597717285156,137.27673431396485,0.8318019671729404,3.5596148126055382,-1.1259796922266418,-17.40567336821812,9.960803479546577,45.24518422504845,0.999921698176878,0.7957234579408613,1.5260645628773664
2023-11-08,135.91790161132812,137.22055206298828,1.3796933456956322,4.160064684716791,-0.9784158146593502,20.964130900776446,9.807476210819468,48.58003181214227,0.8430080226730786,0.6864705948243112,1.5041201276054401
2023-11-09,135.8455383300781,137.1675225830078,1.1322966196645416,2.0294197071718534,-1.042465911964785,4.9132340972933175,9.661747861126074,53.68937813500511,1.3514429544502544,0.5780255003387031,1.5166031668861952
2023-11-10,135.77079391479492,137.1898373413086,2.688701029422784,2.398576277150788,-1.060835308320518,-0.11510791366906581,9.353955280941713,64.79561581624856,1.6390043136847812,0.7009744405120594,0.7235982406826862
2023-11-13,135.67224731445313,137.19051147460937,2.3071307289128833,1.1798931647104327,-1.400075007695878,-16.371675873385694,8.960497665231525,62.24106895891402,0.7476995109190694,0.7824362533793513,0.790579353733857
2023-11-14,135.71557006835937,137.27246337890625,4.140654559106672,3.076181932843669,0.6168317373746346,48.70062759312792,9.185067233652159,69.40163615536747,1.8391240114784289,1.0228665864599955,0.8653285555739235
2023-11-15,135.8979019165039,137.38370666503906,4.91172283718736,3.4687343168838813,2.624873595047461,-15.737784179618641,10.02879222354951,70.72949668605658,1.1352991090412328,1.0260574529172268,0.8259417015656959
2023-11-16,136.19115982055663,137.55095275878907,5.881324616309403,4.962226687853799,4.239796302175014,-2.858235807442655,11.312161292546964,93.06018111871148,0.9508104789849212,0.8705052964704075,0.7591360520857506
2023-11-17,136.66103744506836,137.74220794677734,6.47176370851412,4.3638624545699,6.90448897501279,-3.8615835199724335,12.814449047361265,92.92092474808832,0.8637660391013271,0.8234833409296451,0.7487489398993405
2023-11-20,137.2461250305176,137.9305047607422,6.3439325542259075,5.1515997323381635,8.71631232677732,-10.155649992319905,13.991238628388569,92.42702822543653,1.1938168903424815,0.5485631529767147,0.756356729452024
2023-11-21,137.8078842163086,138.07717010498047,5.689336980986566,3.0517236316274454,8.358699741420427,0.9189343211283729,14.802298999309645,91.33754015906862,0.692944727812612,0.5481993006780513,0.7736826542840005
2023-11-22,138.42343978881837,138.2293670654297,5.4669624863967945,2.397488434127415,9.209397038755963,-26.949954118726616,15.354924865517319,90.10089259023837,0.6391514867442151,0.5436947448345935,0.7821860136344426
2023-11-24,139.03185424804687,138.33187774658202,5.149247470661441,1.3799796134685627,9.079277525133179,-32.42052372209875,15.758706915169373,89.09481287917245,0.755505870022812,0.40375722224533894,0.7387965193725525
2023-11-27,139.86497344970704,138.4360415649414,4.284670745838379,0.2421285669237605,12.89704693994742,78.98996253824816,14.758620004440196,85.72554421943994,0.535277793825562,0.25121684760758245,0.7159504290276063
2023-11-28,140.63239517211915,138.54100982666014,3.952541167634881,0.16308124548949365,11.730464338047298,5.170072374622547,13.885559526442105,86.56948634723925,0.7489865486324983,0.23263904256199927,0.6508007468597654
2023-11-29,141.3588752746582,138.66442321777345,3.94369595886873,0.8825375426798177,10.973685038464453,38.637641089522546,13.213014494907291,86.64125359206388,1.056249873931079,0.26514273192043525,0.4644439455304279
2023-11-30,142.17485427856445,138.83326110839843,4.52579045209877,1.7935304179723666,12.336233649317263,8.149154622456468,12.436800405089613,90.85256148269244,1.1212198740837165,0.5108186016737489,0.5012791297291721
2023-12-01,142.90895156860353,139.0384991455078,4.495219811056871,2.1492948896591813,10.903697243569678,-9.663822975136272,12.100891582421095,89.88526440273755,1.3006843495060425,0.49688370833404444,0.4342884379624267
2023-12-04,143.62257690429686,139.29228973388672,4.738392638549388,3.1333625974115042,10.482506890834276,7.755720053835802,12.05332149797987,95.055511072055,1.3735034454690378,0.3417858908366871,0.41287985910405456
2023-12-05,144.28383560180663,139.53208923339844,4.245174048444603,2.8852587005011143,9.640480619767033,-4.911787665886025,11.927935457863823,93.67570934174731,0.96853754983471,0.41902201892859126,0.4273258002635019
2023-12-06,144.8693992614746,139.7690106201172,2.732795992888669,1.2895242227406012,8.541073459285542,2.5220018389596754,11.227387742110178,79.14831109809197,2.060009769686099,0.8431083665370819,0.5908431775623197
2023-12-07,145.4440124511719,139.99900512695314,2.6411559565106213,0.4549008575082336,8.34022855214136,-13.187059577194105,10.500530541579039,76.59373074577884,0.7398454695972901,0.6947010097635556,0.5915150747573493
2023-12-08,146.12145767211913,140.22772857666016,3.2925756367532215,1.07115899973933,9.862089286938014,-9.365506893455834,9.585336746890967,77.40399506280134,1.1355053010621958,0.8246885654864561,0.651449684898496
2023-12-11,146.72463760375976,140.51607788085937,3.244326075860256,0.7025852345115657,8.652624592978619,9.831193855673458,9.05374934392585,77.64049312687267,0.7228215657799517,0.7823725819487719,0.6221975570470487
2023-12-12,147.42636260986328,140.85509674072264,3.6699819755958756,1.6142312218479837,10.111137702380235,26.304995119781573,8.217902488160195,82.51522182943545,1.1026594608529627,0.8400698690829145,0.639309138580871
2023-12-13,148.02715988159179,141.22443572998046,3.5965484746512977,3.0388316457371722,8.501742935196145,21.090677883204535,7.965113404804091,82.78216899896015,1.403200385628811,0.3704897829373335,0.6398043982230504
2023-12-14,148.70555877685547,141.63747314453124,4.999980760484189,4.59213810420307,9.516524211676103,10.209950642615384,8.54989112835897,86.00979443612411,1.9086465755096969,0.610170340645939,0.7500277405786782
2023-12-15,149.361580657959,142.06269744873046,5.329255995663215,4.232898482740777,9.098714471844826,48.8624202887928,9.464290815627422,89.09087692570253,1.7490767199522237,0.6014276905058038,0.754400121132431
2023-12-18,149.9999885559082,142.46507049560546,5.515724602945298,4.481445473035484,8.775039605832436,-58.2969378560561,10.484351384430186,89.53269516299903,0.9023642173814332,0.563162127305544,0.7515554818233019
2023-12-19,150.72170867919922,142.91600189208984,6.41289201606378,4.940198583950717,9.889765692636331,22.15098705960139,11.787063561753127,90.39448835996822,1.7334510073291978,0.5989592219037991,0.7676826326122447
2023-12-20,151.36821060180665,143.31399536132812,4.7632636716905985,3.4086821579235815,8.87757965964684,3.760016238630537,12.161586789781751,79.69373665461018,1.7772480694265145,1.1188668478574675,0.7867769076319543
2023-12-21,152.04280014038085,143.72055786132813,4.893351042395513,2.1403629333154983,9.241522436088378,-29.185724799016278,12.51929463718825,79.9102120323431,1.4388081564832116,0.9224732414847832,0.778787457064152
2023-12-22,152.70263137817383,144.13168975830078,4.377751584030111,1.313318496272342,9.026977998636854,-13.489087967165236,12.62345114101146,78.05604557955877,0.5973715868940569,0.922045063679477,0.7928766795937003
2023-12-26,153.42625350952147,144.51997009277343,4.499827122340866,1.2993924291237136,9.922300943243446,-28.780621322019982,12.576066674776659,79.36863120618631,0.9442434838427936,0.9207881799230402,0.7902812003048573
2023-12-27,154.18129806518556,144.9303405761719,4.611805467753674,0.5639538379457187,10.329566412720471,37.257665043983266,12.487786145315786,88.29727278950413,1.115702159235815,0.7491238141541576,0.7824694421935094
2023-12-28,154.94205474853516,145.36394348144532,4.6512345899377925,2.2515666456837558,10.355105689913735,-1.68777027657655,12.417676978908789,88.57798169335966,0.9747525733190135,0.2842857343932246,0.7791819799007866
2023-12-29,155.60950241088867,145.8245864868164,4.0799829037474336,1.5522398684100658,8.982577227336975,1.8195914621604192,12.36745097967185,86.23279826864486,0.6231613877477883,0.3645265049221797,0.664214348794658
2024-01-02,156.33502960205078,146.33474090576172,4.802850206760042,2.7956970306417306,9.716902212791268,55.046541623284796,12.557758360321502,87.34176981750048,1.8944644770730192,0.45468837923688327,0.7021083505187522
2024-01-03,156.9701042175293,146.87517303466797,3.923910631498569,1.745960322431861,8.44357042812418,-1.2538336640808279,12.550662858286957,82.34593440613645,0.9747260556222148,0.6312542526129581,0.7456547854631088
2024-01-04,157.6602584838867,147.47438995361327,4.155620733557491,1.8104953614907604,9.177038104126932,21.51984815728307,12.493962438959691,82.9548863825768,1.6393517048876685,0.6382148045470636,0.6688070037171953
2024-01-05,158.47063446044922,148.08684692382812,4.142893408969969,1.7805442991923437,10.890072882705981,-15.92399248277302,11.92426472314944,80.64594476097751,1.108726774678967,0.6363778562129419,0.46715151779254527
2024-01-08,159.24618377685547,148.70917724609376,3.4853068808611822,1.752338539802989,10.390155167301419,11.562686270613941,11.049147116615307,77.53908423981787,1.668407769971768,0.6416163230912079,0.4924233850647834
2024-01-09,159.87422943115234,149.29859466552733,2.263842556216203,-0.21364074753027484,8.322199217107173,-11.632338667307806,10.084626265723994,68.74675995795755,0.9902655258130556,0.6163718216583861,0.599245377542657
2024-01-10,160.4919075012207,149.99145629882813,2.085162568942004,0.4345958175647979,8.15498072466243,-2.5535088072876744,8.975038932132147,64.19803461952299,1.2454711902702664,0.5796306035472805,0.5875697102458411
2024-01-11,161.0074951171875,150.63757873535155,1.3298391764382886,-0.6475683108372543,6.746900407914369,23.260118715228217,7.8464240805142875,70.7100333962538,1.0099830827251175,0.5090717671349817,0.6024020852175803
2024-01-12,161.43749923706054,151.22852020263673,0.31814888437351785,-1.8691648407102468,5.6081021984747625,63.0647258693737,6.433516570893951,60.89557586975206,4.383320631967493,0.4183014362830375,0.6373854135027636
2024-01-16,161.67724151611327,151.8014370727539,-0.4586841182071525,-2.3427382179993406,3.070847166242352,-11.47377357034446,5.651563186026166,56.32002611359664,2.256082601465869,0.4071866901262683,0.6665966013754175
2024-01-17,161.81483993530273,152.30988372802733,-1.0761867711387314,-2.0918994369610644,1.7492646615231644,-35.44553189510879,5.146790254544271,48.944858229629254,1.544079171464814,0.3718037820166791,0.5200267270744776
2024-01-18,161.92063903808594,152.7945654296875,-0.9455756612720514,-2.1050420892001376,1.3369143004123174,-15.531847850551427,4.796614875795845,46.08436766630114,1.367813469823337,0.3660891965316317,0.5308046260749457
2024-01-19,162.05918350219727,153.3140545654297,0.6781688379769543,0.005873490440477802,1.7276235583871813,39.79194866930285,4.752089694044681,53.75725694969007,2.049207646757993,1.0292751509101568,0.7687845484590435
2024-01-22,162.27859954833986,153.83104431152344,0.4239616094279825,0.6270334705531511,2.767290066206818,-2.121122014074739,4.313017393360925,53.75249448855743,1.3344241993575894,0.9526259137575368,0.7428608026585977
2024-01-23,162.39914245605468,154.31305419921875,-0.31126778637829866,0.5952643381167411,1.511672941783404,-34.87205452775073,4.004149121312005,42.27582421833445,0.7751923285467566,0.958930411894041,0.7619958288014087
2024-01-24,162.5967758178711,154.83218475341798,0.45724440531175975,2.040832667735626,2.4799092902444198,19.212276337192623,3.6247300273615135,50.78912219082669,1.2609934876741102,0.92615037477202,0.7961571179034326
2024-01-25,162.86415634155273,155.35731506347656,1.7275893437926453,3.2971119624708223,3.335373800440422,-10.972098203088166,3.7448985090445515,55.01639755185595,1.2027303120684294,1.0159187718447378,0.917447942173281
2024-01-26,163.05183944702148,155.88217742919923,1.2227168173779932,1.1567197435043974,2.3272486188347097,-16.121034541049195,3.8069625814106627,50.03328383971688,0.7429758465094108,0.8897873186041954,0.9149700735575786
2024-01-29,163.21822967529297,156.36500732421874,1.3836371635624618,1.5401801786280922,2.052315598750387,-6.33884186483945,3.9861123443121835,52.32783056802492,0.8915610051666691,0.8683128104141321,0.8645660692052606
2024-01-30,163.56371002197267,156.8909097290039,3.2429200931966515,4.3079542410636495,4.266286493195559,55.240130823961444,4.961676998178113,66.09286047170414,2.2295300280963546,0.9541844044651457,0.9801439174766357
2024-01-31,163.72343826293945,157.34765228271485,2.024568678801104,2.2639193039745376,1.9497651814381678,6.465473429371382,5.308265462622446,58.79858615729839,2.2711669534326027,1.2845021240581314,1.0560054601906481
2024-02-01,163.8886947631836,157.76623596191405,1.5534360503470497,0.45680276378612383,2.026077806887816,-18.80782516620667,5.490313847122038,59.07884785154718,1.9628180198987055,1.1907934180280464,1.0841907859387154
2024-02-02,164.04772491455077,158.19502990722657,2.038979198619615,1.4221061271463054,1.9368880611875472,-7.987343395903713,5.808266486984133,65.23608964220193,1.4651249813882488,1.171432163744086,0.9811228025393177
2024-02-05,164.15454330444337,158.62551055908204,1.8383459655305048,1.0247335258518175,1.2944866825761236,-9.147729913100056,6.030467413890409,68.27611432414378,1.2435519592809725,1.1867753387723856,0.9817409593022303
2024-02-06,164.30207748413085,159.06063232421874,2.096752603442249,-0.6637522781837379,1.7905024371540401,-13.495818521265445,6.329536813513298,72.87265589183446,1.2050260061694051,0.6490829865796419,0.9272790963461819
2024-02-07,164.53056106567382,159.49807739257812,2.1471031374000895,0.6136743628009533,2.795016795598415,6.810253074739836,6.619988126052657,72.87260654022832,1.0887467839380394,0.37326816375445393,0.9087951745052355
2024-02-08,164.71162338256835,159.93011627197265,1.6683993403165585,0.6158996899185754,2.2102546120701394,-16.126219638779325,6.785192855398425,64.72130311993449,0.995417736840536,0.37255395178947004,0.8319262555420317
2024-02-09,164.93723526000977,160.35951477050781,1.6513179384767656,0.16025169178111032,2.7657218982709564,3.900796990248012,6.894499655642925,66.05516844034553,0.8171007253614008,0.27804552839207874,0.8139073271516875
2024-02-12,165.2600845336914,160.78900390625,1.9048833169048565,0.739252133253232,3.9869967178046917,35.615481125033746,6.9044111094414635,72.78819988961683,1.7691567945448592,0.31086064946459635,0.8185258627220943
2024-02-13,165.56041870117187,161.15566284179687,0.8346912539857945,-0.4797392052538818,3.732350919150229,-1.6593866007752367,6.485985897257057,62.583622692280215,2.0716175393945435,0.5219916775610872,0.5556221633978466
2024-02-14,165.98864822387696,161.5417623901367,1.596104488320777,0.34201334823531493,5.350414195757325,-15.967657425931215,5.867125565633317,60.82683075741662,0.9543872897918122,0.7256795704101417,0.5447395632492852
2024-02-15,166.58500900268555,161.97953826904296,3.440743853583814,2.900460397915672,7.4364040950254395,23.618688622160498,5.887047605753121,71.74780162507234,2.2571929324497235,1.1277821410181208,0.827347663036458
2024-02-16,167.00269927978516,162.4016000366211,2.7001507553129227,2.296988220505547,5.1200642080694525,-6.54332026503428,6.100385497229144,67.65687175188,1.016584973378306,1.2146678001185205,0.8609095921437686
2024-02-20,167.4635009765625,162.8686849975586,2.8180059787398286,2.2413032481446438,5.65516738998475,18.587935137256828,6.237017893862081,61.53320952299039,1.1406015136535597,1.2150873812296832,0.8511976864040469
2024-02-21,168.03399429321288,163.34904693603517,3.1359834670323883,3.810402831327653,7.047754249772531,-27.34795200661978,6.1330804335829745,72.93125671561104,1.3653959668547628,0.9668770913672321,0.858506267469393
2024-02-22,168.63610229492187,163.83804260253908,4.000506490582351,3.9993358583984895,7.372439270874964,32.35335990888382,6.683242366587508,79.55687097967623,1.1907972844074228,0.9826646632655771,0.8986276684522683
2024-02-23,169.16540145874023,164.33362060546875,4.196107423730759,2.2905436948638336,6.389500913577906,-23.564782445006184,7.568577829119513,79.45280845256224,1.092447658473827,0.6019253889119348,0.8547072425206953
2024-02-26,169.69613647460938,164.79008697509767,3.514555885395883,2.418593172441952,6.431378139647292,0.5572912268850816,7.915176489445046,77.48124903046298,1.0798489200137698,0.5549349715216425,0.8903437524493113
2024-02-27,170.2096290588379,165.2379949951172,3.252930175065201,2.0697772745355225,6.206226780650748,-19.989083886136537,8.136627672404565,76.74552910482103,0.7086333140335348,0.5887322188235947,0.9003592906950115
2024-02-28,170.5981002807617,165.6479263305664,3.5400597000956298,1.9237130599291996,4.60088750900205,7.250179286701308,8.744369272153223,77.60630735173174,1.2148769796370764,0.5775295585673422,0.7759007265860351
