Date,sma_20,sma_50,price_vs_sma20,ret_5d,ret_20d,vol_chg,bb_width,rsi,range_pct,vol_5d,vol_10d
2022-03-15,70.5748161315918,66.95619216918945,-4.022096470542636,-12.030078316936432,-2.228423667437207,28.015407366279966,18.477970645618186,50.785287386191385,3.625997640637933,3.7694399391114377,3.623066135215761
2022-03-16,70.52832489013672,67.20332473754883,-4.319495174566485,-7.078148644168147,-1.3591608920674125,-21.155221558908956,18.710592511304224,52.020006020214986,3.080726292968146,3.3647522264264533,3.560577926731386
2022-03-17,70.55595550537109,67.44495193481445,-1.8083134068494662,-7.474238647871756,0.8040632100784872,-9.971358526193864,18.626218049393373,52.037142898885634,2.6335803274843648,3.2199147785823663,3.6818718817832967
2022-03-18,70.57525291442872,67.66691230773925,-2.2204734044232604,-7.359887123925657,0.5624246688151757,21.795493201025785,18.559685756914966,50.451075663697374,1.6397622289974478,3.2297627229771844,3.4098604013889022
2022-03-21,70.7875316619873,67.92356086730958,1.8606353741834714,0.39082844306495,6.256460509744199,-20.192708898616786,18.232295568949276,54.96883531066275,3.381993774339568,3.867327855635955,3.540192672784773
2022-03-22,71.02349395751953,68.16417686462403,1.0775866097242304,5.982920423147475,7.0363425092524245,-30.09160060805155,17.519984453717697,52.22105494137314,1.7228691297754015,2.2721934191419773,3.51223593326984
2022-03-23,71.30243911743165,68.4345384979248,2.269187867392126,8.059304134253754,8.28449226360175,19.81696509627273,16.896157912585576,53.452293076334925,1.4675732366374263,2.0970865424799463,3.0775917198060307
2022-03-24,71.6348918914795,68.6593138885498,2.100666186614582,5.571037143808288,9.999986230734791,-28.303561442183845,15.708372893154054,48.70769588307316,2.2787258197001394,2.0573674992367117,2.894114914832067
2022-03-25,71.95769500732422,68.9196620941162,3.8612588967834753,8.300497643127125,9.455261178978747,12.715131141931192,15.44321582853071,46.34421569215187,3.169010616141686,1.9049127553396816,2.9854003105527744
2022-03-28,72.15023765563964,69.14693077087402,0.6784169565003203,0.7420987931517242,5.598076105326655,-3.7766259046445483,14.850282841782741,41.121873731796136,1.5577840279666388,1.9536345173918568,2.888544229342891
2022-03-29,72.29058723449707,69.34496414184571,-0.050952100123645816,0.6476216711057914,4.041932975527884,25.44449806054083,14.397239710626359,49.104119403250905,3.314308166212051,1.9612504029927857,2.0753850587926617
2022-03-30,72.43312911987304,69.54673904418945,1.4598963081255818,0.7818828256551225,4.035742073673609,-18.335719014806017,14.274110766012232,46.45421079547007,1.5516866444250317,1.9867480144219023,2.063825206424293
2022-03-31,72.50111083984375,69.72711662292481,-0.07501526697378134,-0.9474716027124241,1.9126319676884274,26.19004483898728,14.153370602270776,44.94136965648876,2.2399788789824107,2.1044319128049698,2.0746190358706196
2022-04-01,72.4585678100586,69.91401588439942,0.6252794613166113,-2.441296638902779,-1.1535138192246386,-32.98602013531217,14.078829361269573,53.02145786311472,2.5866235019672525,1.7575120727080336,2.0526656723501997
2022-04-04,72.28488540649414,70.12070358276367,0.9156079547844327,0.4226537183517731,-4.545447284759696,11.773810862777223,13.16367761277584,68.67932867747976,1.936027584718752,1.1836033963139458,1.5232957141785688
2022-04-05,72.06339683532715,70.30908950805664,0.7023502758095606,0.4370439231782486,-5.753001772710753,4.234429355899061,11.69824283740876,68.07978778782253,3.033968372273857,1.1817485466043534,1.5267556286317012
2022-04-06,72.10111656188965,70.47648406982422,1.7689598932908588,-0.15515091164267636,1.038793822538553,13.860553208508207,11.787586113712457,65.66066198324305,2.103998176606653,0.9914689652201816,1.483972910892712
2022-04-07,72.08751945495605,70.68162643432618,3.4916888994157294,2.978557641181512,-0.3631874045580963,5.4658796359848605,11.6904797555133,69.93750241222098,3.2098803750450573,0.8614925420931493,1.568546615860499
2022-04-08,72.17172927856446,70.90168869018555,5.54654475094006,4.475458721308279,2.2609525885255,-4.806293545670314,12.401267720282592,66.26927756955479,2.349149011464468,1.0985473246133217,1.557788003877398
2022-04-11,72.25813255310058,71.06651870727539,1.790600027318085,0.829722064235372,2.4059748643126433,-12.331449942693984,12.492421483675734,55.950308870208595,2.8980326170497945,2.259236596808903,1.7010888731151168
2022-04-12,72.62567291259765,71.25025131225586,3.389109004438431,3.469089136753234,10.852105741140527,2.9545736028733893,11.415010641710813,57.11806408468426,1.6822458727514973,2.354768730442864,1.7860075535873325
2022-04-13,73.05900192260742,71.37071029663086,4.228685714411028,3.7776113238920495,12.842829979755743,-13.978667094394092,10.033524984345158,59.36645707225569,2.211724712524486,2.3715397256196216,1.764022040716045
2022-04-14,73.4471565246582,71.51270782470704,4.896061861546492,3.2686773417757387,11.205373518874516,27.242215178071973,9.86883357726733,57.510033777071335,2.538990869917745,2.3340816939333573,1.6591419119835729
2022-04-18,73.88048629760742,71.6836473083496,5.135669166350907,1.9691259716803522,12.558800208202591,-22.527110199296597,9.361300377469504,68.11862540804252,1.287407510287826,2.203356045066124,1.6602418110944355
2022-04-19,74.12434425354004,71.81070953369141,3.8549337744426593,4.663098979462488,6.764002743442998,7.094780977601234,9.754135666938705,66.64612693553838,1.5838730460435115,1.114048184538508,1.7233739259862282
2022-04-20,74.39276313781738,71.92427627563477,3.7160175926954566,2.757034073414144,7.478012129435907,1.5052054203094745,9.897557564528155,63.95196459644676,1.3642530249343958,0.9209507306111175,1.687693505799492
2022-04-21,74.56381301879883,72.05848556518555,2.384011685964849,0.25343334808145546,4.69141204286414,40.22107939331252,9.954622413552263,65.08154004325168,3.458580005112557,1.0004239341977785,1.7565551371317156
2022-04-22,74.64056701660157,72.16602844238281,0.045839392816014984,-3.0741113047539237,2.098832668670658,-18.68022019309984,9.780890029509525,56.24614513066149,3.664986311810031,1.1726524661676367,1.8683475455599086
2022-04-25,74.51162185668946,72.23655456542969,-3.159718025927568,-7.10331142844346,-3.4506762527972357,59.79543566354126,10.238775926186818,47.62155629384147,4.096769583109142,1.370172130161299,1.9897011087378096
2022-04-26,74.48881454467774,72.2730451965332,-3.0947514696702094,-6.232925810767864,-0.6279570714648242,-23.22863365191534,10.382125916031608,48.81208387478238,3.086645871027176,1.5202813135633098,1.7062331184996695
2022-04-27,74.58837547302247,72.37234298706055,-0.46039780574489697,-3.774422410426026,2.755868679440998,13.238774769794247,9.986465364811544,52.481219462962315,3.780723772108257,2.3790513012261445,1.832118895693211
2022-04-28,74.73837394714356,72.53392028808594,2.344409090665252,0.19533844088823749,4.082114437526818,2.7791169560308804,10.113808042743647,55.09241061974322,4.667431006035443,2.890079954097532,2.0389113456244905
2022-04-29,74.85503959655762,72.65497161865234,-0.10019722211400062,0.14095136861060897,3.220729470498185,2.887738319310773,9.678398608081894,46.26231243068891,4.035193479655421,2.9005185506010713,2.116194887574075
2022-05-02,74.99933700561523,72.79847930908203,1.0643394461159166,5.044980347960526,3.9581448524873775,4.843824390806928,9.400190842569831,56.58439574156803,2.7890331674249884,2.1836969099385852,2.1539402676178074
2022-05-03,75.21994895935059,72.98847763061524,2.843689356789112,7.16977522514215,6.048576790080484,-6.679748563376564,9.40284594065766,56.651345716663535,3.0162104082967294,2.1457453157158097,2.252173114935653
2022-05-04,75.6133659362793,73.25584335327149,6.380496152120029,8.341173045666327,10.84248316360441,36.21642026536431,10.615639825445472,61.231090078446336,3.238815365484617,2.380767303340377,2.5710575245909975
2022-05-05,75.90546875,73.49338516235352,4.364829010951126,3.5665393846596727,7.961747677074094,-11.204111854924614,11.00075091608051,55.60079842201262,4.052711505982201,2.577366953556977,2.604729240749431
2022-05-06,76.19669456481934,73.77215438842774,5.5545888510896475,7.554249732874396,7.807182090883824,-27.781408027620238,12.035732213092826,56.88600985274293,2.693861004400736,1.9734257441532983,2.4557402188504103
2022-05-09,76.09230995178223,73.88829376220703,-2.635267181752975,-2.2566817457698063,-2.7406611868399655,54.803118237095404,12.3049475044909,44.35701541835151,6.559319175443651,4.6427780587202525,3.496367327184141
2022-05-10,76.14362487792968,74.0040821838379,-2.055772447337533,-3.5945222664218845,1.3953375959975922,-24.79390032190807,12.045233653042123,45.033760584433196,3.96377661684708,4.500090867647412,3.496319240551016
2022-05-11,76.19581832885743,74.13776504516602,-0.08519257213050453,-5.354403943488251,1.3902120423401776,-4.241485708982928,11.966240248013092,49.605792547989076,3.0648734117405336,4.071974309318134,3.4436835383901165
2022-05-12,76.21222267150878,74.25450073242187,0.34679697331195547,-3.461419261736731,0.4308517204011597,-10.687570789143752,11.967976131378576,53.5494781850133,3.453065610845722,4.107823837116558,3.311623961822132
2022-05-13,76.297318649292,74.40766082763672,3.2082066491430044,-2.0937859632760514,2.2090465006496807,-12.522591255107407,12.287609049757146,63.10674954796984,2.9259491967842752,4.3406386023079735,3.321367207659395
2022-05-16,76.44344139099121,74.54435485839844,5.43376517298766,8.787125513902595,3.7624261073389453,1.1737161994542333,13.179646238434012,65.60550799116643,3.3095131800206663,1.0957264116261183,3.3621558591212826
2022-05-17,76.67560958862305,74.64845031738281,6.455172675930027,9.4489533381926,6.031769376829321,-11.419015217691141,14.462106010875269,64.234377699291,1.4439194363773504,0.9782852568690091,3.3351229181171593
2022-05-18,76.83431663513184,74.71509124755859,4.551398062615015,5.517400685264406,4.1138616553694884,10.07971211944274,15.043391377195803,57.690218420766406,3.408710740074828,1.7824285598189802,3.1666435851976362
2022-05-19,77.0555233001709,74.87795913696289,4.814752890361704,5.608298780189136,5.795193650990993,-4.179763626076571,15.658623148275009,62.62996467304861,3.620806532650269,1.7750830073060717,3.1213030548266025
2022-05-20,77.39196510314942,75.00850082397461,5.183552001025556,3.3761132464519727,9.010854665305379,18.073267342972187,16.077765475030255,62.02174402441803,3.4726701402310147,1.4415324478168159,3.0960629204248034
2022-05-23,77.94422912597656,75.18274032592774,6.746254468102267,3.2325524070535128,15.307232751982314,-5.402674075360303,15.975168675836734,62.4047571308862,2.364462249164044,1.4010146324617478,1.3101526644036068
2022-05-24,78.51777534484863,75.41935180664062,6.542110842861764,2.4861731795013498,15.89132297070841,-10.815255898646436,15.547187256392728,57.685407407218364,2.616526674553066,1.3563522114236242,1.315888913094661
2022-05-25,79.07243728637695,75.77139144897461,7.9240933860437135,6.232758053301524,14.941400740712796,23.275964977998044,16.374140404488696,64.3039650530923,2.13914589128992,0.8235442294820422,1.3106931460557498
2022-05-26,79.52988548278809,76.13454452514648,7.68217581167346,6.034694731385093,11.960907936338838,-18.809395013991015,17.550152317067113,62.71942535012326,1.2727683823488811,0.8653717920865528,1.3170709349532084
2022-05-27,80.11495208740234,76.47857025146484,7.946602681864961,6.237746298291391,15.647668245767598,5.2396071528451715,18.120257006127254,91.36424120299006,2.6949455396145434,0.8476512961357002,1.1513676499114789
2022-05-31,80.57869110107421,76.79985458374023,5.576751923679221,2.2473106289986555,12.236247804591894,75.42088726317763,18.07473567049446,83.00089635144654,4.239583015441895,1.329239850912116,1.2915364104057239
2022-06-01,81.0458885192871,77.09182037353516,6.980033892421707,3.644064504090472,12.078687560992329,-42.489434839077624,18.7653370729908,83.08381310646116,2.136136974773409,1.485400885694218,1.3463469653643318
2022-06-02,81.35160789489746,77.38708892822265,6.392809671765323,1.4226338681054385,7.601378828515526,-26.055377797748637,19.627213852992707,81.92027225287806,1.3412486773346388,1.3256067708965416,1.1499227500121159
2022-06-03,81.78120841979981,77.68489288330078,7.372616357287449,2.535175682867674,10.845949213653938,10.210538998695595,20.575302629778786,80.68389752382822,1.7761653055561524,1.4262994590135907,1.1671724147470002
2022-06-06,82.13920707702637,77.97388046264649,6.634923719691941,1.2808675493498844,8.902216314848665,-1.692635301499179,21.36074491973701,76.60150684979223,1.1230277736524366,1.4308851494499901,1.2181487673639566
2022-06-07,83.0150260925293,78.31122619628906,10.345631268900316,7.677099134979692,23.642964012736023,82.81605833063375,21.405221160495934,80.93411921645058,3.8115530005986407,1.9719069332854384,1.6797204493096585
2022-06-08,83.92033996582032,78.71212310791016,10.443502398649386,6.8990107199503825,24.27821639109475,-16.389757261268123,21.341070407541242,88.80845140099287,2.4763327551167773,1.9609947761679911,1.6734220649338154
2022-06-09,84.64788589477538,79.08068450927735,7.128279427077581,4.771177914242397,19.113024533427957,-15.835790112990777,20.435874316610438,78.35787061299492,2.355121655029101,2.4813821801827887,1.9085532511742642
2022-06-10,85.27529487609863,79.39136703491211,4.396829244438606,1.382612680257389,16.407884292100583,16.32465140752433,18.634540553317454,70.5939545276307,3.543696586738266,2.738924334027763,2.0615462151528314
2022-06-13,85.58501243591309,79.64122146606445,-0.754299055329371,-3.0250749184964065,7.866332819088173,7.982100450719698,17.13580246157653,54.177341264554975,4.016691221085999,3.531346992487944,2.577168922283711
2022-06-14,85.81320190429688,79.88620849609374,-0.7600392897824162,-7.032995387222163,5.66246650427924,-6.454025911851835,16.206205535066545,53.66380342053202,3.5379829134903624,2.255144308973062,2.52540339823327
2022-06-15,85.93637962341309,80.1090480041504,-2.1500471177573934,-9.27431220912206,3.018131426672155,-5.255885363357216,15.65035112935664,46.86804980522722,3.4777142722985563,1.759420836185891,2.4619524969944218
2022-06-16,85.96916847229004,80.27739990234375,-5.795146503563179,-10.690890544789077,0.8163400208050176,20.512275157997074,15.389477873602836,39.77407606528392,3.1185014696957105,1.9364908071865339,2.6860337218061416
2022-06-17,85.74674072265626,80.33620880126954,-10.997198611178542,-14.274355396504445,-5.50798532755633,80.99768325923684,17.681184163255097,30.876970272164982,6.607053681541548,2.4655335307870407,3.0140845832809893
2022-06-21,85.72990341186524,80.46545440673827,-5.43921267051545,-4.559217251706005,-0.4136747538715846,-44.35630906575123,17.78263186887355,43.305682611055126,4.383473971447478,4.573558120698076,3.8550370339570907
2022-06-22,85.46272277832031,80.49913772583008,-8.897201067331324,-8.574413640439483,-6.422414915596908,-17.31304674352948,19.50948016935155,35.95947429862113,2.538132644482187,4.705494109576054,3.4814005622061295
2022-06-23,85.05552673339844,80.53830947875977,-11.222024904385366,-10.201289731370233,-9.735186226568349,20.284453295298576,22.17876717172761,33.61388228175788,6.489856200103065,4.730860813361172,3.365610188772087
2022-06-24,84.63902702331544,80.57673309326172,-9.015711113152596,-4.913018145300885,-9.76115399916856,-25.500318816909605,23.847502031036296,34.08202916401629,2.980441797246515,4.913508698271759,3.5883662098193523
2022-06-27,84.30183906555176,80.63167938232422,-6.4127748247853456,3.3789988665425374,-7.874588572484386,-4.3556439806299085,24.66711250585617,37.78940176157222,2.6620271583482915,4.204716467292633,3.802113573500407
2022-06-28,84.03200073242188,80.71250793457031,-3.50747138087319,0.021871712243548558,-6.240380701466197,29.900269636990906,24.845973359269752,34.42664355163616,3.158469278304292,3.2551424064253642,3.7719291874142793
2022-06-29,83.68284950256347,80.72079986572265,-6.684176418288895,0.2959297121858162,-8.208334884071311,-23.252933054153115,25.704442422245343,29.55055202098407,6.173393829385375,3.1753633532930845,3.9001640768975365
2022-06-30,83.14228515625,80.69899673461914,-8.720776753424156,0.5046415585953534,-12.46934595763497,57.27041167832636,26.926872053889188,29.389981382112367,3.4212988393948365,3.1267641973996594,3.9514048860356996
2022-07-01,82.69388275146484,80.70753677368164,-6.1790175096577995,0.7479674538998449,-10.361425519750489,-34.094737922454385,27.417365549705497,34.0735041587611,3.620785903423972,3.164870200646849,3.9389631886738083
2022-07-05,82.06115798950195,80.68383087158203,-8.41449259185181,-4.73995612039968,-14.411121095121826,31.3857162933618,28.1362365273757,35.72168714757096,4.350896024330591,3.151912410863795,3.611343609991133
2022-07-06,81.37171859741211,80.6663410949707,-9.304738500266737,-8.983591428652883,-15.74258767667821,-3.5136205555764355,28.999233575966016,33.95094368173943,5.0672445755993545,2.377921926145496,2.866023405846592
2022-07-07,80.59942054748535,80.74634567260742,-5.511115248725374,-2.47389286867854,-16.861766914462738,-28.638500465907835,27.22540143499048,39.188219989707825,1.698858555965356,2.960806418958571,2.909635007157577
2022-07-08,79.77927017211914,80.82830535888672,-4.384240403292451,0.5137893138095873,-17.697669420318874,-25.794587150570592,23.878276413328134,43.01865520859627,2.7532559202699773,2.653580400011707,2.733999777991965
2022-07-11,79.03976058959961,80.8612385559082,-3.982968174546481,-2.1816051303564343,-16.30998478190199,-11.712252034084347,20.64691611540896,49.27709562398703,2.055116941585612,2.3804812695493824,2.65944099915361
2022-07-12,78.33259582519531,80.82905578613281,-4.405812289804143,-0.3655313889218248,-15.886933239726353,34.665914713082714,17.527257390619177,37.95721857456448,2.5917188655695167,1.9684583579649995,2.5193584694313054
2022-07-13,77.84475822448731,80.83710891723632,-3.419709693702408,1.8731639903932118,-11.486714985283186,-5.160614857469181,16.04935131044069,44.12449675153915,3.5478484638873446,1.709421396486667,2.2777017863008586
2022-07-14,77.27051963806153,80.79468154907227,-4.651584497437214,-3.2580870887582436,-13.4859540946197,32.18690725891433,14.182265040397162,45.81820597830984,3.1513051917507098,1.0104378057769272,2.0880890254451647
2022-07-15,76.8119270324707,80.74583923339844,-2.4671587438122264,-1.7890305385594663,-10.907353011225606,-34.54162396082451,11.793982035025044,45.17578393796991,2.3420815070933005,1.4514046503826366,2.0323682082543617
2022-07-18,76.57753524780273,80.66306762695312,-0.363346415937703,0.5371625656411361,-5.788371237510182,12.480500124683225,10.663816480810889,43.867764568345386,2.5435568875933288,1.7405686192601526,1.9862234249215174
2022-07-19,76.67279815673828,80.64314056396485,2.020874941303967,4.461522410517271,2.496505556020967,-5.913135833530969,10.814450456432132,43.15382484574012,2.571651443746495,1.7897178836376566,1.8425843930463317
2022-07-20,76.57354698181152,80.61619537353516,3.27567581963459,5.186239655071989,-2.4486247690365115,-9.12109770999896,9.8781613085191,52.644006809501434,2.6893787352423133,1.7693001737630294,1.6750444652496044
2022-07-21,76.56867294311523,80.68968292236327,1.55778954006728,5.544849899382709,-0.12520178584761732,28.890403029352886,9.861212250462538,55.22538261678282,2.951571472689627,1.6266963881298335,1.5755590803869617
2022-07-22,76.65153045654297,80.74147171020508,0.6734296755166304,3.0044904517561033,2.194593648665766,-27.58365807903367,9.785003631656949,48.75992243779395,2.113004052130102,1.767593461844438,1.6062145918762298
2022-07-25,76.78800048828126,80.81360595703126,3.8412473116091514,4.506364103876326,3.544297928364859,13.28789689589458,10.406459263854382,63.52696517798455,3.011779265802652,2.1178716968936464,1.8736828483938448
2022-07-26,76.81458587646485,80.87262466430664,3.4015334594579705,1.5407381513717011,0.6739371265360283,-13.658447571907573,10.573630426375487,67.70776913473543,2.5437898573738056,1.9560041595534148,1.792680738532437
2022-07-27,76.81768684387207,80.92065521240234,5.635336129071198,2.6109323542827356,0.07648720761097572,19.191345467994616,10.609132395830805,66.35679056874763,2.839356211407805,2.1135881231277747,1.8559763609639628
2022-07-28,77.01796188354493,80.95060806274414,6.5918118263756975,5.5726702451024845,5.129382298131002,12.778301102676348,12.168382398439945,68.08165183116239,2.4179597134365145,1.7176708535500644,1.5771366311304853
2022-07-29,77.51820487976075,81.03603485107422,10.808154210523103,11.311422539934647,13.183087054656607,46.54180444256648,15.743005640327318,75.6708325225699,3.5283175055996554,1.93342293504145,1.933610453726627
2022-08-01,77.82526359558105,81.10391555786133,7.581245093265768,5.001115164912839,7.915494736121653,-30.284518772338043,17.228801599443273,71.41637254206425,2.243855886814943,2.6897816063684044,2.28301485040455
2022-08-02,78.23556022644043,81.15584564208984,6.552647294397497,4.953703472460491,10.918514355695086,-19.577073273954948,17.929570861464036,69.74762642256236,1.4669897500742826,2.6956963097219053,2.2490411579380467
2022-08-03,78.57850799560546,81.14095825195312,2.6479764117711224,-0.6006083085355884,9.293940589375627,41.01240843175362,17.2233667845871,65.93856942945884,3.9881316054679137,3.1569880406883297,2.5534751195962015
2022-08-04,78.63389320373535,81.02221130371093,-1.7405922485395737,-5.883004571883676,1.4544913577934082,34.9466515130954,17.044339871251175,54.880283213139826,4.484454551245669,3.5198074216560093,2.869529713029744
2022-08-05,78.73890419006348,80.91675689697266,-0.45356141464411903,-8.748572760883322,2.753247127333469,-45.29484782301274,16.793032032946012,54.37613168909016,3.8552897453515937,2.2805752590841006,2.8914573899591147
2022-08-08,78.88556480407715,80.78648956298828,-0.0769728199023399,-5.853114992873188,3.8650009228664572,-16.943359375,16.413884221109658,51.350255376095916,1.5514303549902946,2.4451329424164814,2.6828891494335663
2022-08-09,79.15540313720703,80.67926284790039,1.4184403998937067,-3.6993869544971303,7.207084851779788,31.987412248850156,15.706118835086116,52.61121541207429,1.8324359523293785,2.803552093109971,2.7467093368506945
2022-08-10,79.44828224182129,80.5704409790039,2.003810890540765,0.47239123778668457,7.791130938572688,-4.094658184600231,15.04200937650787,57.33544483558138,2.843082078605873,2.466977358559838,2.6731215784534648
2022-08-11,79.9337028503418,80.53668624877929,4.317234561268518,7.920034789120578,13.177131889990656,2.709539940990058,13.922008637619083,62.8982433258094,3.0689993941676272,0.8986641629363025,2.807726654389698
2022-08-12,80.39333000183106,80.48481582641601,4.622358454697541,7.307340249663796,12.270326947333988,-19.894243505923537,13.267722560861797,59.82215768027464,2.0319106731009104,0.9492339973424163,2.3637809246465724
2022-08-15,80.7086727142334,80.4058935546875,2.3510175400830873,4.79709593649853,8.265940557566909,37.83320715623382,12.519989064651751,56.778229077289346,3.325389628436419,1.7372670502193137,2.2927737624662963
2022-08-16,80.8893913269043,80.28641372680664,1.1710317415665648,1.9413201832578775,4.620644143404284,-32.36297409805735,12.20207608419699,51.5334831079649,1.7493969933712106,1.8229896377999555,2.305933314865871
2022-08-17,81.06023864746093,80.18460800170898,1.7746751455538528,1.7997458320667237,4.320772075139101,-2.5658560214272486,12.109824687763046,50.90931073603901,2.483732094712406,1.8134527387477863,2.045490885553381
2022-08-18,81.39463577270507,80.0415267944336,3.7530218353695624,1.2769331133759554,8.60058853950154,29.91957888580201,11.973758656009913,46.44640207437162,2.352194623127878,1.6364649972705307,1.4143385766508563
2022-08-19,81.74529800415038,79.87145492553711,2.9795857298204487,0.08509316663138922,9.088313364696798,-9.23895916805474,11.238874946673397,51.234080579588415,1.488088721552571,1.612793664004664,1.4485818119794704
2022-08-22,81.96433372497559,79.74018508911132,2.627970101522033,1.830595160239068,5.493911850208333,-0.6739580620760632,11.244623816753192,52.082513991831796,2.79757174093756,1.2781943563157367,1.4704137125004688
2022-08-23,82.3773868560791,79.71346145629883,6.447322117739827,7.150698210626394,10.400763982035443,48.34487106661089,12.39423312551599,68.47375071631973,3.020415014150186,1.903530038957004,1.835452083345695
2022-08-24,82.73043022155761,79.77882232666016,6.620367834962703,6.919730753345754,8.701369399354085,-28.253670359819395,13.754937974593767,83.87717154996726,1.6331919055051078,1.9229202650303858,1.8379035521907967
2022-08-25,83.05887870788574,79.84887878417969,6.748143135674896,4.990463865997774,8.001683962441696,-10.232078027952586,15.0848092535353,83.18992840836049,1.7761653055561373,1.8584608176122264,1.6947803651574842
2022-08-26,83.14266357421874,79.91854843139649,5.327620702074152,4.028487820298565,1.9508332500638437,1.4746140326806323,15.554026548969658,77.10129004685922,2.544196815454802,2.054017577101355,1.7891621049529047
2022-08-29,83.43566627502442,80.09051467895507,7.370679217757887,6.499308243628121,6.999136326466049,48.46826429040525,16.969266350961394,77.8691273481241,3.4158989963292474,2.0728176298992786,1.6934921113673136
2022-08-30,83.57637977600098,80.28770126342773,3.110867923896186,-1.7245036546712056,3.3759602402687383,-25.900291423813492,17.191820697257025,63.27476888213532,2.9072818219669574,2.3113765535272406,2.1947601015228884
2022-08-31,83.82002143859863,80.37700546264648,2.042543220606816,-3.0330841968002176,6.041257948108858,7.339583772268643,16.93530997408354,56.085135821686066,3.39993736218164,2.2553917868013413,2.2284759786498003
2022-09-01,84.1564151763916,80.49968826293946,-0.19409413564445877,-5.267919551122446,8.707509915768297,-10.45695685598853,15.19123476626648,49.684914108251334,2.96154117178621,2.2075716650111894,2.2062159378677353
2022-09-02,84.51393051147461,80.70011840820312,1.2047139286594388,-2.329629694809199,9.12240978284653,10.861596541435791,13.737810703952913,57.910036606102004,1.7575064018596025,2.546258174700849,2.2788784338912107
2022-09-06,84.82065963745117,80.85914260864257,0.16360075838218335,-5.1638018716004375,7.782549485904111,5.463343366214812,12.14543102717064,58.53306165028688,2.1906206092812948,2.0431019014726646,2.294057721092659
2022-09-07,85.01848335266114,80.96592056274415,-0.9219568069764634,-2.2531487421675434,4.928455693907208,-15.242559175064452,11.057779590075413,54.72706194241645,2.4325401540045286,1.3535895499153585,1.7868569617163437
2022-09-08,85.21265144348145,81.04270126342773,-0.33916800903258154,-0.7113637391454541,4.791891178693208,15.266026409088962,10.124216021441516,51.386739769447814,1.7911672981220947,1.4447967463817608,1.801979907703031
2022-09-09,85.36073684692383,81.20784118652344,1.1546286433653064,2.801735648742776,3.551863370233832,-8.535545225809205,9.962976577400253,55.93137949468365,1.7409329587313676,1.2686259571898024,1.8994704550278907
2022-09-12,85.52224388122559,81.43679931640625,2.124938040116254,2.113191841375972,3.8404040061365663,-6.05606714069239,10.049435707203754,58.39553277560636,2.3665661034155425,1.1263926457036002,1.9117767661066933
2022-09-13,85.65690841674805,81.59110382080078,-0.4173276234140366,0.4002046731793607,3.2603998410322355,13.091464057721058,9.516021710628273,43.2335756329032,3.0105895962047096,1.6538705688748898,1.8506402931291768
2022-09-14,85.93473854064942,81.83584594726562,1.697213184154113,3.749745036683927,6.789871916174639,24.283151664097513,8.660545331471933,47.8827197427665,2.4674885613759656,1.8336466401387563,1.6457780359890917
2022-09-15,86.05240135192871,82.05688110351562,-1.3949065358090724,-0.08429526935810339,2.8524734673524677,-6.900691658169911,7.898903430499325,41.057938025281146,2.62574904111635,2.4528426612994774,1.899288315780583
2022-09-16,86.00005683898925,82.20178131103516,-3.0204083196913203,-3.4093309819487105,-1.239665800309353,79.5664768659653,8.214356097470688,40.37982958856019,3.583302618492372,2.3418668504814617,1.890242651937785
2022-09-19,85.96068649291992,82.34402145385742,-2.9863932929814685,-4.517972411740001,-0.9353740263525534,-59.49248442891957,8.45419847253433,34.2584144481323,2.6716716151314106,2.1674005645071728,1.7719949537521602
2022-09-20,85.89044647216797,82.48045944213867,-3.6987990032823874,-3.031563898433398,-1.6700288547754183,-4.103740687389601,8.924081583451576,39.77812931001089,1.3955007371890031,2.017337259089908,1.7765319944986375
2022-09-21,85.57503547668458,82.61043731689453,-4.901818648533586,-6.8803173096078645,-7.19389464141067,17.80730671197961,9.879918534602941,38.22335082504193,3.3095047914612543,1.0821845822790876,1.8206519237419214
2022-09-22,85.21667556762695,82.72758926391602,-4.9009008005634875,-4.492242572377247,-8.125385113322348,-6.883062934157991,10.548341139351967,41.01305315210844,2.3628210514008288,0.7398967770583115,1.775519297614046
2022-09-23,84.61985702514649,82.78861373901367,-9.326909099397323,-8.003433673325166,-13.462506011568543,71.87008191134738,13.237969281363393,27.07364693747651,3.0903807881969607,2.1438855846346,2.177049397515529
2022-09-26,83.9984317779541,82.79315032958985,-10.541562745069067,-9.892703585845231,-14.192296708334418,-20.532250854398892,16.29109200755151,25.719368318466294,2.7744721813735405,1.941992442579432,2.031727582363852
2022-09-27,83.35508460998535,82.80153442382813,-7.9618254975772285,-7.247947410617861,-14.362761550425674,-21.48534255151202,16.907990153014435,32.15805336807702,2.507582901150746,2.6940376384532487,2.289756193526513
2022-09-28,83.02177810668945,82.8272932434082,-4.22970657372397,-2.2979785929622465,-7.735453600894671,12.919403950934004,17.14066731328975,38.3159179500961,3.8037416830928334,3.5190461142780123,2.5100730587400237
2022-09-29,82.71263198852539,82.83263946533204,-4.0664559535106335,-2.0867787793257375,-7.228775738098969,-8.428975659177318,17.392409324574366,34.02777681025752,2.514663226499146,3.5203019473104313,2.4151015621716425
2022-09-30,82.41914329528808,82.83987640380859,-5.21219279710002,1.8192432418242754,-6.988402363854029,19.34286991506482,18.071970415267405,29.18350121643013,1.9814493246006413,2.428084002055237,2.407623999767775
2022-10-03,82.25495147705078,82.94148681640625,-0.00815298978668755,9.454634690843445,-3.839303689520368,11.816402592051546,17.754028958397917,43.701532196795505,2.872062056394113,2.773261208209759,3.0526455300430357
2022-10-04,82.2692684173584,83.05164978027344,3.6179940893320572,11.115008313239327,0.3370300585445074,-7.3178595805086015,17.807856958082567,45.72650468034377,2.7815698743091763,2.8910759780790882,3.2550088253295035
2022-10-05,82.4920696258545,83.2369140625,7.5141819454700025,11.54628370932147,5.290013299756069,57.48699946235831,18.984932247551402,57.373697641113175,4.368436321304961,2.9474544249285746,3.365514934210373
2022-10-06,82.81195373535157,83.44040802001953,10.275528424218301,15.08794857300928,7.533452860186185,-16.446868267269497,21.061832776981557,64.55115837558526,3.772289404485591,2.611512264055048,3.386679351690998
2022-10-07,83.01462211608887,83.60650527954101,8.896121761628839,15.714141040376184,4.69431337262971,-15.852867153996431,22.260327488806283,62.45627865980819,3.1079871598413624,2.3859798663718936,2.651051777511549
2022-10-10,83.06965103149415,83.65737777709961,6.4650155431542276,7.528272031888861,1.2601146354468407,-31.506553069251986,22.536361313123425,59.738266452473546,3.3488442748200065,2.8702603288020607,2.6674740966168446
2022-10-11,83.18910522460938,83.7366404724121,5.408661509352034,2.86554602820841,2.800820151894823,6.064541495642217,22.934531432925716,60.9438461968119,3.0714307512555803,2.729078563943141,2.7761727802252603
2022-10-12,83.22310676574708,83.83086456298828,5.827898643087839,-0.696137176314493,0.7781275387815478,-29.028706870889287,23.087858745378227,62.18228240213349,1.706797013072281,1.959110248643255,2.669191188497458
2022-10-13,83.5380702972412,84.04070602416992,9.113510866126646,-0.18615386826101865,7.423828383502973,74.25964323588533,24.480399707352092,76.1011016331628,4.957293890455612,2.170516569793852,2.7303127033217374
2022-10-14,83.80560989379883,84.27046798706054,5.903764689390766,-1.8212538410835921,6.415625043165618,-30.86910909165225,25.026834722700126,73.92262692005127,3.2261285104136435,2.4576909176875144,2.879283144104285
2022-10-17,84.13757362365723,84.50348922729492,7.006695149986684,1.800902223882761,7.961375449988339,-6.167389304953352,25.782071022303942,73.64909236623865,1.4609433319192118,2.3135807505282036,2.5271418247147386
2022-10-18,84.51159210205078,84.73087036132813,6.723703599264043,2.857134156580532,9.043707157396618,-1.5248683768343207,26.389420536189593,70.9327125972317,3.095233157468721,2.220873115090674,2.345703281504511
2022-10-19,85.08604164123535,84.98269271850586,9.147506948875694,5.445498282691896,14.11765555146076,48.74585863181993,27.37148187587181,74.11424482916566,2.6592104080259595,2.4546952565767697,2.1894301166458487
2022-10-20,85.6837547302246,85.22177825927734,8.532303357968056,2.022166187649743,14.751010462795854,-15.642610304133985,27.991988050373983,77.60797065506301,1.5298723498718658,2.059988732624156,2.0081988555041934
2022-10-21,86.5834571838379,85.44851547241211,9.399060783077523,6.724474842070949,23.451908600522685,29.26568077511473,27.400953147048963,75.41940092112881,2.3521612029218524,1.195820869894279,2.020975191027161
2022-10-24,87.59545440673828,85.67400009155273,8.891071450252621,5.943155980145054,26.934990775423827,-25.378603582871996,25.543102955682865,72.8335304876666,2.401498682211733,1.2221006876072462,1.793142335701704
2022-10-25,88.49649810791016,85.91666458129883,7.054374217040104,5.039665806539451,23.489607381802458,-7.662034045652655,23.440058102634545,65.59034738207858,2.1344939505629887,1.4358573739306073,1.7763741263772193
2022-10-26,89.31432838439942,86.19726806640625,7.336423801646753,3.22766838605244,20.571707060007615,10.585376404279945,22.302364584875136,62.6999792805137,1.7080472666415665,0.9711727091208323,1.7757310381463403
2022-10-27,90.15855445861817,86.47196578979492,6.7382693777193445,3.483137476123943,21.278765453773985,4.77571071917533,20.49583252249302,66.82143176117627,2.008371548878418,0.9448454612886678,1.5177020219948145
2022-10-28,91.20500030517579,86.76402221679687,8.603930973892849,4.572063500501589,26.789597078139504,54.65795541890852,17.937712494103458,79.1543543865812,2.791324682091325,1.3219493462804321,1.207930650359123
2022-10-31,92.05012016296386,87.06341567993164,7.713756613771951,3.949329245920863,20.550465370529313,-6.274894033951739,16.87302021386686,82.66178351121948,3.1314874985610115,1.3715815104090774,1.2411510731458562
2022-11-01,92.79457740783691,87.38374725341797,7.910304007741792,5.6951383587867,17.46614013920467,-15.865206160186052,16.96919107182766,83.23461399392885,1.7156626808291264,1.1043473414101905,1.2093393924278568
2022-11-02,93.26388931274414,87.59151504516602,5.160649688740459,2.3053922285656947,10.583117359480498,-7.017930860618282,17.073565614621554,70.21934203181719,2.545389015593037,1.7917091737954753,1.361660186898418
2022-11-03,93.66833000183105,87.8155679321289,6.129930318895525,3.3007701802372447,8.857530551390402,-17.19020828693437,17.846306234406484,83.17541432068212,3.1593178977838208,1.8326270245642684,1.3746379474258312
2022-11-04,94.17298622131348,88.0521482849121,6.710886424451965,1.4543973444601122,11.164997168506341,2.559680069224779,18.556095355453824,82.96665563780171,2.4040575255409173,1.3975059739623825,1.3218825397958947
2022-11-07,94.83512344360352,88.33436172485352,7.220676934736829,2.5539107684416473,14.97368492108755,-8.742125815922241,18.7979024214248,84.00414404625279,1.6367481699590625,1.442622652143023,1.3347193500803356
2022-11-08,95.55094718933105,88.58275283813477,6.754564192125079,1.8675671242174063,16.326509482307827,-8.414542728635677,18.410364395761256,81.41530001600351,1.8070220947265625,1.41801336580678,1.2600671988407954
2022-11-09,96.01936492919921,88.80805862426757,1.481216778403372,-0.6477488337930493,10.63700180674898,33.16144874155924,16.8471796334428,61.71616962703536,4.325067969217039,2.4746512380631063,2.059170569554503
2022-11-10,96.40546264648438,89.07488250732422,2.559827049843581,-0.5400431392909466,8.471576962525539,3.1957506095437127,16.27160144196212,61.11110430512591,2.8325766999257604,2.4913365824771656,2.099190426055089
2022-11-11,97.06581077575683,89.43422622680664,5.042401303829965,1.4602336689696793,14.880531986735757,1.8474489618647283,15.120255995149831,65.57860144419936,1.7639334708744618,2.8678831651809484,2.1268883581243125
2022-11-14,97.67706489562988,89.76874298095703,4.689795317650361,0.5655407173710048,13.578470718555646,1.6540847706260964,14.117741690646282,68.10712087387117,1.8964465676911508,2.828445911837001,2.1256367175126747
2022-11-15,98.31454162597656,90.12842315673828,4.708249630638288,0.9199925893786709,14.135694827267553,-7.117070902230771,12.846395564227556,67.41349647918264,1.4544782902508455,2.8382090062199383,2.1168914225595414
2022-11-16,98.7632266998291,90.48059005737305,3.1183347213559913,4.51693518912033,9.662721839047217,-29.848558362324372,12.05022189083551,63.32192043927561,2.125588032979848,1.5460695819618742,2.015657348373055
2022-11-17,99.2124137878418,90.82168319702149,2.7878372061700083,3.140402289653066,9.66050323152501,-8.572584798763883,10.991676573284474,57.96441083083619,2.166988325797968,1.5378929709737763,1.987649408095283
2022-11-18,99.53105735778809,91.11664367675782,1.5706685282712802,-0.8492506249001552,6.728010158404918,24.05540041365213,10.20709342472829,55.07359861521411,2.5606733580430885,0.7591106414212004,1.994682849518712
2022-11-21,99.7665340423584,91.37171615600586,0.32739284510376404,-2.1169575808671848,4.937465420872922,36.05578981511515,9.405823989869749,49.89112319792179,3.3522515548234195,0.7811155885705909,1.9791377569086426
2022-11-22,100.17899208068847,91.725498046875,2.8045210687168005,0.04380789389935025,8.707214931228302,-15.514709388261094,8.508376306899866,62.27320977561951,2.6624635727817028,1.6776536298993432,2.2004033347356993
2022-11-23,100.50937156677246,92.02712127685547,1.9550656367154993,0.6199749564847368,6.892468827628506,-34.83472636872076,7.68043585354247,57.98382637022832,1.6283764318125744,1.6028892239877917,1.5381882731384826
2022-11-25,100.80336723327636,92.37235214233398,1.2997847768987012,0.1326749809355432,6.110036824710829,-38.198792728658404,6.647940252523113,54.3879086664279,1.3691397087648238,1.617567719212505,1.5204227534520993
2022-11-28,100.80309944152832,92.6852392578125,-1.7422477186191099,-2.025336134707456,-0.005407082446140521,222.52662556053812,6.64912868855663,43.52182404267159,1.6756182303972946,2.120074944086993,1.5058199965031036
2022-11-29,100.8308319091797,93.01147384643555,-1.1162658681092845,-0.3875097746385059,0.5594006651188588,-37.20232017553388,6.550600207917926,44.440198010086455,1.8183482174624528,2.13216877347751,1.526014584320722
2022-11-30,100.84543037414551,93.36574081420899,-0.41504160355124503,-2.4873187937428654,0.29157593252451264,60.228184761852056,6.529050593985708,58.863729034713344,1.9040801296133687,1.5117973356325738,1.5296470363584165
2022-12-01,100.9385757446289,93.73693115234374,-0.9894694880758228,-2.4733753221153454,1.899435221888357,-37.82607381434574,6.0621196132746,53.354932538482586,1.7057755754443202,1.511796602350705,1.5052944449055186
2022-12-02,100.92266693115235,94.09796447753907,-1.8139729106802844,-2.959093733649143,-0.32006422159520653,5.904169242202206,6.1355149296958755,39.49804572708115,2.284727946737295,1.5167317943236058,1.5147117950433
2022-12-05,100.7168743133545,94.49095520019532,-4.309008127742756,-2.6955763514393105,-4.095667743411758,26.489992392644467,7.354988382508656,31.705926663935784,5.072529945106206,1.4129680833289002,1.7002757839759355
2022-12-06,100.31763572692871,94.86204330444336,-6.598586658619213,-6.024958197422025,-7.852622973255253,9.89905483805742,9.60737065181276,24.413333885125283,3.744704940796909,1.5164538733345128,1.849453203773304
2022-12-07,99.89191818237305,95.19748626708984,-6.408197916854041,-6.906749994226324,-8.346993892819288,-5.355946596216443,11.26773294276473,25.68277583912885,2.392663474220845,1.247802210912311,1.3941806145633138
2022-12-08,99.72909507751464,95.49098541259765,-5.558996897872882,-5.758126839027877,-3.3419621937840205,5.31909060548208,12.223683542510335,28.026383948316308,2.9592070690192074,1.55865324294601,1.4911584485376037
2022-12-09,99.45500297546387,95.77183090209961,-6.096796619813547,-5.7527609139416676,-5.54431113873215,0.8017492711370311,13.510591157901914,28.16968710485942,2.559391416894381,1.558945834935626,1.481735067661323
2022-12-12,99.14156341552734,96.12319427490235,-3.4799694613558625,-0.7112785193982285,-6.148269229546111,-4.15528072794884,13.739236977172345,38.38085736185748,2.497880683715743,1.9378526043333864,1.6133434621266105
2022-12-13,98.86555709838868,96.4129852294922,-2.1521793757973535,3.244146579860785,-5.398238473791606,19.066584366978233,13.605899907466062,31.71498573214646,1.4172534008959818,1.2726922776322123,1.6480992771534149
2022-12-14,98.51964569091797,96.62857406616212,-2.5319195515709034,2.7110318046196458,-6.72041699838185,-27.598918754345757,13.301071621368067,31.35099335410669,2.395268714716467,1.3771498615207232,1.6126711461645913
2022-12-15,98.18275604248046,96.75686462402344,-3.1345161261897148,0.9768459989224709,-6.615862965600183,-12.684900524512289,13.292402619446097,30.368840232204874,2.3425655951361857,1.5185574369648231,1.6212029720208643
2022-12-16,97.80572738647462,96.81919265747071,-3.4435673902047625,1.1203249537905302,-7.394292252593592,255.3286343727018,13.236873554557974,35.08458247970678,2.340023542548774,1.4954147664757846,1.6181904745097861
2022-12-19,97.494091796875,96.90843154907226,-2.70010540001671,-0.8671815253005644,-6.165241829828583,-75.06969298454482,13.142044928271154,34.08415168924108,1.7305312603510477,0.8950256908409552,1.423221959050098
2022-12-20,97.30106697082519,97.06428253173829,-1.098036217342344,-0.5221609234853819,-3.856903332016959,7.853149267876947,12.967007072515942,36.78225477599194,2.287001954795437,1.023838028607683,1.158002258376048
2022-12-21,97.02505950927734,97.2598797607422,0.45691729747691556,1.5029139814540127,-5.359964909767168,-7.59264305177112,11.782510160970654,42.56241458862945,1.323332137783794,1.1055166378765462,1.184115769957249
2022-12-22,96.6764419555664,97.4084553527832,-1.2147708935872865,0.4172673516916081,-6.80399335175964,-2.597785542630515,10.62897082194208,39.877864145588966,3.862867466360008,1.4542716672042717,1.4029740359107394
2022-12-23,96.4721435546875,97.5459814453125,1.6123643837439856,3.801346260314853,-4.001394775479472,-12.666313479149327,9.359581815792685,54.704427799077344,1.6930404239270065,1.7397227462155067,1.5546194953627028
2022-12-27,96.4892807006836,97.75870758056641,3.0058488770853242,4.773218861697348,0.3460411776984973,3.663102067698487,9.448173252769681,67.53752711741521,1.4883377378274427,1.7483524528993344,1.436326986558182
2022-12-28,96.39186668395996,97.91319107055664,1.4162447274624925,1.584020749982873,-1.9540390487958414,-10.533267570075488,9.019932175946082,62.08477567351116,1.937625509632368,2.048852660105833,1.5438361656032387
2022-12-29,96.29535484313965,98.07924591064453,2.285975504064943,1.054966992752293,-1.9220320482510767,-1.5707197652797156,8.401815221959161,62.181444602088405,1.5842522026384085,2.000557200820791,1.524344251913861
2022-12-30,96.27280540466309,98.21163665771485,3.340533339841133,4.174555531376334,-0.4512603410011251,12.014429466489474,8.234831337416542,67.0362118464213,1.713508012109085,1.5617375372871154,1.475048472455435
2023-01-03,96.12172393798828,98.27315216064453,-0.05346988910891102,-1.9966802807791062,-3.049318453446248,28.3619783721482,7.771961023330406,50.996273953870265,4.253120541207779,2.0785138601663036,1.9053020306049278
2023-01-04,96.1203712463379,98.30572082519531,0.23881611240305173,-3.0583485591755055,-0.02807084651017533,19.227264924535525,7.771301294521067,48.93717368771608,2.2467717026170275,1.8939399636224978,1.9035533875163304
2023-01-05,96.36075019836426,98.36816162109375,2.2259254285142243,0.7658348140321181,5.130925359386818,-11.694280777920529,7.673517398057084,56.29868798886573,3.3330275800414,2.1411319934988935,1.9774630293550144
2023-01-06,96.67103233337403,98.46729995727539,3.1294345949397213,1.2179562254573062,6.637715046002124,2.5177780843565367,7.705393450190826,61.50019282831556,2.0989774002049275,2.1811996015244794,1.9732265841223549
2023-01-09,96.85368423461914,98.50672775268555,1.016493666650005,-1.6591156577353106,3.878570797317149,9.887999217034405,7.363821079969463,58.038366410291815,3.530931859456533,2.3099439130975705,1.9541671171575352
2023-01-10,97.14908332824707,98.56804244995118,2.2134354606994036,3.361170826540061,6.3260425903042705,-15.920198612827452,6.854262567191238,60.00000687679161,2.1073664928679245,1.5802369808078236,1.8278787560242493
2023-01-11,97.38720817565918,98.5960774230957,3.1490337542151208,4.259517766447218,4.976929587724022,10.63119844285847,7.318187385513311,59.60593202683372,2.1190630799584844,1.5755856897062326,1.8120572165480955
2023-01-12,97.65644989013671,98.65551712036132,4.573356263911403,3.671827893862245,5.566422516265468,-8.097352546916891,8.450390327743687,60.38648050350274,1.7664723356620895,1.4657608651026255,1.754959146979208
2023-01-13,97.95816345214844,98.69400848388672,4.186802981071236,2.3703888273957086,6.284049153454885,-21.787032876872892,9.167892407969834,65.99209899183256,1.1754257036894296,1.4726736078459939,1.758249129484465
2023-01-17,98.29595527648925,98.76969100952148,3.6268867030088816,4.111729958121768,7.103540463140678,37.72083187638411,9.363044471582773,60.54585852157787,1.2485642949606497,0.8782011133100486,1.7509033375530347
2023-01-18,98.56249122619629,98.7768571472168,1.2235374789971196,0.47233375486051,5.644692526931161,-0.8614331830107291,8.656621370536088,51.001919698724,3.363168972223105,1.442269106024651,1.4576814626241272
2023-01-19,98.83985137939453,98.77517761230469,1.5874166363505071,-0.04490874024489777,5.847677273372853,-21.169289682128333,8.020188535725334,57.401831217583386,2.290689390364637,1.363212592538995,1.4593097089080167
2023-01-20,99.14021148681641,98.78631774902344,3.1265382943612927,0.11480404383368281,6.242373195253803,27.75061881188119,8.152847397634508,59.848108949191456,2.496693311999292,1.4137414510362623,1.4070728455723607
2023-01-23,99.35217781066895,98.78037200927734,2.370891617427015,-0.3446700864310315,4.3494375429733,0.41657584344498844,8.286032495321786,55.9824972158215,1.7293339050191912,1.4359740051745695,1.400387581154628
2023-01-24,99.709814453125,98.88463516235352,2.9535338019457917,0.7792374128632096,7.489612262499246,-18.097730397240785,7.917244036724867,70.48253647894902,8.039710124564065,1.4967260714021156,1.2062340538830052
2023-01-25,99.9141128540039,98.9494415283203,2.201371896666685,2.350596844851527,4.168180116910092,-12.282264595450199,8.013092134659827,67.64218490927345,1.9962919834882675,1.0062084788358097,1.1882472401441402
2023-01-26,100.2555145263672,99.03458908081055,5.946926321407694,5.785131879251315,6.869967546349587,76.41820608156311,9.740624257814185,71.09029855822251,2.9211976723868363,1.8931911178172551,1.6685880792590346
2023-01-27,100.58158226013184,99.07499801635743,3.6754083060400218,1.9938385694449057,6.670984086965914,-27.785838998653645,10.03843961196816,62.03791153814087,1.972146671792955,2.2382900262446683,1.7765083473807837
2023-01-30,100.77821426391601,99.06471496582031,1.6383192441275494,0.7094573991377917,3.992664067781715,23.01109412880784,9.947998723659463,62.06729625810605,2.060581532403843,2.4310471313454625,1.8860679867105967
2023-01-31,101.03572998046874,99.1206379699707,3.5664758572920396,1.9330492144764788,5.176776429809382,49.21621028165015,10.406264842281395,63.50360738556097,5.1461090516079455,2.5846903698274355,1.9953892931459138
2023-02-01,101.40689544677734,99.15094482421875,2.0577906748745773,1.351478265508388,7.726953263665481,-30.137679546906515,9.486823971591727,57.690525899662745,3.521004872532795,2.6478309001313574,1.8905867952708921
2023-02-02,101.60217514038087,99.13416793823242,-1.3254234825919133,-5.613116874553503,4.053551662207666,26.186623101069095,8.32178767143674,45.62366595899309,4.714347990854054,1.9812611051586229,2.1861733479685963
2023-02-03,101.72439346313476,99.1513053894043,-0.7612317375974781,-3.1917751672632777,2.4814475032984618,-17.651178034451455,7.834912003228086,47.47432150733767,2.2784159162588056,2.078853093921835,2.1096248438869654
2023-02-06,101.77851257324218,99.10710815429688,-0.9823697392651866,-1.6114648338909854,1.0856795296261046,-31.500103823677726,7.658738987498491,47.532920936192085,2.479187827657491,1.9795813341719386,2.104896076214902
2023-02-07,102.06940231323242,99.13074005126953,1.5544210619403558,-0.9395664479468158,5.946343094522044,15.576101391535314,6.8741469546234475,58.55500042477071,2.862861963059444,2.208232564019872,2.2868281900157537
2023-02-08,102.24213180541992,99.1435482788086,0.5006484290479704,-0.7146638901335045,3.4789629156229296,15.27730074375675,6.388285059777638,55.10204284876784,1.7380647724354967,2.1868813658669954,2.3001548663991502
2023-02-09,102.37652702331543,99.22544845581055,0.7475752403857779,2.8789962415218584,2.675757376448562,-5.527717135164711,6.20436804501478,52.09384369891665,1.801484552761015,1.4048876640784456,1.8531478044620482
2023-02-10,102.64486694335938,99.3811311340332,4.719728185232664,6.4778487276373475,5.255249052009359,42.88761590201442,7.614777328167273,61.40164421055352,2.9118013297182834,2.1584380934143734,2.2373203265079655
2023-02-13,102.895458984375,99.51401992797851,4.058352659019914,6.244027864690693,4.910705875844901,-41.66526209337603,8.486193854877508,58.895071090193014,1.935482784576084,2.1971677634386837,2.133410019077452
2023-02-14,103.09325714111328,99.63156356811524,2.642019737461503,2.0847909799197595,3.883686249778129,-16.9040051732915,8.77692820955499,57.250517336099236,1.5375373163378274,2.1940710616537773,2.099349360324265
2023-02-15,103.37977905273438,99.75970199584961,2.0498200380062417,2.671305157722581,5.743738418941735,13.116979882440605,8.435871039039288,48.3479113597074,1.680018052355639,2.1231799020140136,2.062502018760734
2023-02-16,103.6188289642334,99.93595947265625,1.516153873756381,1.9855964315732777,4.7615306346754815,-16.853784563139484,8.098554399713107,52.2648083623693,1.7108750281742933,2.1573986664900184,1.7185347471860373
2023-02-17,103.56409187316895,100.08490020751952,-2.3357183813844733,-5.902254363626724,-1.0707582481741418,82.72186328186892,8.30182826625337,47.123098112102035,2.884614593534541,1.5237392022482783,2.193823074161775
2023-02-21,103.53096351623535,100.23599014282226,-2.401040523885516,-5.628189207222545,-0.6514423900983557,-30.295833473839384,8.439476584375152,41.10770617769523,1.4122512554495874,1.5672396312159662,2.1931812737793437
2023-02-22,103.38503952026367,100.34701293945312,-3.5292745737420153,-5.746433614816127,-2.8430044755297534,-3.4251593016987547,9.046017050216657,40.778112336995996,2.123395388475086,1.5688032651968007,1.9858421887521702
2023-02-23,103.31207466125488,100.49227020263672,-2.5725722718949804,-4.592069293862744,-1.4290919771047017,-19.21023629936023,9.298923016107203,51.10454985192789,1.7428213314127354,1.8132913457559334,2.015939567900377
2023-02-24,103.03436241149902,100.59170867919921,-2.301146183395194,-4.303132618344652,-5.229117497445457,27.119244601130266,9.196815650784922,49.174712475019035,1.7516952066873597,1.844259505891732,2.0078065054063945
2023-02-27,102.84452476501465,100.66658508300782,-2.297557027205778,-0.6560011417111378,-3.6409785385895788,-18.399414674935542,9.395544049523188,49.14524135472304,1.1759412174318682,0.788066091580301,1.2753099394325966
2023-02-28,102.7180549621582,100.74407867431641,-2.743595445061235,-1.133410282804026,-2.469407165156212,54.62192049869774,9.747887524360724,37.54700983551485,1.9470469641938364,0.8123388876742553,1.2721616581716213
2023-03-01,102.52563018798828,100.85778762817382,-1.6922410237757808,1.0571395088182722,-3.6778735980399047,-27.100016568178052,9.736761627213648,43.485839463802655,2.3627042663926696,0.667962366617746,1.3491830356955217
2023-03-02,102.41365814208984,100.99411712646484,-1.1321360804132117,0.5959996846803373,-2.163844059447162,-21.66742424242424,9.765049025258184,43.768244723481175,1.3734279697845777,0.5705624325047954,1.3812917618218623
2023-03-03,102.52767143249511,101.14759979248046,0.007910476989415443,1.8600513318324907,2.2744542124915723,25.791351947310904,9.55074544953189,29.495863070801477,3.031651336188955,0.7559953163454415,1.4793107834194794
2023-03-06,102.65240478515625,101.29184051513671,0.7718254286779436,2.9488867625600212,2.4711898820735545,10.307764459855306,9.456719102270377,35.57481282228066,1.7309495066936968,0.7103997080788739,0.8012070912173656
2023-03-07,102.68572463989258,101.37137420654297,-1.2082071630389009,1.546729750655218,0.6612481454300712,-19.669765950625195,9.365575980210519,33.58360233813585,1.791954116174875,1.2881804388548073,1.0543072796468371
2023-03-08,102.50110206604003,101.46060409545899,-2.4756445456264076,-0.8206220471201231,-3.5622171527729396,17.218640729525482,9.626461023015455,30.885145630863292,3.0460068847687447,1.4445337620023089,1.0786345917557814
2023-03-09,102.32294845581055,101.48387023925781,-3.0609118243148403,-2.037706107557591,-3.4675750007072237,-4.060755895720147,10.0619412999084,29.926977484639295,2.9322868671991027,1.4180324003452178,1.055641082562611
2023-03-10,102.06405029296874,101.45535629272462,-4.017227365293526,-4.458810810167291,-5.020234098485455,21.869117057062624,10.746698775234849,36.8816041247051,3.6092034085230136,1.084242743043144,1.1081586479745527
2023-03-13,101.53142013549805,101.43695251464844,-4.62378800519808,-6.387837657640438,-9.910373121901884,31.337009439277775,10.504626726185341,34.001381769116904,3.885863857773888,0.4272183428175997,1.1417957975050932
2023-03-14,101.03787384033203,101.41102752685546,-3.7980610811729023,-4.184209987990939,-9.219019567549003,-11.964464753971926,9.87754864193987,39.6127946759267,3.787173143162081,0.7280769444911418,1.161450309694202
2023-03-15,100.36527023315429,101.26854949951172,-7.971224523533166,-7.601381454618183,-12.712581128602697,40.90289374982889,11.623382377536734,24.29546409469259,3.9165475496633273,2.018514231089833,1.8108929096032216
2023-03-16,99.68175888061523,101.18371597290039,-7.878179057612661,-7.42233343286296,-12.957698932791839,6.728116329496614,12.979546182470674,23.471659487745256,3.622689999338487,2.0387968519568087,1.756064979191937
2023-03-17,98.95961723327636,101.07165786743164,-8.298941079348166,-7.366885183980932,-13.730253410276772,57.288131890537855,14.301219660805389,22.268270322926412,2.473959646737008,2.040972533597242,1.5726627881023303
2023-03-20,98.5583267211914,100.96393081665039,-5.518570374579751,-3.838938858528229,-7.934945095130274,-25.827613745529465,15.127154498324954,32.471845272163335,2.9087393320656725,2.7678773984032756,1.890456396866021
2023-03-21,98.37063369750976,100.91583068847656,-1.0972289220176994,0.09350679931714456,-3.7150330609144855,-1.4037781543656647,15.003567923972996,42.265959050484916,2.942826512459382,3.652155244093687,2.5297215557761605
2023-03-22,98.13703994750976,100.86035522460938,-3.1309456059927308,2.9226389622198035,-4.684227419779763,-52.669796121206744,15.269343822287643,37.308994982451985,2.5050223141014434,2.829000229815789,2.581757815629794
2023-03-23,97.80391960144043,100.75420471191406,-3.8976246180741034,2.3557337407720924,-6.6190983676142405,-3.7906197542918685,15.56720729672438,32.33083442280025,3.771389380497024,2.8963858799886104,2.5888059125389016
2023-03-24,97.47579765319824,100.62714447021484,-3.462239433800634,3.695917900140011,-6.519191229568966,-6.842116238817175,15.715269932629603,30.015547582324814,2.8397516146785176,2.763773358591488,2.5817486375439276
2023-03-27,97.25992774963379,100.50797622680665,-1.1265818175022135,3.2698897654181547,-4.296704576636889,10.478599570200565,15.51534266325478,38.7359470291445,2.429111172678296,2.6986779412799096,2.6840871345611252
2023-03-28,97.13313369750976,100.41406677246094,0.23768649911954723,0.0747481035178188,-2.538422331072099,-25.383799701470355,15.325041925135933,44.38774602593137,2.2964890042921176,1.794817604572685,2.713000807794794
2023-03-29,97.0454216003418,100.35757415771485,2.0516020617239668,4.17820332185046,-1.740480841781955,28.707592599297584,15.047309821136793,49.67886393877011,1.53267787479068,1.338231666276903,2.089580855024869
2023-03-30,96.95861892700195,100.35256820678711,2.6398104691656,5.879499549705147,-1.714549650795416,-18.572905458151357,14.707201785510456,53.33327879233135,0.9589944946973674,0.8556024225147323,2.0425416398076335
2023-03-31,96.81546325683594,100.33784454345704,2.9511868291283045,5.920998864926208,-2.7923065990950735,24.527128569207648,13.97306358362378,56.346620770200055,1.0213341964117382,0.8438223190167661,1.938052248367949
2023-04-03,96.92089881896973,100.40411544799805,8.906762811050159,9.76371334663446,2.0384912894329643,94.80995977250659,14.9556818570072,64.99183754957244,3.211914075395607,2.31848690136537,2.458480616262827
2023-04-04,97.07587089538575,100.46085144042969,7.693610083970497,7.374905919629016,3.055290492131535,-41.73428226590287,16.005464989444825,75.3403417608436,2.1996164607342528,2.658329886879902,2.26777455233238
2023-04-05,97.39444847106934,100.53445770263671,9.17982729661793,7.369697016385635,6.373875484538338,0.6965873331092887,17.92785204701981,78.68438409498648,2.299343952923785,2.658211557465872,2.0116854443799226
2023-04-06,97.6634910583496,100.58362152099609,7.07356847470004,5.078111524019913,5.4247415267906,-4.256803907885553,18.999811585694758,76.61888300700944,2.09474454427019,3.004951960883787,2.0839049336393356
2023-04-10,97.97070655822753,100.54143310546876,6.264636634171827,4.450113500184005,6.272014142944182,-17.56496387374825,19.835257879619263,72.83716818144194,1.754847319857133,3.0599722022725953,2.1201852344650396
2023-04-11,98.3710880279541,100.55275482177734,6.5805553299392585,-0.6716613551751793,8.269198830562319,-9.595897467439606,20.674843002505323,68.31203422654552,1.5778064316425162,1.3427821482925015,2.0817976826879385
2023-04-12,98.74783744812012,100.59887680053711,6.063469121644029,0.1825750511316615,7.752014285433972,-7.139516094739973,21.34333317269804,76.1296464106346,1.4405935818407434,1.2630875767395826,2.099582097894685
2023-04-13,99.39090118408203,100.61061798095703,5.871063311487083,-1.0428229402966172,13.924413552570636,13.560765637878935,21.063201457145382,81.33872719781246,1.520257568683166,0.9306963228237053,2.072718098414658
2023-04-14,100.07350311279296,100.65035903930664,5.403215358169281,0.8691685137920402,14.866861662331821,-7.007427599054816,20.31963348824619,81.48891423186227,1.3270149720207396,0.45663410423447043,2.076000120332573
2023-04-17,100.74883499145508,100.73032180786133,3.4787692471309044,0.1396999722696135,14.883836442935783,14.999826551496852,18.49691189903441,73.4704981558719,1.822148232687632,0.7310496516133788,2.1481754523161354
2023-04-18,101.40735168457032,100.83711410522461,4.814540758341744,1.3784211113061273,14.143503640006605,31.490000301650035,17.55213988980112,74.69821321959097,2.488452173731498,1.1254162663932725,1.1875292827248376
2023-04-19,101.84045486450195,100.94060760498047,4.038563450459477,1.162896576280259,8.903226848653055,-38.73285883884584,17.476855454507202,70.6681670146252,0.969378815965338,1.1472916073105452,1.1421540177118001
2023-04-20,102.34263610839844,100.96964874267579,2.702110754724042,-0.11228803159814005,10.56507219257603,59.49956003220189,16.433638476917302,66.34773544103719,2.1186414399631133,1.2207433011706201,1.028231023591661
2023-04-21,102.91525840759277,101.0234553527832,2.4574368942367046,-0.03446513759112202,12.184504417922337,-15.983613773351257,14.630727438756491,66.70174050423317,1.3964271074533223,1.2253669032271768,0.876654474641302
2023-04-24,103.58195571899414,101.10931594848633,3.719704489769718,3.0514459299795904,14.169831360467011,10.590067969235717,12.624925214173247,57.02651847563214,2.546533175925957,1.2609958588282129,1.0185455416092635
2023-04-25,104.06913948059082,101.07768524169921,1.7668550431094228,-0.35916916057793236,10.13232960205439,-23.065067303380015,10.75327765413377,54.901931739816625,1.8108484990907507,1.2650488781357323,1.1433296937298127
2023-04-26,104.44770622253418,101.0349656677246,0.4668696675583588,-0.9608053045047527,7.776318114482428,27.80259117555297,8.85768839373862,44.6527623955139,2.087480378016189,1.3222306993278006,1.1881331535699642
2023-04-27,104.80536880493165,101.04241882324219,1.3208200395699188,1.029047403293748,7.22285049572835,4.58110894829149,7.47259446707258,56.430575451867035,1.8231660099540623,1.3903402009612758,1.2393727687135057
2023-04-28,105.20756759643555,101.08368362426758,2.2380052952746503,2.0084365593887377,8.082923989358504,49.77333038478549,6.120940531603025,62.8032032471397,2.611117486490289,1.4745708600169156,1.2961446914178774
2023-05-01,105.43525276184081,101.0644140625,-1.1465624305323567,-2.9864845220824443,4.568657966720924,-28.820149373100534,3.747189473516007,48.07905802637575,2.485398228852034,1.8598522869018759,1.6260405936266906
2023-05-02,105.16121215820313,101.04296356201172,-4.838866665200202,-5.509777396040317,-5.192453656089291,40.15615096513974,5.904139708943108,38.41985034253867,4.223434686942234,2.4163720532111226,1.8988200836787403
2023-05-03,104.83899879455566,100.98406555175781,-6.4277189378877555,-6.513628496552116,-6.164137437606099,-33.34881866132765,8.449258107825838,33.51554210462773,1.8993749806048832,2.4419315677548314,1.9444010363751312
2023-05-04,104.34136238098145,100.91698684692383,-7.627847512856992,-9.23564199596063,-9.35977786057568,5.95165399110551,11.037483114932995,30.287514248762875,2.678231151801857,2.000656908901165,1.9702085719931564
2023-05-05,104.05186958312989,100.8795394897461,-5.064724534148139,-8.162901246398347,-5.536728629542043,-12.860070325780681,12.049875849928865,38.71814151913944,1.748253147353392,2.4904158896551047,2.216819879060439
2023-05-08,103.80509719848632,100.84972702026367,-4.462526103577228,-4.8486808476499,-4.740689941836496,-25.25620983150947,12.788295245999059,34.258132976202845,1.7688573864719388,2.476803347605878,2.0742804641015797
2023-05-09,103.5228759765625,100.82409530639649,-4.175742288806646,-0.8719408120142158,-5.383617669754082,1.6357103273208384,13.378951666223415,34.855249285767854,1.850837716472011,1.81491414058792,2.0749132809953297
2023-05-10,103.18248252868652,100.78464782714843,-5.09288910030533,-0.176074480127264,-6.500065997099624,30.903718295986216,14.2108040782684,34.1999385568928,3.0629321674300187,1.663179869605086,2.083671452072611
2023-05-11,102.72892913818359,100.69193756103516,-6.399164368726705,-0.23575501963939427,-8.620540770517627,15.325029560356885,15.379347252673616,30.77503413760394,1.786557683421888,1.6785636572112244,1.9999292701706548
2023-05-12,102.26219673156739,100.58977447509766,-5.980856129567363,-2.668390030696921,-8.849627483578415,-26.52118444124689,16.247394245134988,24.549130150150674,2.108152186299751,0.9543601069034819,1.8747708940663532
2023-05-15,101.86598434448243,100.46564697265624,-5.435158401334469,-2.867078300390369,-7.600930424190466,8.73918799996829,16.995097317406625,27.012484038367205,1.2848562653870383,0.9076101101837798,1.770401911608927
2023-05-16,101.25107803344727,100.27658340454101,-7.169853824542362,-5.250506331703542,-11.570389238218704,7.8713289976377165,17.91648018852941,25.351132959689608,2.721421192824478,1.1344812023631983,1.5046260460545264
2023-05-17,100.75842094421387,100.16968612670898,-4.6231535119228475,-1.8659808633128883,-9.299509768376879,-4.937412133664976,17.99408119507861,28.117583868985278,2.270563718509562,1.8424689995408685,1.66431084810393
2023-05-18,100.35157661437988,100.10983856201172,-3.3685726121652264,0.8486543863382545,-7.7414496714094945,-14.640198511166258,17.88359515821076,26.51911011395903,1.6829029641536633,1.7042405646791978,1.598803138011019
2023-05-19,99.95037956237793,100.07442779541016,-2.531240677618497,1.325434726751662,-7.609646330169017,11.278070233890848,17.466017560498294,32.69588804922964,1.1575412499584408,1.7041585632889953,1.370513473802782
2023-05-22,99.39052047729493,100.0399040222168,-3.1721373299483733,-0.09518387643108195,-10.422294683449962,-3.5749573340519203,16.345064317822967,38.51465538436504,2.057734245013388,1.832552332183464,1.3961730118637843
2023-05-23,98.97256393432617,100.05414276123047,-1.4385850151580692,3.7846345884467336,-7.892831057376193,11.740412979351023,15.258409209594067,48.28020210075916,2.3214296854143863,1.281530646212179,1.490636117092148
2023-05-24,98.65778503417968,100.08293014526367,-0.018267342770247233,2.6426149920379727,-5.999483062668309,13.51845162007448,14.210114838762447,57.3261330322478,1.654427771989799,1.0279211955770948,1.4826434755485038
2023-05-25,98.19181823730469,100.17303802490234,-1.3458301107721886,-0.10398731601790612,-8.776123791005796,-12.385329522713784,12.381383693246297,43.531543272090396,1.627864055545109,1.41528758369807,1.4803748443975895
2023-05-26,97.62559814453125,100.26121932983398,-1.421636841263569,-1.2139944863712393,-10.528243595612619,-13.594104704362097,8.672434820387377,40.228310803842746,2.0196199795502894,1.4094560956702173,1.498765973145608
2023-05-30,97.18353424072265,100.35398086547852,-1.850560967769589,-0.8859551278849631,-8.482764895716388,-3.4946605983686707,6.167635636951947,37.960569940177294,1.4513669001757112,1.359295224279586,1.5235797869329413
2023-05-31,96.86389503479003,100.36519088745118,-3.2871668374881904,-3.966162442394583,-6.38814624026317,108.79628078405092,6.323279157656813,36.95125346753152,1.272267613892316,1.1908759703001572,1.4247532250953219
2023-06-01,96.69696617126465,100.31459854125977,-2.00140801066981,-3.9315762943994192,-3.4032303912018724,-45.63168726756292,6.4979710959192305,45.52965876644083,4.179566243531515,1.205566542546996,1.2648577021097174
2023-06-02,96.72594833374023,100.35255020141602,0.24404752350388526,0.09464450109304412,0.6013997118189174,4.132999800765935,6.492869122115988,52.29500133901899,1.5128578307516651,1.6679513780815385,1.4584991352325223
2023-06-05,96.61340713500977,100.40333450317382,-0.08518703143431074,0.30485798794521735,-2.278578680359866,-24.68820861678005,6.184479702476502,50.55951109604242,1.994497184210714,1.6490940805094794,1.4553011409601628
2023-06-06,96.52074661254883,100.46770660400391,0.8276050542782661,2.0280564039539817,-1.8686686812670716,14.883327060594652,5.718030362617944,60.100202739436774,2.1573181848466865,1.5760799804529102,1.421099590320483
2023-06-07,96.53582382202148,100.53445373535156,3.072173329892291,6.214523714489695,0.3039759132697828,31.264230372323865,5.850114237004672,60.277017326607165,1.9902294821797049,1.1397483103355406,1.5295873903817212
2023-06-08,96.59894104003907,100.57097076416015,2.6821375213597713,4.672978384862381,1.289059958840899,-15.660974224906566,6.222226875951796,56.93812141145843,2.99472944879935,1.33291192970091,1.5017484817170885
2023-06-09,96.71400451660156,100.55937072753906,1.8016016726386104,1.5412222704469958,2.3932882052766447,-9.362215268067853,6.42763685926471,53.18314325551129,1.350215994490422,1.229714194106425,1.389497882151584
2023-06-12,96.78505744934083,100.52034988403321,0.808020469451965,1.0732245144743802,1.478020963884119,15.184955434392243,6.4441729953604785,54.159519090890484,1.4095095149491608,1.3145046708985628,1.408116464649448
2023-06-13,96.84785919189453,100.47860534667969,0.7615887471498026,0.27320757213797897,1.3038955533970942,-4.097222222222219,6.464631147038416,50.124876889256484,1.935360307538271,1.27177028803671,1.3627679532862649
2023-06-14,96.9688793182373,100.29577560424805,-0.5743626745218194,-3.1051221948999785,2.5751285121005996,22.86054175471781,5.8556290001856715,42.458150193888045,3.537467754999225,0.48365530562537995,1.2759735544806885
2023-06-15,97.0179286956787,100.14650924682617,0.0652078659824811,-2.1258881904048565,1.0207965261479712,-2.4272749688772355,5.791964483762333,50.771302705963976,1.5015547710410733,0.771634046336428,1.2495298368020866
2023-06-16,96.98859062194825,99.94749542236327,-0.6229508069055507,-2.1044910304460096,-0.6050886358708318,165.8323111913758,5.823150631321912,50.53401936091003,1.72167564527821,0.7694915961679878,1.0416798338114497
2023-06-20,96.82631568908691,99.73955764770508,-2.738325247617959,-3.4767911175162647,-3.3314365648410504,-59.391266644871536,6.3634385494164825,45.9902597156379,2.579822687882009,1.1455302731387635,1.2595889878191417
2023-06-21,96.77589111328125,99.56197784423829,-1.5981934516928265,-2.4145163379791335,-1.0479171274616172,-24.142833488446446,6.5170380439843205,55.36507013975108,2.2143018788347617,1.3964749949468966,1.2910495743994568
2023-06-22,96.63378562927247,99.35922180175781,-1.9942671566157273,-1.768740191426621,-2.9135272410389823,-6.250329301429359,6.749457972156238,49.801824282915,1.2003851182349246,1.3414036624603705,0.9619206668797082
2023-06-23,96.3958740234375,99.14214477539062,-2.6083515370247103,-3.295861112145837,-4.8238478863378065,43.98368565991988,6.926217139147382,37.683302706620594,1.171872002305497,1.213648375397748,0.9667980781294775
2023-06-26,96.33307228088378,98.94990646362305,-0.7461445314542231,-0.7989997226377055,-1.2966147007947626,-20.353972431636702,6.950794088462479,46.679917269381214,2.5985297632341977,1.6479917748173445,1.2210136136209608
2023-06-27,96.3138198852539,98.75734603881835,-0.47880057461770875,1.7815496368509764,-0.4001008397765071,-7.392497584608703,6.966159625454386,44.467521854480026,1.2816871622871044,1.1333790220131361,1.2106045209082956
2023-06-28,96.37616310119628,98.604912109375,0.2654130423802289,1.4730066812825182,1.3071899084289518,-1.0841050841050803,6.906801843816562,37.89635802421465,2.4857710708274983,1.0893851980003237,1.2498209111697371
2023-06-29,96.58336296081544,98.43559539794921,1.2843324080335332,3.2913893787273274,4.42357523344501,-13.143433633188373,6.4848310567476295,44.63644021390734,1.4995371595856368,1.0333459975713746,1.2465075768007494
2023-06-30,96.76168212890624,98.28308944702148,1.6187880808662565,4.736307459261235,3.7635296391857143,19.185350744429975,6.4093031110272785,49.48678840088092,0.997668713122825,0.6283690296517732,1.239137696627266
2023-07-03,96.8396110534668,98.15134017944337,1.7358320987580549,3.039604045719746,1.6074115642736642,-45.388233035799985,6.606515753971816,54.037278317158425,1.293504002876252,0.4301319325232003,1.2024470852671478
2023-07-05,96.9138729095459,98.00278030395508,1.1375763040333975,2.2572907242119467,1.53860988221719,68.86846018656212,6.681052957532287,51.752426850087225,1.702366132711354,0.6594439966046145,0.8754697014734255
2023-07-06,96.76580772399902,97.74124740600585,-2.4880216489920444,-2.3529529729955034,-3.042865993684951,43.79242987062892,7.078458456122099,43.05204301874603,3.1966585445587885,1.9338206338798345,1.5326102430597617
2023-07-07,96.51964416503907,97.51465560913086,-2.011345675544911,-3.3177135201528762,-4.947933080148781,22.090705624283192,6.8428845925442054,41.26679973528255,2.3652601345364754,1.7586782238323448,1.5260343552763045
2023-07-10,96.35920219421386,97.33556915283204,-0.39247328661500436,-2.386939098796448,-3.2350479151124767,-32.15621180891232,6.349077757642675,48.65858584218438,1.9104020950991656,1.9618629314915923,1.5584585787375966
2023-07-11,96.29410896301269,97.15486679077148,0.8935458896481497,-1.3865560209675554,-1.322275189273392,-15.46687637791041,6.071939747357177,60.6418204568145,1.2739512012498422,2.0975618248281513,1.4980870531512769
2023-07-12,96.29731788635254,96.95625,1.3852526058108683,-0.3928560920443469,0.06577879884879234,5.261400230588786,6.0842362810590185,58.94812711239144,1.427368112454514,2.1154301103799553,1.5014443530500725
2023-07-13,96.21021995544433,96.78859222412109,-0.3811829807922304,1.5740324109729142,-1.7850599329091832,102.64688552824404,5.968652621809675,53.870116674640286,2.7836269720915645,1.306892825592592,1.6093410816034859
2023-07-14,96.01677207946777,96.63799957275391,-3.6179130523078777,-2.15200708389669,-4.012944942843577,5.05129199159049,6.879831941924397,46.10037909770475,3.487224279100088,2.137953506748376,1.8500539133996403
2023-07-17,95.81003036499024,96.534921875,-2.988906930756874,-3.1617296841505382,-4.2591507208148975,-35.9471859597827,7.373021907253696,41.57496546297445,1.4302594076991784,1.9483181360309547,1.8451861176770445
2023-07-18,95.61704139709472,96.45776702880859,-3.2341738415641266,-4.76552193142269,-4.004568562313427,36.376881443441754,7.9707700446550485,39.61069706603303,1.8430446334707744,1.6760671544136247,1.8275298420809933
2023-07-19,95.56661720275879,96.34545669555663,-2.5115515433080313,-4.573192817194583,-1.0708627532184045,-36.807919472901716,8.195921481207579,39.0877904406819,1.574491665888984,1.7218257820012948,1.8739438696778135
2023-07-20,95.54553146362305,96.25815155029296,-0.7724286801706401,-1.0809004045963522,-0.4428417662877049,1.1808568765467875,8.223206843654838,40.76365653164678,1.2571347120396197,1.9771171236003626,1.6036901351627404
2023-07-21,95.5725772857666,96.17910232543946,-0.34006727855657065,2.922531565256836,0.5711493798228995,8.77561911538609,8.185502038342817,40.52991123426266,1.0780586425714096,0.79240079870118,1.608131114130702
2023-07-24,95.71559867858886,96.15539123535156,1.0723016454420329,4.083646722617762,3.0468483345306385,-11.85994217796338,8.065651323839013,44.937344403386305,2.084917217234656,0.8960263385256007,1.6166446346466807
2023-07-25,95.77931709289551,96.17006164550781,1.1582245071130421,4.71662197305982,1.3328220168657756,-6.4595219635674495,8.133105961365775,46.72348024706902,1.4666875642385602,0.7032613142761917,1.5680822521781932
2023-07-26,95.80407028198242,96.17409545898437,0.5674730315348121,3.414664265871181,0.5164840876433541,7.392268402745805,8.148220134647126,57.0591843706873,1.027692329136833,0.9771025395274977,1.5654887347691635
2023-07-27,95.80498657226562,96.18051300048828,0.8823102757530645,1.943699850562619,0.0189645393117166,16.611915881685533,8.149868290738953,57.3091363194738,2.1343199004748308,0.7676701874127062,1.447666253531501
2023-07-28,95.68855133056641,96.21058471679687,-0.20215769783436632,0.2598946563957538,-2.380509131090136,-0.6307310257440135,7.916605627283543,48.25543906705485,2.7265782137431755,1.0377429767406028,0.9132263857428647
2023-07-31,95.68809356689454,96.25495849609375,2.7493492321314776,1.6300422660215474,-0.009310947952234638,37.74592403679753,7.913840243257159,53.73749425712978,2.489740975505321,1.5849623034818932,1.239146528666944
2023-08-01,95.64958801269532,96.27054473876953,2.1964391623796375,0.8894915425071703,-0.7816753127979137,-41.40843906269372,7.693002376623046,50.38036616238468,1.678860316466018,1.6386275198614506,1.2511361281241713
2023-08-02,95.57532615661621,96.25275894165038,1.0000268095569858,0.19032362538988767,-1.5152953974866712,-4.890177324474165,7.397637411411427,52.276909458188115,1.7190593055895924,1.7427526247701257,1.3724340012012326
2023-08-03,95.76785697937012,96.29218200683594,2.5488854316096416,1.6126037701176044,4.0808475285470935,20.737757803635404,7.670236390107049,71.02039822765886,2.4085083415874653,1.9054438435368095,1.3698021611047366
2023-08-04,95.96313705444337,96.31088485717774,2.6268054593354697,3.1297858427137504,4.1294900434935,-12.28962433355446,7.959125661846393,70.74174136243019,1.7780637360567415,1.7138767390123737,1.3695059390049475
2023-08-07,96.07819633483886,96.3037336730957,2.293972434491204,-0.037317098494338286,2.397542403976227,-13.087201322165887,8.237741868750028,71.92738079464814,1.7817127678063518,1.1215509076186605,1.3065069321914469
2023-08-08,96.1588752746582,96.34168960571289,2.7134723964904373,1.041065846624556,1.6608372388144055,13.333548199954869,8.55351639229181,71.5900730483345,2.7012007532088145,1.0859203197399223,1.3105874141146214
2023-08-09,96.299605178833,96.42585281372071,4.305595945759586,4.055451382233999,2.8828856003570325,41.61926970765555,9.343950003748901,71.67012865458673,1.925885959629676,0.8747768299399074,1.3589439474570923
2023-08-10,96.55539665222167,96.5373371887207,4.561025006821137,2.8006049827565382,5.337691524953403,-20.49438743749874,10.251336273999193,71.82902535800017,1.988734796031128,0.7011597466807884,1.3585742804591827
2023-08-11,97.05460052490234,96.71428176879883,5.638522696620462,4.1053859005264925,10.788585657528182,-11.303765817189904,10.818654373549155,71.98606833497935,1.806310122500116,0.8000460233044948,1.264528232309527
2023-08-14,97.53776092529297,96.87123977661133,5.199837233761142,4.402996573913542,10.396542956734024,-7.642913077525448,11.141291880170288,71.84874169947062,1.072198532227706,0.7152135364607911,0.9983173205740428
2023-08-15,97.9102912902832,96.93150421142577,2.1090081935838096,1.2221631294013102,8.052567300771397,14.924383739035264,10.192643355589997,61.943947753031715,2.6719668008488293,1.719759212463007,1.3561311178504558
2023-08-16,98.1666187286377,96.96674133300782,0.12870199015108247,-2.143359207245643,5.502571836336689,-8.14575843751677,9.091878562870178,54.95821502508945,2.86816170471416,1.674444989468902,1.4146684699678995
2023-08-17,98.43609657287598,97.02429153442382,1.788948108646817,-0.7550023467953526,5.684736223314335,22.010792181145078,8.644345813264662,63.57837471506773,2.51845324585336,1.9685490491963071,1.4400510739149845
2023-08-18,98.75936660766601,97.06851943969727,2.990703983565291,-0.7940141794890221,6.787995696030458,-2.9055327807534614,8.539607418688759,60.60233406356234,2.3445966741137085,1.9600504058110162,1.4983110716794592
2023-08-21,98.94644927978516,97.09439453125,1.5535300073428329,-2.0718864358219125,3.86766352038721,-31.629684418145953,8.432307321703723,58.19915938921597,2.612458827341489,2.007373227431375,1.5702681459819907
2023-08-22,99.0980052947998,97.1236619567871,0.8292514256563186,-0.055464179396869095,3.1284573511011216,-5.171108146118064,8.226409973395723,60.58188956868127,1.637376778395316,1.6316159404837978,1.5861324212542423
2023-08-23,99.23270187377929,97.15315322875976,-0.19251491356864256,0.7617056139055611,2.7960508342644186,8.715823097691743,7.791922685124278,52.7372925389243,1.474570049980899,1.4543985554523904,1.5100131586228898
2023-08-24,99.31529731750489,97.16748825073242,-1.02008920768547,-1.891147739706689,1.7091609143121689,-5.396306271642937,7.452667222058052,49.42043846846054,1.598492687008226,1.0823329531811343,1.5030038720789018
2023-08-25,99.54346351623535,97.24041839599609,0.5173318250027582,-1.6266690829586872,4.778594417793447,25.519249433840187,6.516890506006052,55.15417312375471,2.1339469363452555,1.202057042930215,1.5357235724013616
2023-08-28,99.67249603271485,97.3167854309082,1.2310795639044227,0.41392988680537535,2.6247756046588355,-23.54465988673937,6.5088703218527515,56.05993954159902,1.465736918692016,1.1730605238467204,1.5713524248628468
2023-08-29,99.85999069213867,97.4191047668457,1.6426754172809772,1.5818583099463712,3.836189301728421,-6.907080455784476,6.427641114050703,53.19363186838575,1.4570608411746333,1.1261236842186912,1.3323815421738037
2023-08-30,100.15790557861328,97.58539489746094,2.3278214324807696,3.4810992706670874,6.17241222601812,23.353336782203836,6.006705927613175,54.50428031504269,1.046172494091652,0.9190871751558785,1.1804743488568896
2023-08-31,100.38625907897949,97.73632919311524,2.3804860190543087,4.551014714003032,4.650364076472546,46.616787310960326,6.1317403145774785,50.79247090694347,0.7194850299466947,0.5640550902488038,1.0541999207709247
2023-09-01,100.708544921875,97.94078857421874,4.191376130842451,4.868340559360962,6.5449446340785755,-15.081980343024515,7.0546038742321695,56.526238528959816,1.427063772452093,0.6891404858286592,1.1434860260665078
2023-09-05,101.0413776397705,98.16193511962891,3.8573112159567278,4.003302809316045,6.77300071533673,23.313234749216825,7.584037036785358,66.38193123543645,2.05232260733503,0.8134802016395495,1.0211923681988169
2023-09-06,101.39520645141602,98.36654327392579,4.3882642476179115,4.28011247265454,7.164838458380318,-27.198972902097907,8.350514694005316,76.2700411638405,1.1876630474070493,0.8061908329663243,0.9638515149819773
2023-09-07,101.6392665863037,98.55603149414063,3.6283351016844714,2.7687516223444897,4.859535144583127,-0.5778394806949083,8.960633262293625,69.75088194430158,1.8867938424390445,0.9915005820661029,0.9042564973048302
2023-09-08,101.93437461853027,98.7606217956543,4.833598561235637,3.9751844102997813,5.8460784864193815,7.809940748009203,10.007221087308132,69.79389650181938,1.496413240896293,1.0488647745789388,0.7959907055899931
2023-09-11,102.08408241271972,98.91456954956055,3.3669496687902374,0.563790527897412,2.9203571103012527,0.7029237145737666,10.469050693974534,69.20368992657491,2.7242471185937776,1.0736697104981345,0.9588624531570005
2023-09-12,102.38356437683106,99.11999267578125,6.070935973064594,3.4880758696070435,5.837310819249941,40.06090269473568,11.891073868530402,77.76462583174535,2.042728376471432,1.6391297904375728,1.2208900623806602
2023-09-13,102.76623611450195,99.30215423583985,4.731540415137267,1.6854562685842955,7.655331181361813,-33.12352947016252,12.462869410967022,77.30746853556766,1.7691493605304285,1.7775291559569069,1.3273027656700807
2023-09-14,103.32915077209472,99.53285247802734,6.021634218295125,4.010530348527319,11.453814213656187,12.899323080577151,13.00631699325879,83.26958928070985,1.1221750495488991,1.8009749087886937,1.3769374535622396
2023-09-15,103.71274604797364,99.80306686401367,4.0074406364904975,0.9428091020577956,7.656816439161407,127.2637025251961,13.193427566386934,73.20151083379157,1.722366914132759,2.013790467676815,1.544592832968975
2023-09-18,104.06399002075196,100.08625778198243,4.491329183925892,3.0483393133116987,6.906572159245439,-59.36953981092559,13.693102301038879,73.24564063067068,1.3090793297495196,1.844487614121587,1.446895577358208
2023-09-19,104.46237487792969,100.33566360473633,3.8185368950621426,-0.13618498677315793,7.929349851350609,-10.554420339900183,13.732651309775687,71.00561456836625,1.9006185056999076,1.3289035889887855,1.4569037031285237
2023-09-20,104.8459701538086,100.54440643310546,2.6188057359243313,-0.03435857565095013,7.67806509815272,-5.436642813363157,13.29088954135724,65.54053991249646,1.460478458725983,1.3129707658151246,1.4845740049210299
2023-09-21,105.19767608642579,100.71329650878906,0.8347206156262478,-3.1724616205108136,7.102181404757157,21.21819207232385,12.21067721786992,59.350437150885746,2.413736686038657,0.9549689421618262,1.5569384312201546
2023-09-22,105.59467468261718,100.92127014160157,0.6131842644009898,-1.508133548140067,8.077105613533607,-8.35590183742344,10.51262201295003,54.1912686896603,1.6269381476090778,0.8521423669977941,1.48182679092479
2023-09-25,105.96348075866699,101.21910186767577,1.3882842319934132,-1.1985627490837203,7.371813909703495,-14.255188561296627,9.34124021105266,57.40947786914656,1.5658604854678764,0.9599191244019478,1.4573052749308353
2023-09-26,106.29854965209961,101.51219314575195,1.2252020211209356,-0.7841192323845392,6.6416334690726275,4.324849770236838,8.241546878784243,55.45351510453487,1.168284999199115,0.9751628957832079,1.1011174190468807
2023-09-27,106.77873802185059,101.88378341674805,4.050802307872693,3.2646121822911045,9.461805659953049,103.09519372490557,7.99750041510807,65.13318304274492,2.579033737792813,1.7132137382432797,1.4799526188839116
2023-09-28,107.17573623657226,102.22904251098633,3.03579050922083,4.1042207520157525,7.747107583575996,-29.896730924833793,7.580124949515062,59.78698673627026,2.100941224733971,1.4952966957115554,1.4098050489429665
2023-09-29,107.47105903625489,102.50654022216797,1.1271284657156573,2.296857685607412,5.7469248123828365,11.93174719331751,6.588800547853305,58.482124944830076,2.083685074067672,1.8477339975570575,1.4158046774784687
2023-10-02,107.56857528686524,102.7391877746582,-0.6401790089462032,-0.5162316777664544,1.8586982720918188,-23.486201471276104,6.224859655817078,45.047895519862486,2.802039211908528,2.012934899513099,1.4888275434602662
2023-10-03,107.67487335205078,102.94564498901367,-0.5665704515097646,-0.4982320660421924,2.0259047445113865,-7.626953803403957,5.802557662095163,48.29893485480273,1.2173043596821744,2.01349641985441,1.4919259228459056
2023-10-04,107.53576278686523,103.06912155151367,-4.159805007865418,-7.2379385030503895,-2.6285788590957204,47.567514721255,6.821141665496694,32.60660432691641,3.219727657301001,1.4693298949283273,1.8800714681881865
2023-10-05,107.30652961730956,103.15701522827149,-6.117161051506761,-8.77207842534694,-4.352786957538668,2.5817696282781855,8.725901004970748,31.528571733667462,2.018538050057208,1.4071089310118154,1.9472928579172326
2023-10-06,106.91646270751953,103.20521224975586,-7.348099273837703,-8.853559920700393,-7.3004217242122476,26.025893247486188,11.153768820047741,25.93107719537801,2.9485827066389936,1.4040723241055677,1.9646992000009105
2023-10-09,106.76672096252442,103.34583740234375,-3.9716062615735845,-4.073333596022188,-2.838135692788779,-11.81669458953385,11.714269499836591,37.2767182788737,2.298956990491317,2.780502179930121,2.3188272083555126
2023-10-10,106.44135704040528,103.42129806518555,-4.086222298018226,-4.644749593820352,-5.992012963040361,-37.89869422751108,12.257157391059668,37.97008943531195,1.2041595639730112,2.7409632459084565,2.3094674502332952
2023-10-11,105.98150405883788,103.43492065429687,-7.123791691632393,-4.493276360269894,-8.545176954816524,317.06737690757274,13.9791529824073,34.71353341840582,2.1973860313943683,2.70219105920207,2.074510538428394
2023-10-12,105.42459716796876,103.47256088256836,-6.65070666736295,-2.3121342632176467,-10.167056407845,-46.17960268558311,15.05097308761709,34.25068473682258,1.643655470964437,2.602883722040158,2.1008823755330335
2023-10-13,105.10893974304199,103.53949996948242,-3.380412238904769,2.5193680534749907,-5.852608341333898,-2.9070326780617606,15.27186293576285,39.03447690918309,2.147993584559169,2.9178708396172817,2.491936724432809
2023-10-16,104.7535358428955,103.60241729736327,-2.9820162595736512,-0.8745055935496682,-6.536894227653023,-39.05504268987499,15.233503239406268,38.82354722007785,1.4097345109408874,2.4042365620277164,2.47401100917902
2023-10-17,104.47901077270508,103.69598937988282,-1.4531176751998438,0.8510773131018334,-5.06264188427239,7.1721222631693005,14.968260526556595,33.40868138933064,1.903225386658048,2.479128270851734,2.532507545986425
2023-10-18,104.3195644378662,103.80868209838867,0.07974659392679656,6.066296909684321,-2.963915634213754,18.229214074051605,14.725761172772822,38.0935154637186,1.4962394750489985,1.3020582753808805,2.2798866064435166
2023-10-19,104.23914833068848,103.88911376953125,0.21902740505077897,6.1519687571419235,-1.5162010606632137,-10.298413621724267,14.652955843507955,41.07981887734178,2.335869286906755,1.2836627883404583,2.12068934742062
2023-10-20,104.06075325012208,103.92341278076172,-1.3323853675181505,1.1013043600747396,-3.3582727012052005,7.022529502920483,14.619688110850259,41.095916520673924,2.2776366020814667,1.2626885618160355,2.125752303359399
2023-10-23,103.74740524291992,103.89622375488281,-2.48662636642474,-0.4547618963611888,-5.833281611218921,-18.980811127496622,14.530496069928725,38.176407116785334,2.083141930442495,1.4787099174528227,1.8820788133727264
2023-10-24,103.37675056457519,103.84778900146485,-3.0847579201266897,-2.693238131645881,-6.889433152186397,-7.692603794335994,14.448871367226298,43.44159142280949,1.5684075632576688,1.280205532625813,1.899732029086177
2023-10-25,102.84017829895019,103.85573822021485,-2.399344348004048,-3.860115966658939,-9.658907336931533,31.342598936024444,12.884473849101443,49.065427589875085,1.261628872625722,0.8695301504868872,1.473265965881072
2023-10-26,102.29159011840821,103.87903106689453,-2.770498200817748,-4.795614967005557,-9.935548760629075,-14.872569430270378,11.216345321423853,51.04523248231927,1.7100337955238594,0.7315810567978326,1.5148193181832696
2023-10-27,101.7356071472168,103.82634445190429,-4.101681557714547,-4.97839121497613,-10.231334456844776,23.03724897833048,10.349841587850515,35.771071441537686,4.642350908768916,0.7824336131154146,1.1863229956973549
2023-10-30,101.28499794006348,103.74944030761719,-3.3738838968983553,-3.261751164515192,-8.432062947106445,-16.075264160748315,9.762050831513815,37.80032610611666,1.142802338364807,0.917636676967042,1.199163172296791
2023-10-31,100.82375793457031,103.69656845092773,-2.9593607395911503,-2.3434072614007206,-8.616088988969018,14.475306890128437,8.648950857939264,47.837786589480615,1.5304702597403468,0.9341928893021034,1.0571585227149514
2023-11-01,100.55293006896973,103.65109146118164,-2.891017335622725,-2.7166362788706655,-5.255605204563674,30.649712420893206,8.844355846326057,47.23149276438849,1.6187041786751597,0.8813668640920038,0.8346396205260544
2023-11-02,100.55847625732422,103.68732498168946,0.2932262923783999,1.4033484076189318,0.11010631973469298,-13.014362650897537,8.846397220277158,47.476772583976036,3.381910384716992,1.8793403694906443,1.5016459277693752
2023-11-03,100.58666877746582,103.71376083374024,-0.9570686639084138,2.112741865394052,0.5692001161428317,21.191304382315266,8.778378272950398,43.34765512320276,2.0783057052695098,1.6946447681117471,1.4586478649571715
2023-11-06,100.35327644348145,103.66976257324218,-2.4859735766315354,-0.009440490724654804,-4.552825587929932,-37.49983636387439,8.921057971521659,33.55181703838416,2.3613865449537865,1.9656454633370561,1.4888087371687742
2023-11-07,100.06488723754883,103.57825454711914,-3.738319089506217,-1.5493422650673105,-5.649598662859711,6.153749482911186,9.473985358703182,24.1113489735784,1.5065729859104766,2.0904467647800304,1.5292470432273142
2023-11-08,99.90035705566406,103.45106719970703,-4.764105310134297,-2.565318037133124,-3.3430357271993505,-5.368849426563083,10.382768383306276,22.111621226265754,1.952785514690602,2.1289894250240318,1.5363314717581469
2023-11-09,99.73813705444336,103.30465347290038,-4.581417659009428,-5.636524987538816,-3.296715053114907,-4.188885587543856,11.170828272491423,24.907193291491836,1.0780891804795665,0.7005277318889852,1.5387136881193983
2023-11-10,99.45529327392578,103.16711364746094,-3.5758223493415104,-3.739096172704448,-5.570212885837977,-3.0195043660400933,11.570288438098425,31.42113373882424,1.445783132530119,1.1013312954141434,1.4850352296808702
2023-11-13,99.2191276550293,103.006650390625,-2.3308728024880256,-0.9728989455590087,-4.647567788071871,-14.120782025749623,11.621875639614323,38.4514672492272,1.2686015619155473,1.170505633723917,1.5289298858378237
2023-11-14,98.9350658416748,102.85346466064453,-1.6733140008426857,0.9918895230075275,-5.51786295044362,19.284183846776926,11.209280563728106,39.256380780358604,0.9109185347612268,0.8872417136287711,1.5362991638909316
2023-11-15,98.54952468872071,102.67040939331055,-1.8849324909130278,1.6301424798928377,-7.385650890752138,10.279565181676297,10.12404814395454,40.170130377247936,1.5917436499976017,0.647385172837941,1.5460695623732206
2023-11-16,98.10478172302246,102.47531982421874,-2.5810978427250792,0.4243882893908424,-8.514478345817666,11.577844430319395,8.779393750879233,42.51387159782088,2.069095389547746,0.9363239990191103,1.0172429468170356
2023-11-17,97.86629524230958,102.29618103027343,0.039071821229394864,2.0913521416279446,-4.645496811830164,2.295597064412913,7.624344639397751,50.12002589770411,2.5533539715629123,1.4156883640713533,1.347124739677694
2023-11-20,97.68168869018555,102.13526626586913,-0.211119223841564,0.5871723072531143,-3.64951943928008,-24.0423060357017,6.947321066344003,48.84050156685043,1.3875568882700366,1.4071761271659864,1.2314733759759127
2023-11-21,97.5442050933838,101.91204528808593,-0.10871887812566174,0.16301942147476378,-2.7445169629584543,-14.14644763672188,6.523850581055,49.33250913133778,1.416806184673857,1.4003385540979552,1.1083976718408046
2023-11-22,97.37649040222168,101.69983993530273,-0.36774372389853865,0.33763084773432706,-3.341839179832806,20.56841683901527,5.9454408412332045,34.991550069570096,2.0959525626395608,1.3824334637154407,1.0262073731126635
2023-11-24,97.28064765930176,101.45962982177734,0.26737171590445563,2.059321657758373,-1.9273085131933931,-47.53873395307659,5.6057598471334975,41.36944007909466,1.4918213284368695,1.2004745394771905,1.029400990490689
2023-11-27,97.2510986328125,101.24168548583984,-0.2872385559590204,-0.9527417909295122,-0.6057441098089034,89.99978904733779,5.607334263717545,45.92197760403296,1.1735294646470842,0.454951995811375,1.0426855310792789
2023-11-28,97.20350036621093,101.00524444580078,-0.29598316168493455,-0.5741644845019378,-0.9727057561189967,14.522441502206673,5.585149755775206,53.149072646043,0.9913439784068244,0.43450468780095286,0.9898920250242312
2023-11-29,97.08453178405762,100.74543121337891,-1.6726497735620527,-2.0295011969700516,-2.431900220265204,29.921229307545016,5.776622414369345,51.653457789606556,2.8727795061662857,0.749214888771147,1.0847085500255595
2023-11-30,96.99392395019531,100.51027297973633,-1.1961091488966908,-1.221030016761826,-1.855844606074375,9.150775498934793,5.865404906768281,53.32146036042626,2.5987987676232938,0.8285912786753695,1.087453326957747
2023-12-01,96.75460510253906,100.31009658813477,-0.7107071606664365,-1.5109432945731638,-4.7458784667490095,-39.00022902302878,4.573521480236634,50.88294538584656,1.941936150581825,0.7672953421535075,1.0220185781960973
2023-12-04,96.5506362915039,100.09614547729493,-1.0419685051503011,-1.4717140028836617,-4.094773170142396,20.61383109278072,3.7601752619322504,42.45871941028457,1.728013538208978,0.7638577884856513,0.595213534367832
2023-12-05,96.34212951660156,99.82122207641602,-2.7545005701567398,-3.330117019302681,-4.261392341113468,3.3748530703078927,4.392281073847163,32.919267280169635,2.04101490694326,1.035234263154162,0.8038800210956296
2023-12-06,96.14831161499023,99.51815933227539,-3.8487698109356816,-3.1561310712457047,-4.024285016599071,40.01968512784097,5.700907216898037,30.994113285934503,2.4013771245642817,1.0021793626913162,0.8428175758996341
2023-12-07,95.9814697265625,99.1321598815918,-4.35220326036443,-4.204790908839051,-3.5072553465143486,-3.7365028823808877,6.958987206490839,32.373405999373446,2.7941475829733453,0.8264081046062094,0.8438347971719412
2023-12-08,95.86594429016114,98.78073669433594,-3.1374401095145816,-3.3401237911768633,-2.4278027640634248,-26.39418219648091,7.525471588006594,23.191376909221532,1.0447020428383331,1.1586840553799242,0.9467828318365301
2023-12-11,95.71717185974121,98.46555877685547,-2.918673571759677,-2.743335321905549,-3.102691582839867,0.8036276495023698,8.022407106879355,24.845417589635957,1.2848812929196485,1.2071719197877042,0.9618146673103379
2023-12-12,95.44480094909667,98.15714065551758,-4.175987721385339,-2.3795342707332745,-5.62131610018578,17.219343618412488,8.877435179071325,21.460425623654046,1.2238622242660664,1.1083971361851082,1.0163250796785115
2023-12-13,95.19434928894043,97.86125503540039,-3.0714123061945124,-0.19172562636808888,-5.149111086920577,-23.64898021775801,9.181139068666056,28.154454369488306,1.3849526309611095,1.12620469948301,1.0539263800570666
2023-12-14,95.0973403930664,97.69504043579101,-0.36340199515127397,3.210740836311632,-2.0065561456270586,31.384255400343463,9.07657063642833,39.127354492161444,2.3823568865160945,1.5614982086885814,1.4174912234408286
2023-12-15,95.02458343505859,97.56254135131836,-0.9546174727252608,1.3561046316971304,-1.52254845016625,112.21293525493299,9.115722699407801,38.92915354267797,0.6838478007646822,1.6249969582343418,1.4219869225031136
2023-12-18,94.87020874023438,97.47767944335938,-0.05604420101347602,2.0377401060734934,-3.1535760293185944,-61.081275775748736,8.671858903934782,42.24673536961944,1.5641947303663857,1.6311209232670578,1.4450489079829694
2023-12-19,94.79978370666504,97.3484913635254,1.3366902745861975,5.038239551661161,-1.444979706181071,-12.520360567134347,8.378667132874732,52.274349427484786,1.3593567869869891,1.2061934640343752,1.338768826116873
2023-12-20,94.65100440979003,97.19590423583985,-0.19908316930746672,2.3756573875292952,-3.0538200390340497,11.024771617640061,7.973112337716824,45.29143306261459,2.774765756033702,1.7026415677589477,1.3877912998166264
2023-12-21,94.5446678161621,97.12510543823242,0.3670167652065244,0.14765725159107124,-2.1920913906810946,-8.280567347502732,7.633815081879177,46.0177119260543,1.1795975012665143,1.196629670599245,1.3501644502099484
2023-12-22,94.42060890197754,97.05803451538085,0.676718163495208,1.0009918804581464,-2.5437351254737894,-32.84573708242212,7.064640175561585,48.31608941796952,1.0990115850603717,1.1300350246573245,1.3201308780109093
2023-12-26,94.33572616577149,96.93240005493163,0.9947186815563053,0.4820460225691381,-1.7506692613114438,30.22401336654341,6.662830032285479,56.21339771449272,0.8909301333000318,1.0913873042000224,1.3187942514521633
2023-12-27,94.23125457763672,96.79633193969727,0.6315399650508268,-1.2913914884651323,-2.1559249204141318,-13.521155205493285,6.180617226029159,59.937575584097274,1.190248544441264,0.8615822701470243,1.1877705869759894
2023-12-28,94.13098106384277,96.60621932983399,-0.7179397782495317,-1.0664466161252384,-2.100834560267395,12.161029755199614,6.101338406103034,56.50254209786172,1.4771966472394622,0.7707156254438744,1.2985539565029673
2023-12-29,94.0022575378418,96.38335021972657,-0.7903611310708353,-1.7202379229499964,-2.686391759208806,8.678265449223165,5.913835431286973,51.69423357297269,0.9701875962592909,0.6790144207433896,0.9388308448496828
2024-01-02,93.97287445068359,96.20358703613282,1.6030445070015302,0.44154537913110303,-0.6117209534002965,32.32542938286076,5.74404944250898,59.13327735124756,2.198124254184948,1.4165993822176897,1.2094220390934334
2024-01-03,94.00971946716308,96.07573196411133,2.416547932625735,1.057378793182151,0.7712631165315731,0.033215517608486955,5.972183476244091,68.08954408891898,1.8988559012722943,1.4567382126899502,1.2150751265548172
2024-01-04,94.0974006652832,95.96122024536133,1.4289537196332336,0.6492354503120357,1.8717623985294862,-17.434910688439732,6.107959308812363,61.871546910046625,2.462858337160331,1.5142250157585313,1.1799895491121135
2024-01-05,94.26156883239746,95.8720866394043,1.5590435762095365,2.43536048463604,3.551586836556875,-18.39527305725128,6.0512051963986275,54.38585222625441,1.2374591312956869,1.2324486374373782,1.036957895500496
2024-01-08,94.37816581726074,95.74735488891602,-0.25648416254081396,0.9401749047320607,2.540124183959791,47.65596370850551,5.529489929046632,50.0768531422333,2.120490912084601,1.5657611344634432,1.1730408895287847
2024-01-09,94.38376197814941,95.61760543823242,-1.4977481593354152,-2.627973282221019,0.12053131386280391,-16.57459745572334,5.50102308772357,42.66664081632162,2.106951452493765,1.0584285628128156,1.2237419729765284
2024-01-10,94.34038772583008,95.50747100830078,-2.4214154364305127,-4.388687309872341,-0.9335475372934998,-6.619102817927224,5.776041311763784,33.63774042007812,1.6617685166459724,0.7341832336094799,1.234999978568537
2024-01-11,94.36930389404297,95.39086303710937,-2.4710818590351575,-3.5672424164303496,0.6323304708760524,-13.03244516947617,5.521890350702407,38.636414009073,0.95267300988165,0.8320952003599417,1.2377721366816632
2024-01-12,94.41734237670899,95.29868881225586,-1.2561615943165145,-2.611312870521887,1.0412528968708923,13.947099170108768,5.242046756106246,42.740553840241994,1.480743774009325,1.1828742786412574,1.2572403521534985
2024-01-16,94.23591613769531,95.16823486328126,-3.3030783641752515,-3.200547679328758,-3.829506682420636,12.16071656218649,6.0946319521489825,35.28580016860434,2.538646017970048,1.3454697653447993,1.4454696970142489
2024-01-17,94.05309143066407,94.9603874206543,-3.819250764058145,-2.6988914374876716,-3.885032656829146,-9.150659478051171,7.08555170836203,32.59103826198208,1.4229709276652651,1.307592841162129,1.1215389975409555
2024-01-18,93.8268928527832,94.77376907348633,-3.7663241456785306,-1.9150808149136167,-4.77126430224224,13.905026109660579,7.901512169273314,33.26442184197606,1.31197996180574,1.2883349460109057,1.0247450079997904
2024-01-19,93.54519348144531,94.62525817871094,-3.3269669948565164,-1.7431892396921222,-5.86464611697447,-4.068232069263578,8.218214346357394,37.727206820015375,0.6291830842271031,1.3028434673219857,1.0495545535678268
2024-01-22,93.33764991760253,94.50500930786133,-3.241940424576354,-3.131575790338703,-4.394196842715159,-0.6595846359092827,8.734983778273401,37.95718364649704,1.3736850188461478,0.9655930454926396,1.0195632364172615
2024-01-23,93.15948905944825,94.42875823974609,-1.9654934171112401,0.22520651884876397,-3.7550371292302764,-20.50771952154501,8.806240656988555,31.191892402030916,1.8077791613354663,0.682117707680103,1.0690512938278096
2024-01-24,93.05175247192383,94.38348068237305,-0.1578840870906143,2.7015746105643057,-2.26671732620376,9.248963021798605,8.605556339334845,35.70290104605124,1.917674388926472,0.8483956983113162,1.183878868662297
2024-01-25,93.05128555297851,94.37079696655273,2.3787713541896247,5.506175678985836,-0.009801592230229694,27.45952246315766,8.603258444500883,49.33512906486499,2.506606900459977,1.104682435822934,1.3688305400057537
2024-01-26,93.11378173828125,94.35419357299804,3.181596238850594,6.240323840816053,1.3181183709398692,-5.7597501075171476,8.925704469976003,51.24583052430738,1.834950863736344,0.9971072581598223,1.370285057150178
2024-01-29,93.25089988708496,94.33255294799805,3.1599055877060476,6.517252405207752,2.9344152513474775,-12.007858885921252,9.38968814458211,58.32706177195192,1.2993274251698932,0.9117426959374666,1.3384444968472742
2024-01-30,93.47803077697753,94.3547526550293,4.625565190952377,7.088123053460449,4.870954196047128,7.061007233519856,10.329767514795467,68.85007494645406,2.6514056459266646,0.9218791713545962,1.0392246388728836
2024-01-31,93.49901847839355,94.36128173828125,2.5669114410202196,3.2228858747187505,0.4396282984208355,14.300210597167906,10.413252381847327,63.91890853805804,2.0523301823337,1.707407532803067,1.2723850097679261
2024-02-01,93.46030769348144,94.31333694458007,2.1902196324924,0.2545860771872688,-0.804116702232438,-14.162647834291754,10.243091825544436,62.236845574636284,2.334211743232096,1.3655101796880873,1.2893753318757544
2024-02-02,93.44398422241211,94.26613845825196,1.78883139699025,-0.9999832445413137,-0.34206050868220705,14.202705722764764,10.188589479490062,57.043317959733514,2.343825989052943,1.2970898370830066,1.321592955595195
2024-02-05,93.39361457824707,94.21185043334961,1.4242304579088905,-1.5320406281198462,-1.0523146403321193,-21.76495216944123,10.020039694486368,65.44000251265484,1.851302015677704,1.2861508466233555,1.3395264715795658
2024-02-06,93.4556453704834,94.1790168762207,2.055596786764969,-2.47970741767769,1.317895934281732,-22.354850531385793,10.171235096579222,71.0968570015946,1.4376540055776197,0.9392175985335484,1.3233816103933673
2024-02-07,93.5745750427246,94.13517639160156,1.8959736891134413,-0.5738650010290836,2.5584490645285785,3.5878302954022834,10.302380159297558,71.9610235784683,1.5163402790528304,0.4784659629818691,1.248512665373247
2024-02-08,93.82082862854004,94.1353630065918,3.3683971337849195,1.54312092058273,5.350081377653493,42.02056875054243,10.645085044115094,75.17927908158433,2.221792374215885,0.9033880964401005,1.0995560604809922
2024-02-09,93.9654094696045,94.0956266784668,1.0254502184825678,-0.1961420661163782,3.141785884900461,3.939522022315134,10.521797743169222,65.45914895443148,3.0853881234380127,1.4185527410957721,1.284318312399609
2024-02-12,94.11558723449707,94.11111099243163,2.251780081308499,1.595279241523917,3.2216166037125626,-10.962004850444629,10.691610610993143,66.11520461564211,1.3569851223476277,1.5202235477868007,1.3681721899674784
2024-02-13,94.32974472045899,94.10256317138672,1.1413525844245673,0.031100972009401318,4.700392775976359,4.095613846839563,10.296925175517634,58.6408801690006,2.4570731732289754,1.584408608040225,1.2574019572305726
2024-02-14,94.55347938537598,94.07993713378906,0.4041965806295701,-0.43321297905798417,4.946545893108634,-6.692780191781111,9.530491899476361,48.69257115145637,2.1816785576479347,1.60125038651805,1.114314126974463
2024-02-15,94.92164840698243,94.12217391967773,2.881113005486111,0.6963848891220703,8.154978671966017,31.41411680726065,8.923442301016433,55.45067874589254,3.2199015320497457,1.9652566205251225,1.4442989117964131
2024-02-16,95.28282203674317,94.20153518676757,2.4911377274272013,2.873169454028268,7.9876533242286385,-13.126662441854952,8.053211616575918,55.074872293535854,1.0700863534459424,1.534862973586142,1.4297823094531616
2024-02-20,95.60392875671387,94.28725616455078,1.1818599622089931,0.5184919630217832,7.1110769442615185,-12.413033337634104,6.45687117347475,46.09962510754198,1.4306581223387955,1.5832246200895512,1.4675787477174491
2024-02-21,95.97305030822754,94.4253904724121,2.8527030742728354,3.4636014651616254,8.083386282494388,18.930878186968837,5.567117208650638,60.21272787026613,1.897954718287605,1.6670523157326378,1.5743425985731905
2024-02-22,96.25911598205566,94.54074935913086,2.459025342555414,3.887359788199496,6.158251351724453,-2.4800750787230874,5.211809001285642,61.58632570104078,1.870949478712674,1.6032026160135118,1.5759763779349938
2024-02-23,96.38387870788574,94.63747970581055,1.4277685289097883,0.10605447207685526,2.6192838161851473,-21.95723644037576,5.287365703195192,59.48957047152582,1.16525339671178,1.2087830620702817,1.539626475361914
2024-02-26,96.48736457824707,94.77121902465821,1.7190221249668034,0.5013036692269157,2.1542437646069335,-16.36903085272191,5.5159440344157655,62.28567359336518,1.812949054818645,1.2194277705840286,1.3302878233423563
2024-02-27,96.57443122863769,94.88458572387695,1.4128398635324584,1.2457275151377178,1.8101637554204242,22.44775761930424,5.662188585061999,59.50215861047623,1.2496424752592934,1.099639099857633,1.2871915689677575
2024-02-28,96.59493026733398,94.95378860473633,1.6739683251510948,-0.5054941046041095,0.4191950241721365,-9.471271393643033,5.753196435090242,60.42898446331919,1.3707825051371625,0.5016100871489526,1.2338387850668753
